source_index,target_index,source_cell_type,target_cell_type,distance_um,edge_cost,distance_decay_attention
1025,1040,epithelial,epithelial,16.232372,0.5486173629760742,0.64377785
1032,1025,epithelial,epithelial,13.499571,0.4538887143135071,0.69496655
6414,1093,epithelial,epithelial,16.772112,0.5720291137695312,0.6311479
1213,1424,epithelial,epithelial,14.606905,0.49125751852989197,0.6744362
1213,1215,epithelial,epithelial,16.550964,0.5590125322341919,0.638475
1980,2245,epithelial,epithelial,11.923146,0.40056928992271423,0.725364
6424,1093,epithelial,epithelial,18.58614,0.635201096534729,0.59971935
1756,1752,epithelial,epithelial,12.832165,0.43105924129486084,0.7078582
2249,2245,fibroblast,epithelial,11.632057,0.07754705101251602,1.0
5710,5711,epithelial,epithelial,10.313941,0.34956806898117065,0.75517297
5725,5637,epithelial,epithelial,15.184734,0.5115038752555847,0.66346955
1424,6396,epithelial,epithelial,17.336098,0.5869950652122498,0.62411475
2459,4210,fibroblast,epithelial,7.258862,0.048392415046691895,1.0
2459,2460,fibroblast,epithelial,8.756856,0.05837903916835785,1.0
2446,4210,fibroblast,epithelial,8.48671,0.05657806247472763,1.0
1592,1633,epithelial,epithelial,14.402001,0.48700249195098877,0.6763875
1820,1823,epithelial,epithelial,8.149135,0.2734728455543518,0.803205
6397,1032,epithelial,epithelial,13.831411,0.4664436876773834,0.6878157
2597,5004,epithelial,epithelial,12.74878,0.4296342432498932,0.7084737
5732,5725,epithelial,epithelial,16.232098,0.548121988773346,0.64409566
1463,1459,epithelial,epithelial,10.497697,0.35242849588394165,0.753939
1223,1215,epithelial,epithelial,16.064112,0.5424647331237793,0.6470248
1752,6238,epithelial,epithelial,8.435144,0.28287169337272644,0.7972098
1686,5901,epithelial,epithelial,11.234415,0.3781334161758423,0.7384238
4214,4215,epithelial,epithelial,8.082689,0.27050453424453735,0.8052359
2249,2250,fibroblast,epithelial,12.415354,0.08276902884244919,1.0
4512,1981,epithelial,epithelial,7.4615493,0.25038382411003113,0.8182068
5703,3213,epithelial,epithelial,16.51289,0.5622856020927429,0.63622713
951,952,epithelial,epithelial,9.71757,0.3270323574542999,0.7693198
5589,3102,epithelial,epithelial,9.659382,0.32464537024497986,0.77085924
2446,2447,fibroblast,epithelial,9.116572,0.060777150094509125,1.0
2460,2418,epithelial,fibroblast,13.62222,0.45974424481391907,0.6914742
357,352,epithelial,epithelial,7.111788,0.2402936816215515,0.8245795
5600,5598,epithelial,epithelial,14.821403,0.5023272633552551,0.66796607
6235,6579,epithelial,epithelial,18.035528,0.6112484931945801,0.61200696
5732,5600,epithelial,epithelial,14.852632,0.4998777508735657,0.66974366
5406,2395,epithelial,epithelial,15.469507,0.5200773477554321,0.65905565
863,1267,epithelial,epithelial,12.271275,0.41201430559158325,0.7187758
853,861,epithelial,epithelial,13.4565,0.45345309376716614,0.69506973
2234,2226,epithelial,epithelial,11.025592,0.3726896047592163,0.74142176
3036,3039,epithelial,epithelial,11.836568,0.40004676580429077,0.72532433
778,6543,epithelial,epithelial,13.873162,0.4675617218017578,0.68723845
2093,2081,epithelial,epithelial,8.895484,0.2988422214984894,0.7869906
3021,3036,epithelial,epithelial,14.479038,0.49208393692970276,0.6733049
791,789,epithelial,epithelial,9.428989,0.316269189119339,0.77615017
5607,5608,epithelial,epithelial,10.97627,0.37030333280563354,0.7429488
6202,1912,epithelial,epithelial,14.4886675,0.4898258447647095,0.6748703
2482,5406,epithelial,epithelial,14.237879,0.4786955714225769,0.6812838
1495,1593,epithelial,epithelial,15.334267,0.5162429809570312,0.6609914
5030,5023,epithelial,epithelial,17.24796,0.5828370451927185,0.62634706
6211,1716,epithelial,epithelial,14.458589,0.4895402789115906,0.6749277
6603,962,epithelial,epithelial,14.493056,0.4894823729991913,0.6751219
890,916,epithelial,epithelial,13.816367,0.46533703804016113,0.6885083
3213,3214,epithelial,epithelial,13.852735,0.4676271677017212,0.6870999
1124,5954,epithelial,epithelial,16.174685,0.5436051487922668,0.6467639
2445,4252,epithelial,epithelial,11.062863,0.3715936243534088,0.74241924
6665,6666,epithelial,epithelial,8.980355,0.3013283610343933,0.78548074
979,981,epithelial,epithelial,11.352604,0.38183099031448364,0.7362784
1412,6701,epithelial,epithelial,14.529388,0.48903027176856995,0.6755908
6766,1737,epithelial,epithelial,7.848999,0.2645833492279053,0.80875707
6663,852,endothelial,epithelial,20.901836,0.703068733215332,0.5690863
6601,962,epithelial,epithelial,13.439565,0.4541122019290924,0.69453335
2996,2995,epithelial,epithelial,7.37494,0.2487780749797821,0.81904864
5608,2980,epithelial,epithelial,13.448595,0.4528745412826538,0.69543535
1471,1462,epithelial,epithelial,17.06759,0.580571711063385,0.62701315
2062,4335,epithelial,epithelial,11.346762,0.3819015622138977,0.73619777
7012,7013,immune,epithelial,8.163377,0.27459797263145447,0.802378
5674,5681,epithelial,epithelial,13.860651,0.46729210019111633,0.6873664
4215,4219,epithelial,epithelial,13.342344,0.44829726219177246,0.69813114
5091,5090,epithelial,epithelial,10.946962,0.36653074622154236,0.7456112
2597,2596,epithelial,epithelial,13.019804,0.4402506649494171,0.7022597
1990,1988,epithelial,epithelial,14.276719,0.48161980509757996,0.67947036
3160,6782,epithelial,epithelial,7.826035,0.26225578784942627,0.8105176
1495,1497,epithelial,epithelial,13.021484,0.4371815621852875,0.7044262
1267,1223,epithelial,epithelial,12.99165,0.43656349182128906,0.70472157
4537,694,epithelial,epithelial,10.545435,0.35876014828681946,0.74941885
2564,6953,epithelial,epithelial,17.87698,0.6139726638793945,0.6096972
2394,2652,epithelial,epithelial,13.914983,0.46917399764060974,0.6863226
5674,5581,epithelial,epithelial,12.775285,0.4320286512374878,0.70690423
5710,5703,epithelial,epithelial,12.724964,0.43108096718788147,0.70733714
6714,1296,epithelial,epithelial,5.8456388,0.19614455103874207,0.85455567
871,873,epithelial,epithelial,13.009437,0.44016221165657043,0.7022733
1010,791,epithelial,epithelial,12.740315,0.42844006419181824,0.7092802
4218,2093,epithelial,epithelial,12.687772,0.4277722239494324,0.7095055
1412,6749,epithelial,immune,12.770097,0.4274477958679199,0.7101253
1748,6065,epithelial,epithelial,9.397709,0.31525564193725586,0.77677524
2271,4252,epithelial,epithelial,12.652702,0.425787091255188,0.71074915
2492,5402,epithelial,epithelial,18.015442,0.614055871963501,0.6102095
6568,854,epithelial,epithelial,15.6048,0.5227195024490356,0.65790975
4303,4304,epithelial,epithelial,12.942904,0.43712204694747925,0.70409924
2937,2936,epithelial,epithelial,14.667666,0.49198490381240845,0.6742189
1612,1582,fibroblast,epithelial,13.427375,0.08951583504676819,1.0
3078,2702,epithelial,epithelial,11.128284,0.3738701641559601,0.7410541
6308,1820,epithelial,epithelial,12.548226,0.42117953300476074,0.71353436
3112,5711,epithelial,epithelial,12.349911,0.4200170636177063,0.71342045
925,873,epithelial,epithelial,12.360328,0.4193911552429199,0.7139167
1737,1747,epithelial,epithelial,12.411435,0.4185101389884949,0.71478945
1823,1826,epithelial,epithelial,12.450506,0.4181198179721832,0.7152548
1912,6216,epithelial,epithelial,12.380208,0.41809597611427307,0.71493673
2219,2234,epithelial,epithelial,12.359148,0.4178929924964905,0.71498144
2816,5511,epithelial,epithelial,13.499223,0.4591652452945709,0.6913076
6308,6220,epithelial,epithelial,14.816432,0.5005373954772949,0.6691405
468,482,epithelial,epithelial,12.4663725,0.4206969439983368,0.71348935
567,564,epithelial,epithelial,12.723859,0.42764854431152344,0.70976394
2623,7012,epithelial,immune,12.148517,0.41020727157592773,0.7194868
4308,4303,fibroblast,epithelial,11.734586,0.07823057472705841,1.0
372,357,epithelial,epithelial,12.13272,0.408416211605072,0.7207006
4225,4278,epithelial,epithelial,8.774006,0.29709893465042114,0.7877255
4308,4306,fibroblast,epithelial,11.33271,0.07555139809846878,1.0
1612,1614,fibroblast,epithelial,14.918819,0.09945879876613617,1.0
1994,4306,epithelial,epithelial,11.97689,0.40620970726013184,0.72154266
5090,5083,epithelial,epithelial,12.098694,0.4057479500770569,0.72246236
679,685,epithelial,epithelial,13.868246,0.4711650013923645,0.6847441
1628,1604,epithelial,epithelial,12.397814,0.41668447852134705,0.7160306
2025,2169,epithelial,epithelial,13.520132,0.45510005950927734,0.69422036
1716,6202,epithelial,epithelial,11.929718,0.40170180797576904,0.72457474
4722,567,epithelial,epithelial,9.41994,0.31621667742729187,0.7761441
2649,2652,epithelial,epithelial,11.829163,0.39837202429771423,0.72650427
1877,6314,epithelial,epithelial,12.448657,0.42535269260406494,0.71009135
1988,4509,epithelial,epithelial,11.783167,0.3959141671657562,0.7280688
1000,997,epithelial,epithelial,13.726853,0.46125051379203796,0.6909152
1686,871,epithelial,epithelial,11.655713,0.3923856019973755,0.73002183
1587,1592,epithelial,epithelial,11.660285,0.39208102226257324,0.73026645
1784,5996,immune,immune,22.62345,0.7813069820404053,0.5323341
940,6235,epithelial,epithelial,11.576986,0.39035746455192566,0.7311201
1603,1604,epithelial,epithelial,11.622217,0.39029592275619507,0.7313856
2334,2331,epithelial,epithelial,17.785181,0.6036875247955322,0.61562353
1462,1463,epithelial,epithelial,11.601684,0.3899262547492981,0.7315559
1992,1997,epithelial,epithelial,13.374229,0.45569896697998047,0.6931302
1599,1508,epithelial,epithelial,13.496681,0.4547768235206604,0.69433624
5944,5954,immune,epithelial,11.534687,0.38715457916259766,0.7332587
2034,4380,epithelial,epithelial,12.691986,0.4271486699581146,0.709968
1298,1296,epithelial,epithelial,11.419268,0.3840809762477875,0.73495024
6600,6601,epithelial,epithelial,12.220313,0.4130813181400299,0.7177654
4184,4235,epithelial,epithelial,11.523409,0.3949005901813507,0.72754616
1826,1825,epithelial,epithelial,12.071083,0.40609151124954224,0.72208124
897,898,epithelial,epithelial,14.103841,0.474587619304657,0.68347716
957,958,epithelial,epithelial,12.1474495,0.40937936305999756,0.7200776
2250,2219,epithelial,epithelial,11.267029,0.37922123074531555,0.7377814
73,4684,epithelial,epithelial,12.552606,0.4241335988044739,0.7114504
1508,1504,epithelial,epithelial,13.27735,0.4484885334968567,0.69769526
3678,3620,fibroblast,fibroblast,22.540611,0.7520121932029724,0.54785675
5511,3270,epithelial,epithelial,10.945227,0.3755142390727997,0.73893446
6923,3153,epithelial,epithelial,12.615485,0.42469173669815063,0.7113516
2297,4184,epithelial,epithelial,11.002698,0.3730533719062805,0.741039
4280,2290,epithelial,epithelial,11.342742,0.38176482915878296,0.7362787
2733,2730,epithelial,epithelial,16.963497,0.5757110714912415,0.62963116
579,584,epithelial,epithelial,9.977082,0.33547598123550415,0.7641722
5038,5524,epithelial,epithelial,13.558341,0.4577662944793701,0.6925483
1549,1435,epithelial,epithelial,12.267434,0.41231971979141235,0.7185379
757,4639,epithelial,epithelial,9.020714,0.30225542187690735,0.7849641
1887,1877,immune,epithelial,10.866891,0.36852753162384033,0.74372673
3594,4639,fibroblast,epithelial,14.461521,0.09641014039516449,1.0
2111,2112,epithelial,epithelial,12.924845,0.43492236733436584,0.70556474
1628,1602,epithelial,epithelial,13.166644,0.44303953647613525,0.70098984
5681,5589,epithelial,epithelial,10.936162,0.36755508184432983,0.7447942
3148,6155,epithelial,epithelial,13.885888,0.4685789942741394,0.68659794
2995,3002,epithelial,epithelial,10.871074,0.36713138222694397,0.74478656
5537,2963,epithelial,epithelial,12.3616905,0.41630738973617554,0.7161282
952,940,epithelial,epithelial,10.859631,0.36639830470085144,0.7452759
6781,6783,epithelial,epithelial,11.898698,0.4000445306301117,0.72562647
6909,6908,immune,epithelial,14.609259,0.5021191835403442,0.6671608
5030,5027,epithelial,epithelial,10.887726,0.36603718996047974,0.74568474
6759,6755,fibroblast,fibroblast,21.928267,0.7312948107719421,0.5570466
763,6543,epithelial,epithelial,10.838611,0.36492881178855896,0.7462673
1806,1804,epithelial,epithelial,12.276215,0.4151008427143097,0.71658427
1743,1746,epithelial,epithelial,12.85001,0.4317161440849304,0.7074775
4067,4065,fibroblast,fibroblast,21.767859,0.7258808016777039,0.559472
1651,1653,epithelial,epithelial,10.978253,0.36990484595298767,0.7432547
2027,2029,epithelial,epithelial,10.845956,0.3637218475341797,0.74720514
2882,2880,epithelial,epithelial,9.938207,0.3338526487350464,0.7652154
1825,1755,epithelial,epithelial,10.717257,0.3617868423461914,0.74801034
1987,1984,epithelial,epithelial,10.689928,0.35968971252441406,0.7494441
2169,2027,epithelial,epithelial,10.748544,0.3601011633872986,0.74942863
5581,3078,epithelial,epithelial,10.661598,0.36009517312049866,0.7489988
3171,5822,epithelial,epithelial,13.856093,0.4692825675010681,0.6859788
2120,4781,epithelial,epithelial,14.178716,0.4791206121444702,0.6807257
718,156,epithelial,epithelial,15.029044,0.507198691368103,0.66564083
1886,1887,epithelial,immune,10.8571205,0.36583226919174194,0.7456854
5041,5042,epithelial,epithelial,7.1678534,0.2414897084236145,0.8239017
5194,5187,epithelial,epithelial,11.203964,0.37616613507270813,0.73972774
352,4624,epithelial,epithelial,10.497335,0.35607847571372986,0.7511903
3203,3204,epithelial,epithelial,7.665742,0.2578047811985016,0.8132637
1437,1443,epithelial,epithelial,10.855238,0.36511507630348206,0.74621105
1653,1005,epithelial,epithelial,10.567694,0.3553827106952667,0.75206584
957,6600,epithelial,epithelial,10.536986,0.3549484610557556,0.75223845
2936,4992,epithelial,epithelial,10.584224,0.3547007441520691,0.7526618
2881,2834,epithelial,immune,11.8972435,0.4008045196533203,0.7250682
6926,3151,epithelial,epithelial,11.490075,0.3860703706741333,0.7338359
2271,4238,epithelial,epithelial,11.777834,0.39819490909576416,0.72638434
1461,1467,epithelial,epithelial,12.093967,0.40811824798583984,0.72072923
4531,4542,epithelial,epithelial,13.732792,0.46653950214385986,0.6872978
2428,2429,epithelial,epithelial,11.969216,0.4013995826244354,0.72498465
2082,4214,epithelial,epithelial,10.477764,0.351242333650589,0.7547335
6598,958,epithelial,epithelial,10.46506,0.35120272636413574,0.75469947
4846,4838,fibroblast,fibroblast,21.008055,0.7018539309501648,0.57018167
5359,3255,epithelial,epithelial,10.036835,0.33642977476119995,0.7637479
1256,5918,epithelial,epithelial,16.424725,0.5562106966972351,0.6397278
1986,1987,epithelial,epithelial,11.03764,0.3707481324672699,0.74292225
4352,2062,epithelial,epithelial,10.379382,0.35025179386138916,0.7549861
1836,1843,epithelial,epithelial,13.139404,0.4516447186470032,0.69485736
2025,2047,epithelial,epithelial,10.411414,0.3493081033229828,0.7558603
1586,1582,epithelial,epithelial,10.429102,0.3492165803909302,0.75601864
1882,1886,epithelial,epithelial,5.503471,0.18467316031455994,0.8624455
1443,6704,epithelial,epithelial,10.317616,0.3468765616416931,0.7572268
1459,1455,epithelial,epithelial,10.336893,0.34676527976989746,0.75740844
1040,1043,epithelial,epithelial,10.312748,0.3465350866317749,0.75746083
6462,1250,epithelial,epithelial,17.64479,0.6023207902908325,0.6158888
4358,2492,epithelial,epithelial,14.35829,0.48385438323020935,0.6783225
411,412,epithelial,epithelial,11.048824,0.37012994289398193,0.7434371
2066,4376,epithelial,epithelial,15.331729,0.517941415309906,0.65985847
1984,1959,epithelial,epithelial,10.191479,0.3428756296634674,0.7596234
2151,2149,epithelial,epithelial,6.890404,0.23309017717838287,0.8293159
2014,2017,epithelial,epithelial,10.81749,0.36704695224761963,0.7445835
5576,1695,epithelial,epithelial,11.737316,0.3952159285545349,0.7283547
2228,2290,epithelial,epithelial,10.176453,0.34225374460220337,0.76001984
1077,6420,epithelial,epithelial,16.263626,0.548178493976593,0.64419466
4380,4381,epithelial,epithelial,10.17805,0.34188947081565857,0.76030487
1997,4512,epithelial,epithelial,10.073975,0.3409649431705475,0.7604803
1403,1297,epithelial,epithelial,10.261394,0.3452322483062744,0.7581887
4068,4071,fibroblast,fibroblast,20.334167,0.6780620813369751,0.5812926
3483,3467,fibroblast,fibroblast,20.298538,0.676939845085144,0.58180714
5460,5452,epithelial,epithelial,10.2734585,0.3461611568927765,0.7575457
6397,6396,epithelial,epithelial,10.035556,0.33811572194099426,0.7624548
6261,6260,epithelial,epithelial,10.704652,0.3594323396682739,0.7497106
4235,4237,epithelial,epithelial,11.828168,0.40639981627464294,0.7206906
701,398,epithelial,epithelial,11.290391,0.39013761281967163,0.729885
2490,2401,epithelial,epithelial,11.054596,0.3718142807483673,0.7422145
3637,326,epithelial,epithelial,12.385926,0.4230107069015503,0.71145874
5135,5137,epithelial,epithelial,12.813084,0.43045780062675476,0.70819396
685,684,epithelial,epithelial,9.983275,0.33641892671585083,0.7634835
5186,5187,fibroblast,epithelial,12.952267,0.08634844422340393,1.0
1178,1200,epithelial,epithelial,10.342648,0.3469151258468628,0.757324
3718,3721,fibroblast,fibroblast,20.087603,0.6697551012039185,0.58517885
4551,694,epithelial,epithelial,9.883966,0.33479833602905273,0.7642157
4218,4223,epithelial,epithelial,14.099421,0.47695550322532654,0.6818406
73,4686,epithelial,epithelial,9.907516,0.3334011435508728,0.76540434
1297,1298,epithelial,epithelial,9.86969,0.33283504843711853,0.76564467
3124,6781,epithelial,epithelial,9.844568,0.3325949013233185,0.7657003
5387,5389,epithelial,epithelial,10.460397,0.3536674678325653,0.7528182
6216,6220,epithelial,epithelial,9.862351,0.3317424952983856,0.76644415
1833,884,epithelial,epithelial,12.260061,0.41293710470199585,0.7180591
4308,4510,fibroblast,epithelial,12.827373,0.0855158194899559,1.0
3661,3660,fibroblast,fibroblast,19.865353,0.6624318361282349,0.58860725
2342,2340,epithelial,epithelial,10.208334,0.34316641092300415,0.7594879
5459,5460,epithelial,epithelial,9.801759,0.3301941752433777,0.7673217
1524,6666,epithelial,epithelial,9.830912,0.3301011621952057,0.76754224
951,6563,epithelial,epithelial,9.828073,0.32987290620803833,0.76770294
6414,1077,epithelial,epithelial,9.836086,0.3294921815395355,0.7680363
2154,4824,epithelial,epithelial,12.697645,0.4266335666179657,0.7103606
3620,454,fibroblast,epithelial,29.595644,0.6013681888580322,0.66760147
6327,1490,epithelial,epithelial,10.706212,0.36030149459838867,0.74906707
1255,1265,epithelial,epithelial,19.268023,0.6576570272445679,0.58907396
3091,3092,epithelial,epithelial,8.851672,0.2976994514465332,0.78766036
2106,2104,epithelial,epithelial,10.455716,0.35088127851486206,0.7548951
3102,3101,epithelial,epithelial,9.72879,0.3270614743232727,0.76935494
492,512,epithelial,epithelial,12.263281,0.4125785231590271,0.71833205
1554,1549,epithelial,epithelial,9.675732,0.32487577199935913,0.77076566
845,5917,epithelial,epithelial,9.765006,0.3283768594264984,0.7685291
1464,1471,epithelial,epithelial,9.64215,0.3244965672492981,0.7708854
854,864,epithelial,epithelial,9.696192,0.324326753616333,0.7712942
997,1005,epithelial,epithelial,9.65329,0.32393530011177063,0.7713755
1189,1178,epithelial,epithelial,9.648992,0.3237202763557434,0.77151924
2828,2668,epithelial,epithelial,13.381148,0.45148807764053345,0.6960871
3151,2694,epithelial,epithelial,9.60654,0.3223429322242737,0.772364
6926,6923,epithelial,epithelial,9.587191,0.32209476828575134,0.77245605
1990,1992,epithelial,epithelial,9.578947,0.3216380178928375,0.7727665
2228,4282,epithelial,epithelial,15.04232,0.5126610994338989,0.6620733
1603,1599,epithelial,epithelial,9.560134,0.3208657503128052,0.7732665
847,5917,epithelial,epithelial,9.551681,0.32063817977905273,0.77339894
2437,6994,epithelial,epithelial,7.485812,0.2511543333530426,0.81770885
5521,3292,epithelial,epithelial,12.734218,0.42921337485313416,0.7087031
2816,4997,epithelial,epithelial,12.434951,0.4170587658882141,0.7159399
1738,6210,epithelial,epithelial,10.430693,0.35065674781799316,0.75493866
2344,2342,epithelial,epithelial,9.491316,0.3182494640350342,0.7749366
2017,2008,epithelial,epithelial,9.444061,0.31814512610435486,0.77477336
3139,6920,epithelial,epithelial,15.113169,0.5111097097396851,0.66341454
5363,5516,epithelial,epithelial,12.378671,0.41942718625068665,0.7139783
412,409,epithelial,epithelial,9.45069,0.31750109791755676,0.77530676
2445,2447,epithelial,epithelial,9.4519415,0.31744545698165894,0.77535635
2960,5537,epithelial,epithelial,9.420293,0.3173106908798218,0.7752973
6260,6241,epithelial,epithelial,9.382851,0.3167259395122528,0.77555716
4775,482,epithelial,epithelial,9.371142,0.3156874179840088,0.7763024
612,7135,epithelial,epithelial,11.36667,0.38122737407684326,0.7367921
6755,1311,fibroblast,epithelial,26.560102,0.4831947088241577,0.73629284
6317,6241,epithelial,epithelial,9.90577,0.3343624770641327,0.76466
2312,2725,epithelial,epithelial,9.848675,0.33114978671073914,0.7668286
5988,1127,epithelial,epithelial,13.090262,0.4396015703678131,0.70304585
1797,1806,epithelial,epithelial,9.320857,0.31429511308670044,0.77712345
3203,5352,epithelial,endothelial,9.337669,0.31409206986427307,0.77736837
3707,3705,fibroblast,fibroblast,18.765966,0.6256593465805054,0.6061954
6457,1070,fibroblast,epithelial,16.331863,0.14115558564662933,0.96823883
1563,6643,epithelial,epithelial,11.006612,0.3707890510559082,0.7427382
5825,3180,epithelial,epithelial,10.729793,0.360277384519577,0.7492029
3157,3160,epithelial,epithelial,9.287174,0.31118378043174744,0.77937007
2696,3121,epithelial,epithelial,9.244894,0.31251344084739685,0.7781151
5351,5387,epithelial,epithelial,9.232933,0.3110695481300354,0.7791773
6643,6629,epithelial,epithelial,9.700711,0.3259427547454834,0.7700719
1985,1986,epithelial,epithelial,9.235292,0.309958279132843,0.78005594
3121,6767,epithelial,epithelial,9.133234,0.3098284602165222,0.77962655
4238,2268,epithelial,epithelial,9.153087,0.3096655607223511,0.7798568
6251,844,epithelial,epithelial,11.411304,0.38546621799468994,0.7338939
2834,4112,immune,epithelial,9.150473,0.3079177141189575,0.78120744
1361,1363,epithelial,epithelial,13.88734,0.46738719940185547,0.68742335
1618,1614,fibroblast,epithelial,13.124297,0.08749531209468842,1.0
1504,1562,epithelial,epithelial,9.091572,0.3059671223163605,0.78242546
6470,1104,epithelial,epithelial,18.172045,0.6107913851737976,0.6128443
5386,5753,epithelial,epithelial,9.533445,0.3227989673614502,0.7716358
907,902,epithelial,epithelial,10.758048,0.3616577982902527,0.7483103
4381,2106,epithelial,epithelial,9.076479,0.30430537462234497,0.78364784
5893,899,epithelial,epithelial,9.908979,0.33239424228668213,0.7661829
387,2126,epithelial,epithelial,9.3086405,0.31498855352401733,0.7765215
2488,2490,epithelial,epithelial,8.980719,0.3025365471839905,0.7845342
4280,4278,epithelial,epithelial,8.95764,0.30219998955726624,0.78467757
6782,6783,epithelial,epithelial,9.007649,0.30214181542396545,0.7849849
606,4550,epithelial,epithelial,10.175479,0.34513071179389954,0.7578315
5906,5901,epithelial,epithelial,8.977363,0.30191221833229065,0.78500664
2412,2428,fibroblast,epithelial,18.09887,0.2053142786026001,0.9188291
2104,2111,epithelial,epithelial,8.98664,0.30150753259658813,0.7853729
6052,6051,fibroblast,fibroblast,18.06361,0.6023138761520386,0.6176151
4517,4515,epithelial,epithelial,11.321404,0.3816557824611664,0.7362543
1464,2980,epithelial,epithelial,17.635466,0.6015142202377319,0.61634743
1748,1747,epithelial,epithelial,8.943921,0.3003600835800171,0.78605074
1945,1946,epithelial,epithelial,10.439974,0.3514174222946167,0.7544113
1462,1461,epithelial,epithelial,8.882394,0.2989780306816101,0.78681505
138,140,epithelial,epithelial,7.986779,0.26803067326545715,0.8067145
2314,2312,epithelial,epithelial,8.908392,0.29866862297058105,0.78719497
3718,3724,fibroblast,fibroblast,17.880075,0.5961475968360901,0.6206754
6334,6327,epithelial,epithelial,8.867054,0.297749787569046,0.7877015
2149,2147,epithelial,epithelial,8.779481,0.2969854176044464,0.7878437
2134,4594,epithelial,epithelial,10.09681,0.3435811996459961,0.75860876
6314,6317,epithelial,epithelial,8.766613,0.29601001739501953,0.7885449
584,582,epithelial,epithelial,8.825665,0.29600560665130615,0.7888589
327,326,epithelial,epithelial,9.021043,0.3050920367240906,0.7827423
5452,3274,epithelial,epithelial,17.347113,0.5911445021629333,0.621576
817,1241,epithelial,epithelial,12.466114,0.4189709424972534,0.71472067
1743,1698,epithelial,epithelial,8.808285,0.29507023096084595,0.7895056
3967,3965,fibroblast,fibroblast,17.678045,0.5894884467124939,0.62398136
4864,4871,epithelial,epithelial,10.456877,0.3514503836631775,0.7544714
1559,6629,epithelial,epithelial,8.734605,0.29401880502700806,0.78994805
4566,2012,epithelial,epithelial,12.680839,0.4288572669029236,0.7087033
5136,2945,epithelial,epithelial,14.51797,0.4901958107948303,0.6747525
4824,4825,epithelial,epithelial,8.843841,0.29664483666419983,0.7884503
1602,1608,epithelial,epithelial,8.670228,0.29234662652015686,0.79093057
3126,6883,epithelial,epithelial,11.285067,0.3798018991947174,0.7374418
4557,4561,epithelial,epithelial,12.346021,0.41773247718811035,0.71503365
387,383,epithelial,epithelial,8.645914,0.29085463285446167,0.7919831
4838,4844,fibroblast,epithelial,27.107925,0.5125518441200256,0.7176076
135,139,epithelial,epithelial,11.962093,0.4074694514274597,0.72056323
5546,2996,epithelial,epithelial,8.602637,0.28983986377716064,0.7925585
6731,6730,epithelial,epithelial,9.180464,0.30785566568374634,0.7814121
1168,1166,epithelial,epithelial,10.718813,0.3600011467933655,0.749355
889,890,epithelial,epithelial,8.596562,0.2889202833175659,0.7932555
4825,2164,epithelial,epithelial,8.587578,0.2885057032108307,0.79353696
898,6261,epithelial,epithelial,8.58704,0.28827300667762756,0.79371876
5749,3209,epithelial,epithelial,9.399053,0.31562960147857666,0.77649176
6570,948,fibroblast,epithelial,16.558167,0.14968577027320862,0.96146417
6663,6570,endothelial,fibroblast,8.6121235,0.2878853678703308,0.7941593
5389,5386,epithelial,epithelial,8.517914,0.2876780033111572,0.79382527
6665,6664,epithelial,epithelial,8.570173,0.28736773133277893,0.7943483
5281,5279,epithelial,epithelial,10.063317,0.3370375335216522,0.7634186
6731,1360,epithelial,epithelial,8.531543,0.2865835130214691,0.7947668
1363,1360,epithelial,epithelial,8.532726,0.2862984538078308,0.79499966
327,4488,epithelial,epithelial,8.413317,0.28611981868743896,0.79450893
3129,3127,epithelial,epithelial,10.147918,0.3401571214199066,0.76147014
6210,6211,epithelial,epithelial,8.513312,0.2858720123767853,0.7952358
3989,3983,fibroblast,epithelial,29.216253,0.5715378522872925,0.6860788
3258,5466,epithelial,epithelial,13.607203,0.4576813876628876,0.6928327
4390,2054,epithelial,epithelial,12.263566,0.4120851159095764,0.71868795
700,701,epithelial,epithelial,8.197522,0.28529155254364014,0.79402417
4761,2145,epithelial,epithelial,8.451926,0.28566378355026245,0.79507595
4665,4661,epithelial,epithelial,12.029067,0.4043946862220764,0.72310495
285,4449,epithelial,epithelial,8.965107,0.3010612428188324,0.78561074
4161,4094,epithelial,epithelial,12.125333,0.4067407250404358,0.72187364
465,4436,epithelial,epithelial,9.348163,0.3138797879219055,0.77758783
2313,7101,epithelial,epithelial,12.769632,0.42993301153182983,0.7083605
4592,4591,epithelial,epithelial,9.554658,0.32151684165000916,0.772735
5446,3253,epithelial,epithelial,10.770829,0.3621404469013214,0.748013
2143,4761,epithelial,epithelial,8.356276,0.2825961709022522,0.7970103
3935,3976,fibroblast,fibroblast,16.951504,0.5651883482933044,0.6362407
3582,3941,fibroblast,fibroblast,16.930584,0.5645128488540649,0.63658184
5197,3205,immune,epithelial,13.419342,0.45142674446105957,0.6963071
1104,1114,epithelial,epithelial,16.766397,0.5635873675346375,0.6364742
4382,2034,epithelial,epithelial,12.032594,0.40531882643699646,0.722454
3548,3650,fibroblast,fibroblast,16.875095,0.56261146068573,0.63755745
5457,5524,epithelial,epithelial,8.361107,0.28093087673187256,0.7983644
3952,3685,fibroblast,fibroblast,16.803875,0.5604469776153564,0.6386357
6916,6925,epithelial,epithelial,12.96327,0.43582451343536377,0.7051091
6896,2744,epithelial,epithelial,12.771918,0.4294659197330475,0.70870227
1287,6714,epithelial,epithelial,8.326649,0.2795811593532562,0.79925907
5985,1125,epithelial,epithelial,12.821516,0.43100225925445557,0.7078483
1124,5958,epithelial,epithelial,16.540258,0.5560617446899414,0.64031607
3947,3948,fibroblast,fibroblast,16.646595,0.5550587177276611,0.6414132
6568,853,epithelial,epithelial,8.277122,0.2771837115287781,0.80091304
3170,3171,epithelial,epithelial,14.323136,0.4809396266937256,0.6801431
3101,3091,epithelial,epithelial,8.233311,0.2768825590610504,0.8009203
4767,4758,epithelial,epithelial,10.010834,0.3378140330314636,0.76255924
3676,3623,fibroblast,fibroblast,16.590538,0.5535706281661987,0.64212835
1586,6378,epithelial,epithelial,12.910845,0.43282151222229004,0.7069826
899,897,epithelial,epithelial,8.200055,0.2748959958553314,0.8023351
4019,4020,fibroblast,epithelial,26.887142,0.4919959604740143,0.731434
5052,5046,epithelial,epithelial,8.168251,0.27467280626296997,0.802344
3710,3708,fibroblast,fibroblast,16.355541,0.5452632308006287,0.64647144
984,979,epithelial,epithelial,8.104746,0.2724440097808838,0.8037939
2330,2334,epithelial,epithelial,9.88085,0.33172696828842163,0.76655054
3594,318,fibroblast,epithelial,12.738985,0.08492656797170639,1.0
6341,1508,epithelial,epithelial,16.088928,0.5431337952613831,0.646699
1200,1201,epithelial,epithelial,8.39273,0.28120872378349304,0.7983109
4617,1963,epithelial,epithelial,9.280906,0.31530606746673584,0.77613145
6756,6730,fibroblast,epithelial,18.057798,0.19874921441078186,0.9246279
5046,5031,epithelial,epithelial,8.0299,0.270971417427063,0.8045769
3461,3463,fibroblast,fibroblast,16.243649,0.541540801525116,0.64839846
3114,3104,epithelial,epithelial,12.549153,0.4220673739910126,0.7129055
4237,2268,epithelial,epithelial,7.9190845,0.26970022916793823,0.8050054
6758,6763,fibroblast,fibroblast,16.146082,0.5385013818740845,0.6499494
2621,2624,epithelial,epithelial,8.627965,0.2899496853351593,0.7926053
1455,6335,epithelial,epithelial,15.943392,0.5376060009002686,0.64965314
1358,6731,epithelial,epithelial,15.868369,0.537514328956604,0.64938784
1256,1255,epithelial,epithelial,15.887593,0.5372552275657654,0.64963937
7,9,epithelial,epithelial,15.931487,0.5367928147315979,0.65013003
3533,3532,fibroblast,fibroblast,16.089909,0.5364571809768677,0.6510355
3677,3676,fibroblast,fibroblast,16.048717,0.5352382659912109,0.65165055
4064,3733,fibroblast,fibroblast,16.042765,0.5350046157836914,0.65177697
1843,889,epithelial,epithelial,15.744416,0.5345414280891418,0.65078324
4992,5041,epithelial,epithelial,7.9327364,0.2672441005706787,0.80705845
3985,3984,fibroblast,fibroblast,16.020733,0.5341328978538513,0.6522496
5457,5459,epithelial,epithelial,15.779438,0.5334877371788025,0.65162146
3690,3479,fibroblast,fibroblast,15.996392,0.5334334373474121,0.65260005
3145,3148,epithelial,epithelial,7.940618,0.26636236906051636,0.8078128
5186,2930,fibroblast,epithelial,11.30884,0.07539226859807968,1.0
4449,284,epithelial,epithelial,7.9230056,0.2660192847251892,0.80799514
3725,20,fibroblast,fibroblast,15.9531975,0.531886637210846,0.65342206
4907,2926,epithelial,epithelial,12.975048,0.43709051609039307,0.70427233
6973,2438,epithelial,epithelial,6.7180166,0.22741718590259552,0.833076
6994,6981,epithelial,epithelial,7.915114,0.2656468451023102,0.8082536
452,4471,epithelial,epithelial,12.916748,0.43552282452583313,0.70510316
3371,3372,fibroblast,fibroblast,15.929725,0.531038761138916,0.65387404
6353,6356,epithelial,epithelial,8.071234,0.27083104848861694,0.8049116
2081,2082,epithelial,epithelial,7.852508,0.2636435925960541,0.8095364
6232,861,epithelial,epithelial,7.8249073,0.26303839683532715,0.80987746
2363,6967,fibroblast,fibroblast,15.747341,0.5251250863075256,0.656953
2109,2112,epithelial,epithelial,10.044331,0.33807268738746643,0.76253223
1322,1345,epithelial,epithelial,9.160462,0.3069717586040497,0.7819989
981,982,epithelial,epithelial,7.8190966,0.26221275329589844,0.810515
1125,1124,epithelial,epithelial,15.627265,0.524258553981781,0.65699637
122,138,epithelial,epithelial,7.8000097,0.26183122396469116,0.8107211
1201,1169,epithelial,epithelial,7.8044457,0.2617464065551758,0.81081384
38,3682,fibroblast,fibroblast,15.67372,0.5225732326507568,0.6583084
5992,5965,fibroblast,fibroblast,15.639336,0.5224487781524658,0.6582394
3667,3469,fibroblast,fibroblast,15.653966,0.5222057104110718,0.65846366
4517,4523,epithelial,epithelial,8.109369,0.2733495533466339,0.8030911
5812,5749,epithelial,epithelial,5.9014745,0.19857358932495117,0.85279983
2777,4881,epithelial,epithelial,8.057053,0.27353978157043457,0.8026584
3690,3472,fibroblast,fibroblast,15.635099,0.5213255882263184,0.6589606
3662,3892,fibroblast,fibroblast,15.617858,0.5212001800537109,0.65896744
3723,3729,fibroblast,fibroblast,15.619051,0.520751416683197,0.6592685
3727,4055,fibroblast,fibroblast,15.595917,0.5199863910675049,0.6596713
3578,3702,fibroblast,fibroblast,15.582086,0.5196382403373718,0.65984017
1755,1756,epithelial,epithelial,7.7251725,0.2597384452819824,0.81201434
6356,1572,epithelial,epithelial,7.7357016,0.2593916952610016,0.81235296
1709,1701,epithelial,epithelial,15.349511,0.5187092423439026,0.6594302
1070,6456,epithelial,epithelial,7.7464857,0.2591954469680786,0.8125708
1626,1628,epithelial,epithelial,15.386762,0.518339216709137,0.6598381
4550,4551,epithelial,epithelial,7.674337,0.25908321142196655,0.81227124
6147,6825,endothelial,immune,15.517083,0.5173641443252563,0.66105586
517,516,epithelial,epithelial,11.228587,0.37810468673706055,0.7384164
4886,103,epithelial,epithelial,15.280892,0.5165621638298035,0.66054535
2429,2430,epithelial,epithelial,10.654961,0.3567597270011902,0.751468
1069,6448,immune,immune,15.460772,0.5156229734420776,0.66195935
2429,2413,epithelial,epithelial,15.317762,0.5155860781669617,0.66135293
1964,1963,epithelial,epithelial,14.993227,0.5152959823608398,0.66011506
6238,6251,epithelial,epithelial,7.664941,0.25747111439704895,0.8135308
6145,6141,fibroblast,fibroblast,15.419973,0.5142521262168884,0.6626871
1510,6353,epithelial,epithelial,8.958252,0.3013019263744354,0.7853858
6953,6952,epithelial,epithelial,7.5596666,0.25508567690849304,0.8149016
4796,4832,epithelial,epithelial,8.347602,0.28341349959373474,0.7963131
3943,3950,fibroblast,fibroblast,15.293202,0.5099680423736572,0.66497
1188,1189,epithelial,epithelial,9.190033,0.3085997402667999,0.78088075
3662,3469,fibroblast,fibroblast,15.259026,0.5091577172279358,0.6653575
2805,5063,fibroblast,epithelial,17.081934,0.16999249160289764,0.94543236
4202,4204,fibroblast,epithelial,14.852453,0.09901635348796844,1.0
2082,2089,epithelial,epithelial,15.06228,0.5071818232536316,0.66579956
286,290,epithelial,epithelial,15.010208,0.50713711977005,0.6655982
5095,5063,fibroblast,epithelial,19.524832,0.2535305619239807,0.88394094
5050,5051,epithelial,epithelial,8.543667,0.28849712014198303,0.7933115
638,730,epithelial,epithelial,7.6563606,0.25706616044044495,0.81381375
4063,4051,fibroblast,fibroblast,15.177161,0.5060198307037354,0.6670844
3681,38,fibroblast,fibroblast,15.153047,0.5052281022071838,0.66750544
4436,4751,epithelial,epithelial,7.507258,0.2525428235530853,0.81669104
6447,6455,fibroblast,fibroblast,15.13261,0.5046344995498657,0.66781074
2914,4908,epithelial,epithelial,10.680244,0.35902315378189087,0.7498954
4840,3558,fibroblast,fibroblast,12.659699,0.4233459532260895,0.7125195
1562,1563,epithelial,epithelial,7.4756703,0.25172722339630127,0.8171853
1622,1609,epithelial,epithelial,14.883661,0.5030737519264221,0.6677447
3637,321,epithelial,epithelial,7.3422484,0.2513134479522705,0.81679666
452,4481,epithelial,epithelial,14.91238,0.5023857355117798,0.6683322
2700,2703,epithelial,epithelial,11.610936,0.3896360397338867,0.7318133
5796,5629,epithelial,epithelial,14.947524,0.5019558072090149,0.6687763
2775,4857,epithelial,epithelial,8.432779,0.2851261794567108,0.795402
1835,1833,epithelial,epithelial,7.456672,0.250358521938324,0.8182009
559,546,epithelial,epithelial,10.676467,0.3576013147830963,0.7509435
5186,2951,fibroblast,epithelial,19.582277,0.24997487664222717,0.88742936
4551,7135,epithelial,epithelial,7.445213,0.24973143637180328,0.8186516
1669,1663,epithelial,epithelial,14.716574,0.4991227388381958,0.66964185
638,639,epithelial,epithelial,7.425365,0.2491021603345871,0.81905854
4594,4595,epithelial,epithelial,7.3491464,0.24901285767555237,0.8187156
286,4444,epithelial,epithelial,12.59944,0.42463788390159607,0.7113138
781,779,epithelial,epithelial,13.213925,0.4447154104709625,0.70003664
4523,683,epithelial,epithelial,7.3738623,0.24853920936584473,0.8192384
902,897,epithelial,epithelial,7.4020042,0.2482941597700119,0.81959295
6862,6840,fibroblast,fibroblast,14.889168,0.4964906573295593,0.6721797
2623,2624,epithelial,epithelial,7.382606,0.2481766939163208,0.81958324
4751,471,epithelial,epithelial,7.7390013,0.2598683536052704,0.8119837
4884,4881,fibroblast,epithelial,9.929802,0.0661986768245697,1.0
5452,3279,epithelial,epithelial,14.611485,0.49548792839050293,0.67160964
4032,4043,fibroblast,fibroblast,14.841497,0.49482959508895874,0.67308325
6410,6400,fibroblast,fibroblast,14.810652,0.49482056498527527,0.6729509
6926,6925,epithelial,epithelial,14.590054,0.49480104446411133,0.6719751
1836,1835,epithelial,epithelial,7.3309207,0.2472691833972931,0.82004476
3725,3724,fibroblast,fibroblast,14.821554,0.49415820837020874,0.67344576
3641,3681,fibroblast,fibroblast,14.780852,0.49288421869277954,0.6741213
644,643,epithelial,epithelial,11.524439,0.3873040974140167,0.73309904
1997,4510,epithelial,epithelial,7.1890364,0.246035635471344,0.8202807
5787,5822,fibroblast,epithelial,12.379942,0.08253294974565506,1.0
2831,4099,epithelial,epithelial,14.604777,0.49122482538223267,0.6744487
4376,4377,epithelial,epithelial,14.560951,0.49073100090026855,0.67458475
5866,5870,immune,epithelial,10.095325,0.3386779725551605,0.76232994
7038,7072,epithelial,epithelial,14.47016,0.4886450469493866,0.6755843
53,4591,epithelial,epithelial,7.280347,0.244298055768013,0.82220757
7054,7055,fibroblast,fibroblast,14.642565,0.4881865084171295,0.67667145
3940,3942,fibroblast,fibroblast,14.636714,0.48808807134628296,0.6767117
1654,1659,epithelial,epithelial,8.761383,0.29473334550857544,0.78952473
4061,4056,fibroblast,fibroblast,14.610745,0.4870789051055908,0.6772777
5137,5136,epithelial,epithelial,7.233041,0.24273988604545593,0.82323
6759,6758,fibroblast,fibroblast,14.547301,0.4850994944572449,0.6783326
5929,1776,epithelial,epithelial,9.25872,0.30998721718788147,0.7801552
1265,1266,epithelial,epithelial,14.405947,0.484523206949234,0.6780844
3937,3939,fibroblast,fibroblast,14.528673,0.4844038188457489,0.6787204
475,465,epithelial,epithelial,14.332796,0.4835864305496216,0.67838895
3500,3489,fibroblast,fibroblast,14.460447,0.48230433464050293,0.6798376
7125,3714,fibroblast,fibroblast,14.444205,0.48157429695129395,0.6802604
4029,4075,fibroblast,fibroblast,14.411373,0.4804743528366089,0.68086004
1228,1235,epithelial,epithelial,14.260101,0.48000815510749817,0.6804909
3730,3729,fibroblast,fibroblast,14.391361,0.4798625409603119,0.68118584
6914,6888,epithelial,epithelial,10.013055,0.3365975022315979,0.7634988
3484,3661,fibroblast,fibroblast,14.381596,0.4795127511024475,0.6813798
4592,4616,epithelial,epithelial,13.965302,0.4789055287837982,0.6799041
4007,4003,fibroblast,fibroblast,14.345134,0.47837620973587036,0.68198884
1016,1665,epithelial,epithelial,14.207183,0.4783628582954407,0.68137103
515,492,epithelial,epithelial,7.1245675,0.23903417587280273,0.825689
982,991,epithelial,epithelial,14.218512,0.4776248633861542,0.68192554
1309,1315,epithelial,epithelial,7.7638054,0.26171383261680603,0.8106206
1580,1287,epithelial,epithelial,9.159856,0.3082304000854492,0.78101206
4531,689,epithelial,epithelial,7.0507255,0.23739738762378693,0.8266346
6190,6065,epithelial,epithelial,7.071448,0.237093985080719,0.82699966
101,4864,fibroblast,epithelial,15.467806,0.11280255764722824,0.9903629
472,471,fibroblast,epithelial,13.059569,0.08706379681825638,1.0
1657,1656,epithelial,epithelial,13.957487,0.47274163365364075,0.68407226
3949,3952,fibroblast,fibroblast,14.160344,0.47220858931541443,0.68536323
5615,3021,epithelial,epithelial,14.006311,0.4721295237541199,0.68471396
5284,5300,epithelial,epithelial,10.397441,0.34808290004730225,0.7567165
3956,3955,fibroblast,fibroblast,14.146205,0.4717593193054199,0.6856066
4781,4783,epithelial,epithelial,7.0205984,0.23573249578475952,0.8278457
3942,3950,fibroblast,fibroblast,14.129026,0.4711724519729614,0.68593055
136,135,epithelial,epithelial,7.6047072,0.25788357853889465,0.81286883
3644,3645,fibroblast,fibroblast,14.098358,0.4701525866985321,0.68649006
2493,7143,epithelial,epithelial,9.4963255,0.31935712695121765,0.7741046
3503,3501,fibroblast,fibroblast,14.084223,0.4695799946784973,0.68681854
3535,3531,fibroblast,fibroblast,14.078787,0.4694068729877472,0.68691254
2786,2791,epithelial,epithelial,11.382491,0.3822530210018158,0.7361144
4778,2120,epithelial,epithelial,9.721243,0.32679951190948486,0.7695178
1266,1264,epithelial,epithelial,8.317296,0.279506653547287,0.7992688
5402,2482,epithelial,epithelial,6.973209,0.2342594712972641,0.82880414
1405,6707,epithelial,epithelial,7.5626154,0.25407543778419495,0.8157413
1633,1626,epithelial,epithelial,6.977996,0.2341444194316864,0.82892597
1397,1399,epithelial,epithelial,9.828425,0.330277681350708,0.76739407
497,4772,epithelial,epithelial,13.809428,0.4679994583129883,0.68664587
5905,5906,epithelial,epithelial,12.117673,0.4078100323677063,0.72106534
2419,2420,epithelial,epithelial,11.013078,0.3699395954608917,0.74340147
3846,3819,fibroblast,fibroblast,13.984046,0.4663851261138916,0.6885563
788,789,epithelial,epithelial,6.947386,0.23311066627502441,0.829614
3884,3893,fibroblast,fibroblast,13.950239,0.46604830026626587,0.6886331
556,557,epithelial,epithelial,9.837566,0.3306034803390503,0.7671908
925,924,epithelial,epithelial,13.753923,0.4658359885215759,0.68787843
324,4706,epithelial,epithelial,9.509976,0.3209710121154785,0.7729266
2493,2482,epithelial,epithelial,13.779449,0.46382662653923035,0.68937933
403,2154,epithelial,epithelial,6.906522,0.23180505633354187,0.8304716
6904,3127,fibroblast,epithelial,10.547984,0.07031989097595215,1.0
844,847,epithelial,epithelial,6.890351,0.23138415813446045,0.83073163
6767,6766,epithelial,epithelial,6.8227625,0.23083139955997467,0.8308165
4481,243,epithelial,epithelial,13.69436,0.46088916063308716,0.69101524
1379,1377,epithelial,epithelial,13.688994,0.4606523811817169,0.6911541
641,597,epithelial,epithelial,13.596995,0.4605136513710022,0.6908262
6911,6908,fibroblast,epithelial,16.285206,0.14823098480701447,0.96111333
3895,3888,fibroblast,fibroblast,13.804608,0.46025699377059937,0.6919606
3892,3894,fibroblast,fibroblast,13.783321,0.46006760001182556,0.6919935
1363,6723,epithelial,epithelial,13.641735,0.45922839641571045,0.691921
5341,5340,epithelial,epithelial,13.704581,0.4581984281539917,0.69292426
5029,5199,epithelial,immune,13.614771,0.4581640958786011,0.6925333
1403,1558,epithelial,epithelial,13.522836,0.4579479396343231,0.6922586
4065,4079,fibroblast,fibroblast,13.703544,0.4568660855293274,0.6938433
1851,6285,fibroblast,endothelial,13.695051,0.45668089389801025,0.69393253
1437,1435,epithelial,epithelial,13.534267,0.456268846988678,0.69347477
6785,2696,epithelial,epithelial,13.538163,0.4561936557292938,0.6935449
4075,4070,fibroblast,fibroblast,13.659076,0.45538967847824097,0.6946625
6190,1698,epithelial,epithelial,13.544766,0.4551662504673004,0.69428843
4616,4617,epithelial,epithelial,6.695069,0.2275564968585968,0.8328325
1936,4832,epithelial,epithelial,13.393549,0.45452770590782166,0.6940319
2039,2035,epithelial,epithelial,13.458575,0.4545004665851593,0.69435173
4173,2874,epithelial,epithelial,13.50625,0.4536997973918915,0.6951288
5003,5004,fibroblast,epithelial,7.6511207,0.0510074719786644,1.0
4795,4796,epithelial,epithelial,6.686008,0.22669462859630585,0.83350027
3475,3462,fibroblast,fibroblast,13.518786,0.4506879150867462,0.69728386
6492,6485,fibroblast,fibroblast,9.283048,0.30947068333625793,0.7806849
6461,6512,epithelial,epithelial,10.623404,0.35576558113098145,0.7520572
5977,5986,epithelial,epithelial,13.389553,0.44871512055397034,0.69805914
4328,4329,epithelial,epithelial,8.715379,0.2923174500465393,0.79119176
3195,5811,fibroblast,epithelial,18.868856,0.23229433596134186,0.8989733
1286,1285,epithelial,epithelial,10.674445,0.3574637472629547,0.7510367
141,34,epithelial,epithelial,9.326986,0.3130888342857361,0.7780932
3897,3880,fibroblast,fibroblast,13.414318,0.4472946524620056,0.69916683
2868,2869,epithelial,epithelial,13.180952,0.4459238648414612,0.69903755
6752,1292,fibroblast,epithelial,25.466734,0.44527316093444824,0.7591963
5993,5983,fibroblast,epithelial,9.065714,0.060438092797994614,1.0
6457,1174,fibroblast,epithelial,11.91924,0.07946159690618515,1.0
679,4542,epithelial,epithelial,13.1770735,0.44455480575561523,0.6999771
3473,3482,fibroblast,fibroblast,13.316045,0.4440523684024811,0.70097804
2465,2268,epithelial,epithelial,13.042007,0.4439487159252167,0.6997711
730,644,epithelial,epithelial,13.190714,0.44373396039009094,0.70061564
4069,4076,fibroblast,fibroblast,13.3013,0.4434446692466736,0.7013352
1382,1383,epithelial,epithelial,9.833551,0.32981812953948975,0.76777303
6004,6027,epithelial,epithelial,10.92162,0.36517903208732605,0.7464936
4890,4894,epithelial,epithelial,9.456583,0.3175261318683624,0.77531785
57,5292,epithelial,epithelial,10.576651,0.3548273742198944,0.75252855
6500,6501,fibroblast,endothelial,10.488151,0.3510695695877075,0.7549162
3696,3323,fibroblast,fibroblast,13.237676,0.4413270652294159,0.7025239
3288,5038,epithelial,epithelial,13.0922575,0.44122135639190674,0.70191735
4056,4029,fibroblast,fibroblast,13.229982,0.44106587767601013,0.70267135
1703,1854,epithelial,epithelial,13.1088295,0.44081950187683105,0.70227706
1835,6053,epithelial,epithelial,13.041174,0.4407738745212555,0.7019924
1005,1666,epithelial,epithelial,13.064075,0.4399711787700653,0.70266336
4514,4515,epithelial,epithelial,6.5413966,0.2199796885251999,0.83830744
6890,6891,epithelial,epithelial,13.012193,0.4397977888584137,0.7025422
2969,2971,epithelial,epithelial,10.372727,0.3483372926712036,0.7563994
2163,2164,epithelial,epithelial,13.00645,0.43941688537597656,0.7027829
5113,5098,fibroblast,epithelial,14.952671,0.09968447685241699,1.0
2817,4997,fibroblast,epithelial,16.59464,0.15490928292274475,0.9566876
6089,6088,epithelial,epithelial,13.043751,0.43884193897247314,0.703362
1618,1620,fibroblast,epithelial,10.208192,0.06805460900068283,1.0
5256,5255,fibroblast,fibroblast,8.082445,0.2695471942424774,0.8060059
5598,3058,epithelial,epithelial,12.987796,0.43854382634162903,0.7033093
6829,6831,fibroblast,fibroblast,11.491872,0.38315802812576294,0.735985
5738,5789,fibroblast,endothelial,10.865156,0.3649100661277771,0.74641335
3588,3587,fibroblast,fibroblast,13.128787,0.4376932680606842,0.7045697
5993,5984,fibroblast,epithelial,13.965886,0.09310590475797653,1.0
1016,1010,epithelial,epithelial,13.019386,0.43765848875045776,0.7040805
2176,2179,epithelial,epithelial,12.840814,0.4376276135444641,0.70326453
4596,2143,epithelial,epithelial,6.73267,0.22837695479393005,0.8323581
5884,907,epithelial,epithelial,13.003854,0.4372155964374542,0.7043195
1169,1166,epithelial,epithelial,6.515617,0.2183801382780075,0.83950514
5052,5051,epithelial,epithelial,6.478977,0.21834804117679596,0.83932704
911,896,epithelial,epithelial,12.996435,0.4363822042942047,0.70487183
4049,4048,fibroblast,fibroblast,13.078219,0.4360100328922272,0.7055188
4202,2071,fibroblast,epithelial,9.958802,0.06639201194047928,1.0
6795,6790,fibroblast,fibroblast,13.071566,0.4357437491416931,0.70567536
1573,1558,epithelial,epithelial,12.866173,0.43471550941467285,0.70543474
5360,5359,epithelial,epithelial,6.4893303,0.21725714206695557,0.84030116
2112,4352,epithelial,epithelial,12.845284,0.4341910481452942,0.70570654
2882,2881,epithelial,epithelial,6.4685698,0.21692878007888794,0.8404608
4049,4046,fibroblast,fibroblast,13.005741,0.4336014688014984,0.7068785
4486,372,epithelial,epithelial,9.999473,0.33564403653144836,0.76415783
83,4891,epithelial,epithelial,6.512229,0.21789394319057465,0.8398944
4861,4857,fibroblast,epithelial,11.717841,0.0781189426779747,1.0
3185,5811,epithelial,epithelial,6.4270906,0.21590641140937805,0.8410879
3726,3724,fibroblast,fibroblast,12.950909,0.4317736327648163,0.70791286
4770,4767,fibroblast,epithelial,12.201167,0.08134111762046814,1.0
3290,5516,epithelial,epithelial,6.4080424,0.21582108736038208,0.84105283
6756,1309,fibroblast,epithelial,16.361462,0.14306992292404175,0.96657777
3473,3474,fibroblast,fibroblast,12.925365,0.4310576021671295,0.70829934
6377,6370,fibroblast,fibroblast,12.847807,0.43096619844436646,0.7079979
20,3715,fibroblast,fibroblast,12.9159975,0.43061476945877075,0.7085688
4854,4850,fibroblast,fibroblast,12.910588,0.4304247796535492,0.7086779
2756,7013,fibroblast,epithelial,15.821626,0.12730835378170013,0.9784057
3934,3947,fibroblast,fibroblast,12.903148,0.43021082878112793,0.70879436
4890,4891,epithelial,epithelial,6.418061,0.21504850685596466,0.8417591
5546,2994,epithelial,epithelial,8.340401,0.28045615553855896,0.7986332
5809,3195,fibroblast,fibroblast,12.847102,0.42929190397262573,0.70918095
955,957,epithelial,epithelial,12.705278,0.42895829677581787,0.70874715
6707,6706,epithelial,epithelial,6.383831,0.21441131830215454,0.8421034
2179,2178,epithelial,epithelial,9.273634,0.3145337700843811,0.77669346
6891,6895,epithelial,epithelial,12.750946,0.428366094827652,0.70938295
5803,5802,fibroblast,fibroblast,12.840941,0.42826032638549805,0.70988375
1225,1227,epithelial,epithelial,12.694223,0.42824089527130127,0.70920354
4979,5201,fibroblast,epithelial,11.637289,0.07758192718029022,1.0
3615,5230,fibroblast,fibroblast,12.837608,0.42799946665763855,0.7100532
6837,6832,fibroblast,fibroblast,12.837444,0.427986741065979,0.71006143
6014,6017,immune,immune,12.8284445,0.4279283881187439,0.7100603
16,7125,fibroblast,fibroblast,12.82938,0.4277331531047821,0.71020335
3667,3668,fibroblast,fibroblast,12.821368,0.42772966623306274,0.7101679
3462,3463,fibroblast,fibroblast,12.824123,0.4275237023830414,0.7103272
6798,6840,fibroblast,fibroblast,12.809477,0.4271160364151001,0.7105475
6405,6416,fibroblast,epithelial,24.676966,0.42656248807907104,0.769473
7111,2330,epithelial,epithelial,6.346549,0.21304216980934143,0.8430476
136,131,epithelial,epithelial,6.320754,0.2127348780632019,0.8431617
5989,5999,immune,immune,12.695333,0.4247848093509674,0.7116641
5207,5203,epithelial,epithelial,8.179722,0.2731603980064392,0.80361986
3074,6767,epithelial,epithelial,12.48616,0.4242626130580902,0.7110436
6050,6489,fibroblast,epithelial,20.341545,0.2728477716445923,0.87176317
1369,1379,epithelial,epithelial,12.633178,0.4236897826194763,0.71214867
6940,6942,epithelial,epithelial,8.831832,0.29892513155937195,0.7865915
7033,2313,epithelial,epithelial,12.611833,0.4231092929840088,0.7124608
5649,5638,fibroblast,endothelial,12.666342,0.4228874444961548,0.71287787
2327,7082,fibroblast,epithelial,7.220369,0.04813579097390175,1.0
6819,6820,fibroblast,fibroblast,12.659622,0.42212730646133423,0.713388
3300,3303,epithelial,epithelial,9.408549,0.31522616744041443,0.7768543
992,5874,epithelial,epithelial,12.529412,0.42092040181159973,0.7136298
3488,3486,fibroblast,fibroblast,12.61645,0.4206070899963379,0.71426773
6862,6861,fibroblast,fibroblast,12.608027,0.4203343689441681,0.7144224
6144,6132,fibroblast,fibroblast,12.602324,0.4201568067073822,0.7145221
6882,6880,epithelial,epithelial,10.224911,0.3432762026786804,0.75948846
1610,1510,fibroblast,epithelial,16.275526,0.14624665677547455,0.96296024
6563,6603,epithelial,epithelial,12.428935,0.41813671588897705,0.71513987
2052,2045,epithelial,epithelial,12.383727,0.41810864210128784,0.7149444
2134,4596,epithelial,epithelial,6.137953,0.20902198553085327,0.84526736
818,817,epithelial,epithelial,12.424489,0.41804131865501404,0.7151869
1771,1776,epithelial,epithelial,12.417469,0.4170572757720947,0.7158575
2520,2519,epithelial,epithelial,12.470785,0.41658610105514526,0.7164495
5099,5098,fibroblast,epithelial,14.454074,0.09636048972606659,1.0
6983,6985,fibroblast,epithelial,9.134858,0.060899052768945694,1.0
2120,2123,epithelial,epithelial,12.337039,0.4159896671772003,0.716238
3734,3736,fibroblast,fibroblast,12.4748955,0.41592106223106384,0.71694577
1949,1946,epithelial,epithelial,12.2733345,0.41537022590637207,0.7163775
3292,3290,epithelial,epithelial,6.147526,0.2074943482875824,0.84661365
4727,539,endothelial,epithelial,12.354561,0.4148736596107483,0.71712154
6103,6110,epithelial,epithelial,12.365805,0.41464248299598694,0.7173411
5185,2930,fibroblast,epithelial,18.349924,0.20701315999031067,0.91880596
156,4671,epithelial,epithelial,6.165084,0.20691120624542236,0.84720665
731,730,epithelial,epithelial,10.152101,0.34193265438079834,0.76014054
2527,2537,epithelial,epithelial,8.176705,0.27376866340637207,0.80311507
4418,3646,fibroblast,epithelial,23.378344,0.37514933943748474,0.8030858
6335,6334,epithelial,epithelial,12.264468,0.4125851094722748,0.718333
144,149,epithelial,epithelial,7.0511928,0.2363383024930954,0.8275131
4078,4079,fibroblast,fibroblast,12.37019,0.41244369745254517,0.71894115
779,1542,epithelial,epithelial,12.263226,0.41229379177093506,0.7185364
3129,3125,epithelial,epithelial,12.262084,0.4122749865055084,0.7185444
1797,1799,epithelial,epithelial,7.9785285,0.26776063442230225,0.806888
4055,4051,fibroblast,fibroblast,12.314052,0.41052278876304626,0.720054
4836,4834,epithelial,epithelial,12.140938,0.41000935435295105,0.7195928
2817,5042,fibroblast,epithelial,16.11983,0.14019125699996948,0.96780396
530,529,epithelial,epithelial,7.6015143,0.25463637709617615,0.8154953
7159,7022,fibroblast,epithelial,20.854366,0.29915687441825867,0.8520349
302,322,epithelial,epithelial,12.164796,0.409030944108963,0.7204118
4345,4358,fibroblast,epithelial,12.963456,0.08642303943634033,1.0
6866,3126,fibroblast,epithelial,18.189827,0.2039003223180771,0.9206873
265,4645,epithelial,epithelial,12.011608,0.4073934257030487,0.7208559
5441,5446,fibroblast,epithelial,16.076092,0.1423596739768982,0.9654261
6831,6834,fibroblast,fibroblast,12.204029,0.4069571793079376,0.72209615
3539,3535,fibroblast,fibroblast,12.204018,0.40689003467559814,0.7221446
2007,2008,epithelial,epithelial,7.288035,0.2446296662092209,0.8219771
6983,2431,fibroblast,epithelial,9.070334,0.060468897223472595,1.0
3264,3260,epithelial,epithelial,11.975356,0.4061560034751892,0.72157407
5324,5321,fibroblast,endothelial,12.170484,0.4060025215148926,0.7226242
215,209,epithelial,epithelial,8.097019,0.2702603340148926,0.80550957
3585,3703,fibroblast,epithelial,24.321726,0.4057919979095459,0.7837641
2970,5541,fibroblast,epithelial,11.825759,0.07883839309215546,1.0
2147,4391,epithelial,epithelial,12.056404,0.4055246412754059,0.72242
544,536,epithelial,epithelial,11.966604,0.40530675649642944,0.72214496
6800,2378,fibroblast,fibroblast,12.148472,0.40500643849372864,0.7232382
6888,3138,epithelial,epithelial,8.541129,0.2870539724826813,0.7944437
865,852,fibroblast,epithelial,15.971297,0.13048449158668518,0.97627676
6553,763,epithelial,epithelial,12.007414,0.40422534942626953,0.723123
3964,3960,fibroblast,epithelial,24.274498,0.4041368365287781,0.7848153
5844,5843,fibroblast,fibroblast,12.11897,0.40410730242729187,0.7237464
6010,6009,fibroblast,fibroblast,12.1190195,0.4040890634059906,0.7237599
1237,1232,epithelial,epithelial,12.050354,0.40368688106536865,0.72371966
3695,3327,fibroblast,fibroblast,12.106929,0.4036308825016022,0.72403324
3487,3488,fibroblast,fibroblast,12.101895,0.4034779369831085,0.72411966
788,955,epithelial,epithelial,11.996962,0.40344762802124023,0.7236352
1644,1641,epithelial,epithelial,11.933729,0.40241292119026184,0.7240791
5866,5868,immune,epithelial,8.039646,0.26938438415527344,0.80590713
1192,1188,fibroblast,epithelial,17.850868,0.20074674487113953,0.92151064
5403,2489,epithelial,epithelial,11.872064,0.40146276354789734,0.7244695
1703,1701,epithelial,epithelial,11.943066,0.40128225088119507,0.72494334
4979,4976,fibroblast,epithelial,14.992543,0.10725510865449905,0.9927218
3624,4476,fibroblast,epithelial,21.207703,0.3032143712043762,0.85058606
1183,6511,epithelial,epithelial,10.051457,0.3371462821960449,0.76327527
5743,7146,fibroblast,epithelial,17.595997,0.18532507121562958,0.93424326
3476,3475,fibroblast,fibroblast,12.016714,0.40059471130371094,0.7257982
3569,5250,fibroblast,fibroblast,11.953356,0.399084210395813,0.72658837
284,283,epithelial,epithelial,9.788493,0.3287193179130554,0.7683863
5270,5272,fibroblast,endothelial,9.869206,0.3292916417121887,0.76835996
2570,2571,epithelial,epithelial,7.2371607,0.24315565824508667,0.8229104
7055,7057,fibroblast,fibroblast,11.9592905,0.39867863059043884,0.7269119
217,3500,fibroblast,fibroblast,11.953511,0.39857545495033264,0.7269589
1240,815,epithelial,epithelial,11.908997,0.39855849742889404,0.7267555
768,6553,epithelial,epithelial,11.843263,0.39845991134643555,0.7265087
4068,4069,fibroblast,fibroblast,11.948131,0.3983345627784729,0.7271079
3628,3665,fibroblast,fibroblast,11.933341,0.39805981516838074,0.727236
5852,5853,epithelial,epithelial,9.333736,0.31507545709609985,0.7765839
4592,4595,epithelial,epithelial,11.690676,0.39660465717315674,0.7271178
726,4676,epithelial,epithelial,9.420603,0.3185603618621826,0.7743306
6153,6169,epithelial,epithelial,11.770187,0.3962109684944153,0.72778976
6504,1233,fibroblast,epithelial,20.261965,0.2708490788936615,0.873044
4888,124,epithelial,epithelial,11.7026205,0.3944248557090759,0.7287625
6554,6553,epithelial,epithelial,11.664518,0.39419543743133545,0.72874457
1588,1587,epithelial,epithelial,11.70499,0.3933200538158417,0.7295796
3074,5576,epithelial,epithelial,5.8383403,0.1964961290359497,0.8542137
3883,3695,fibroblast,fibroblast,11.785305,0.3929075002670288,0.7302716
3938,3940,fibroblast,fibroblast,11.77837,0.3926963806152344,0.730392
3535,3534,fibroblast,fibroblast,11.745955,0.39163005352020264,0.7310133
882,925,epithelial,epithelial,11.613445,0.39162740111351013,0.7303697
1497,1586,epithelial,epithelial,11.6669655,0.39137500524520874,0.73081475
4221,4225,fibroblast,epithelial,7.7961373,0.05197424814105034,1.0
1574,1573,epithelial,epithelial,11.606614,0.3911762237548828,0.73066604
4064,4063,fibroblast,fibroblast,11.728456,0.39105379581451416,0.7313493
4586,4624,epithelial,epithelial,11.465065,0.38902315497398376,0.7315503
3650,3649,fibroblast,fibroblast,11.664884,0.3888949155807495,0.73261935
5871,3180,fibroblast,epithelial,14.015836,0.09343890845775604,1.0
330,377,fibroblast,epithelial,12.92423,0.0861615315079689,1.0
4004,3499,fibroblast,fibroblast,11.6609535,0.3887791633605957,0.73268497
684,683,epithelial,epithelial,11.533133,0.38875120878219604,0.73208135
2019,4138,epithelial,epithelial,11.573638,0.3885270655155182,0.7324432
7054,2363,fibroblast,fibroblast,11.642707,0.38816744089126587,0.7330441
1657,1643,epithelial,epithelial,11.53076,0.3877517282962799,0.7328018
2667,2668,fibroblast,epithelial,15.667514,0.1253814995288849,0.97928613
1709,1713,epithelial,epithelial,11.536037,0.38714441657066345,0.7332728
3726,3723,fibroblast,fibroblast,11.602373,0.38680902123451233,0.7338432
1287,1288,epithelial,epithelial,11.483425,0.3866344392299652,0.73338956
1654,1656,epithelial,epithelial,5.7385454,0.1932777464389801,0.8563974
2327,7078,fibroblast,epithelial,5.998431,0.039989542216062546,1.0
3893,3894,fibroblast,fibroblast,11.549462,0.3859555125236511,0.7342108
6148,6186,fibroblast,fibroblast,11.561496,0.38545501232147217,0.7346373
3782,3783,immune,immune,11.554017,0.3851924240589142,0.7347936
6180,6183,epithelial,epithelial,11.501734,0.38515591621398926,0.73456436
3660,3485,fibroblast,fibroblast,11.547637,0.3849717676639557,0.7349245
1464,1670,epithelial,epithelial,11.429359,0.38490724563598633,0.7343926
5841,5840,fibroblast,fibroblast,11.532646,0.3845996856689453,0.7351245
4005,4007,fibroblast,fibroblast,11.533949,0.38454481959342957,0.73517126
4902,2799,fibroblast,epithelial,17.979582,0.20043891668319702,0.92258567
2524,2521,fibroblast,epithelial,9.763878,0.06509251892566681,1.0
6013,6040,endothelial,fibroblast,11.516202,0.3840162456035614,0.7354729
3954,3955,fibroblast,fibroblast,11.517492,0.3840128183364868,0.7354818
6132,6134,fibroblast,fibroblast,11.476149,0.38260412216186523,0.7363156
1666,1663,epithelial,epithelial,11.368742,0.38258492946624756,0.7358027
6088,6277,epithelial,epithelial,11.393605,0.38233187794685364,0.73611087
3368,3366,fibroblast,fibroblast,11.452429,0.3817891776561737,0.73679936
4221,4223,fibroblast,epithelial,7.0463104,0.046975404024124146,1.0
7055,2367,fibroblast,epithelial,21.65534,0.3175273537635803,0.8410044
4049,4050,fibroblast,fibroblast,11.426702,0.38094785809516907,0.73729306
2067,4204,fibroblast,epithelial,14.359554,0.09573036432266235,1.0
1665,1663,epithelial,epithelial,11.298933,0.38031119108200073,0.73713446
6820,6816,fibroblast,fibroblast,11.4057045,0.38029250502586365,0.7376731
568,571,epithelial,epithelial,7.5815706,0.25483396649360657,0.8152258
6517,1264,fibroblast,epithelial,15.343253,0.1156466081738472,0.9867306
5986,5988,epithelial,epithelial,5.6490583,0.18957246840000153,0.8590638
5787,5741,fibroblast,epithelial,12.171043,0.08114028722047806,1.0
1857,1859,epithelial,epithelial,9.430919,0.3159640431404114,0.77639705
6485,6491,fibroblast,fibroblast,11.354701,0.3785267472267151,0.7387256
1072,6456,fibroblast,epithelial,20.561005,0.2920992076396942,0.85639304
1108,6470,epithelial,epithelial,11.275436,0.3775496482849121,0.7390571
209,210,epithelial,epithelial,6.441801,0.21536965668201447,0.841622
535,529,epithelial,epithelial,7.84611,0.2631339728832245,0.8099145
907,911,epithelial,epithelial,11.209271,0.37671059370040894,0.73935133
6806,6804,fibroblast,fibroblast,11.299687,0.3767070174217224,0.73979974
3668,3665,fibroblast,fibroblast,11.292041,0.3766198754310608,0.7398265
5598,3035,epithelial,epithelial,11.158788,0.37646251916885376,0.7392859
992,991,epithelial,epithelial,11.209594,0.37642428278923035,0.7395646
1739,6154,epithelial,epithelial,11.164778,0.37577444314956665,0.7398243
5003,2642,fibroblast,epithelial,10.26959,0.06846393644809723,1.0
250,254,epithelial,epithelial,11.15472,0.37496861815452576,0.74037105
178,3350,immune,immune,11.237751,0.3746153712272644,0.7410427
916,917,epithelial,epithelial,5.565851,0.18712282180786133,0.8606932
2118,2109,fibroblast,epithelial,10.209564,0.06806375831365585,1.0
3477,3466,fibroblast,fibroblast,11.220284,0.37406060099601746,0.7413676
1788,1792,epithelial,epithelial,11.113831,0.3738996386528015,0.7409609
317,318,fibroblast,epithelial,11.641705,0.07761136442422867,1.0
2019,2020,epithelial,epithelial,11.123788,0.3735770285129547,0.74124914
9,141,epithelial,epithelial,11.122486,0.37316468358039856,0.7415485
2378,6812,fibroblast,fibroblast,11.188643,0.37303268909454346,0.7419735
6119,1853,fibroblast,epithelial,11.329715,0.07553143054246902,1.0
3624,4474,fibroblast,epithelial,23.207968,0.3716273605823517,0.80500436
6143,6145,fibroblast,fibroblast,11.137881,0.3713602125644684,0.742964
6800,2379,fibroblast,fibroblast,11.122893,0.37079301476478577,0.7433113
4115,2827,epithelial,epithelial,10.995855,0.3706275522708893,0.7428049
6743,1292,fibroblast,epithelial,23.241758,0.3704685568809509,0.8061193
3681,3456,fibroblast,fibroblast,11.074408,0.36926600337028503,0.74420655
4770,2142,fibroblast,epithelial,11.057037,0.07371358573436737,1.0
617,564,epithelial,epithelial,10.96866,0.3691371977329254,0.74377793
6955,2375,fibroblast,epithelial,12.944674,0.08629782497882843,1.0
1043,6524,epithelial,epithelial,10.958353,0.3690716624259949,0.74377555
3665,3474,fibroblast,fibroblast,11.063829,0.36897680163383484,0.7443693
4443,377,fibroblast,epithelial,14.660557,0.09773704409599304,1.0
4854,4851,fibroblast,fibroblast,11.053316,0.3685765266418457,0.74461514
6174,1709,epithelial,epithelial,10.94512,0.36786946654319763,0.7446045
6173,1713,epithelial,epithelial,10.967126,0.36770397424697876,0.74483705
6824,7047,fibroblast,fibroblast,11.027577,0.3676237463951111,0.74519706
2047,4386,epithelial,epithelial,10.969094,0.36741867661476135,0.7450594
2427,2432,epithelial,epithelial,10.952617,0.3672255575656891,0.7451214
2386,2388,epithelial,epithelial,10.967536,0.3671645224094391,0.745241
5176,5151,fibroblast,epithelial,19.20894,0.2393035888671875,0.89472044
5548,5541,fibroblast,epithelial,14.458456,0.09638970345258713,1.0
6044,815,immune,epithelial,7.4106617,0.2477533221244812,0.8200837
713,718,epithelial,epithelial,9.693571,0.32565009593963623,0.7702607
2048,2049,epithelial,epithelial,10.858337,0.36382198333740234,0.747192
4884,4882,fibroblast,epithelial,9.891041,0.06594026833772659,1.0
6511,1173,epithelial,epithelial,10.823164,0.36284032464027405,0.7477505
6025,6041,endothelial,epithelial,10.8594675,0.362155556678772,0.74844384
7082,7074,epithelial,epithelial,5.3611016,0.18099303543567657,0.864804
1959,4561,epithelial,epithelial,10.741732,0.3619171380996704,0.74803495
6890,6905,epithelial,epithelial,8.8312435,0.298839271068573,0.7866559
3480,3695,fibroblast,fibroblast,10.827677,0.36096978187561035,0.74917305
4105,4327,fibroblast,endothelial,7.7770457,0.2596699595451355,0.8123508
3201,3186,epithelial,epithelial,8.025988,0.2687109112739563,0.80637664
3274,5462,epithelial,epithelial,10.665308,0.3596668839454651,0.74933827
6016,6017,immune,immune,10.773673,0.35923781991004944,0.7502016
291,290,epithelial,epithelial,10.67992,0.35903921723365784,0.74988174
4537,4536,epithelial,epithelial,5.295722,0.179422989487648,0.8657854
3674,3943,fibroblast,fibroblast,10.747893,0.35834309458732605,0.75074404
3936,3683,fibroblast,fibroblast,10.741662,0.35814327001571655,0.7508629
3458,3457,fibroblast,fibroblast,10.737942,0.35809141397476196,0.7508832
4798,4173,epithelial,epithelial,10.665796,0.3580813407897949,0.7505297
6493,6489,fibroblast,epithelial,10.3098135,0.06873209029436111,1.0
2725,2726,epithelial,epithelial,10.596916,0.35647788643836975,0.751389
7033,2322,epithelial,epithelial,10.615224,0.3558964729309082,0.7519178
3711,3708,fibroblast,fibroblast,10.673982,0.35584062337875366,0.75225437
3477,3476,fibroblast,fibroblast,10.662935,0.35546815395355225,0.7524792
4007,217,fibroblast,fibroblast,10.637347,0.35466891527175903,0.7529524
2517,2518,epithelial,epithelial,10.576684,0.35448747873306274,0.75278455
3801,206,epithelial,epithelial,8.435902,0.2821054458618164,0.7978249
2,143,epithelial,epithelial,10.512302,0.3530188202857971,0.7535674
606,577,epithelial,epithelial,10.357012,0.35298946499824524,0.75280976
7103,2331,fibroblast,epithelial,15.336772,0.11333590000867844,0.9889705
597,586,epithelial,epithelial,10.399635,0.3525391221046448,0.7533629
150,149,fibroblast,epithelial,14.482564,0.09655042737722397,1.0
1982,1981,fibroblast,epithelial,10.2613125,0.06840874999761581,1.0
5003,3260,fibroblast,epithelial,17.084658,0.17570191621780396,0.94006693
4007,4006,fibroblast,fibroblast,10.537892,0.35137248039245605,0.7549378
2014,4616,epithelial,epithelial,10.291436,0.3511374592781067,0.7538756
5253,5254,fibroblast,fibroblast,10.526961,0.35101109743118286,0.7551557
3329,3330,fibroblast,fibroblast,10.51328,0.35051804780960083,0.7554592
2313,2314,epithelial,epithelial,10.449118,0.3502044081687927,0.755373
3502,3504,fibroblast,fibroblast,10.504066,0.35018792748451233,0.7556622
2060,2827,epithelial,epithelial,10.40766,0.34999966621398926,0.7553189
6495,6494,immune,immune,10.497313,0.3499452471733093,0.7558116
6701,1405,epithelial,epithelial,10.407532,0.3497922420501709,0.7554749
5534,5533,fibroblast,epithelial,16.028793,0.13316406309604645,0.9740375
1791,5929,fibroblast,epithelial,13.412313,0.08941542357206345,1.0
6144,6143,fibroblast,fibroblast,10.473225,0.3491760492324829,0.7562717
3260,3261,epithelial,epithelial,10.336173,0.3487744927406311,0.7558845
3332,3334,fibroblast,fibroblast,10.461057,0.34873640537261963,0.7565429
3579,3577,fibroblast,fibroblast,10.421995,0.3474790155887604,0.7572976
3323,3332,fibroblast,fibroblast,10.423117,0.3474690616130829,0.75731075
4326,4327,fibroblast,endothelial,10.396036,0.34702372550964355,0.7575113
3325,3330,fibroblast,fibroblast,10.405102,0.3469381332397461,0.75762194
6830,6831,fibroblast,fibroblast,10.402658,0.3468368351459503,0.7576863
3846,3847,fibroblast,fibroblast,10.379052,0.346076637506485,0.75814325
6704,1436,epithelial,epithelial,10.281021,0.3459621071815491,0.7577347
3125,3132,epithelial,epithelial,8.05596,0.2706127464771271,0.8050054
4166,2880,fibroblast,epithelial,11.881426,0.07920950651168823,1.0
2621,5470,epithelial,epithelial,10.291972,0.3457620441913605,0.75794166
3631,3629,fibroblast,fibroblast,10.3494625,0.3451628088951111,0.75868666
218,184,fibroblast,epithelial,12.836865,0.08557910472154617,1.0
139,4969,epithelial,epithelial,3.368353,0.11403317749500275,0.9124906
176,3330,fibroblast,fibroblast,10.330759,0.3444117307662964,0.75916207
5329,5327,fibroblast,fibroblast,10.324171,0.3443976938724518,0.75913936
3916,3915,fibroblast,fibroblast,10.329767,0.3443695306777954,0.75918907
5638,5630,endothelial,fibroblast,10.31839,0.344338595867157,0.759155
3516,3515,fibroblast,fibroblast,10.312417,0.3437967002391815,0.75953627
2538,2521,fibroblast,epithelial,14.830133,0.09886755794286728,1.0
6107,6177,fibroblast,fibroblast,10.308751,0.34367674589157104,0.7596088
5011,5512,fibroblast,fibroblast,10.2845,0.3434256911277771,0.7596767
1239,1241,fibroblast,epithelial,11.112105,0.0740807056427002,1.0
6039,6037,fibroblast,fibroblast,10.273665,0.34248557686805725,0.7603363
1404,1397,epithelial,epithelial,10.160626,0.342343270778656,0.75987166
6084,6083,fibroblast,immune,6.8433137,0.0456220917403698,1.0
2434,2438,fibroblast,epithelial,12.369594,0.08246395736932755,1.0
6084,6082,fibroblast,epithelial,17.284119,0.17093515396118164,0.94581556
3287,5521,epithelial,epithelial,10.163561,0.3415546119213104,0.760486
720,721,epithelial,epithelial,10.131772,0.34056609869003296,0.76107687
6439,7151,fibroblast,epithelial,20.02621,0.2649834156036377,0.8768009
3559,3560,fibroblast,fibroblast,5.1553984,0.17222850024700165,0.87122136
143,144,epithelial,epithelial,10.1328125,0.3397589921951294,0.76169664
6819,6817,fibroblast,fibroblast,10.185622,0.33958151936531067,0.7621001
1943,1945,fibroblast,epithelial,11.530339,0.0768689289689064,1.0
2518,2519,epithelial,epithelial,10.142197,0.339421808719635,0.76200116
5287,5288,fibroblast,epithelial,18.499584,0.2272474616765976,0.9013002
5256,3642,fibroblast,immune,19.701698,0.13134466111660004,1.0
3848,3904,fibroblast,fibroblast,10.14794,0.3383129835128784,0.7628758
6715,1580,epithelial,epithelial,5.030147,0.16909350454807281,0.8732275
6128,1853,fibroblast,epithelial,17.195675,0.16908542811870575,0.94700813
2067,2066,fibroblast,epithelial,11.172074,0.07448049634695053,1.0
265,295,epithelial,epithelial,10.001237,0.3367254436016083,0.7633409
3455,3991,fibroblast,fibroblast,10.098219,0.33670735359191895,0.7638484
3560,4841,fibroblast,epithelial,10.682857,0.07121904194355011,1.0
3483,3487,fibroblast,fibroblast,10.089813,0.3363892734050751,0.76404864
2748,2730,fibroblast,epithelial,15.031035,0.10221903026103973,0.9979899
2078,4335,fibroblast,epithelial,11.812772,0.0787518098950386,1.0
3667,3666,fibroblast,fibroblast,10.0688305,0.3358204960823059,0.7643764
4079,4076,fibroblast,fibroblast,10.071808,0.3357725441455841,0.7644282
6822,6823,fibroblast,fibroblast,10.072019,0.3357688784599304,0.7644321
5796,2963,epithelial,epithelial,9.991124,0.3353816270828247,0.76431584
1235,1232,epithelial,epithelial,10.010009,0.33516496419906616,0.76457775
4921,115,immune,immune,10.035808,0.33504238724708557,0.764803
5753,5755,epithelial,epithelial,7.353674,0.24735327064990997,0.8201002
4852,3555,fibroblast,fibroblast,10.035798,0.33473795652389526,0.7650358
5031,3287,epithelial,epithelial,9.906434,0.33452537655830383,0.7645388
4046,4047,fibroblast,fibroblast,10.025842,0.33424532413482666,0.76536196
2123,4795,epithelial,epithelial,9.87355,0.33411484956741333,0.7646851
5379,5360,epithelial,epithelial,8.721902,0.29236942529678345,0.791185
3831,3847,fibroblast,fibroblast,7.1528697,0.23849476873874664,0.8262904
641,639,epithelial,epithelial,9.914517,0.3334267735481262,0.76542044
6032,6034,fibroblast,immune,28.414295,0.25504302978515625,0.9364919
1405,1406,epithelial,epithelial,9.876974,0.33205023407936096,0.766283
3881,3882,fibroblast,fibroblast,9.945201,0.3315730392932892,0.7669975
3526,3525,immune,immune,9.943892,0.3315427899360657,0.767014
5841,5844,fibroblast,fibroblast,9.931884,0.3311854302883148,0.76722676
5982,5983,fibroblast,epithelial,8.605067,0.05736711621284485,1.0
4727,4726,endothelial,fibroblast,8.142817,0.2757081091403961,0.8013779
1436,6701,epithelial,epithelial,9.849319,0.33112359046936035,0.766852
1892,6277,epithelial,epithelial,9.860712,0.3311091959476471,0.7669213
3682,3680,fibroblast,fibroblast,9.9217205,0.3307850956916809,0.767482
947,6664,fibroblast,epithelial,19.994217,0.2701573371887207,0.8720901
5280,5282,epithelial,epithelial,9.860921,0.33026087284088135,0.76757324
704,1985,epithelial,epithelial,9.83902,0.3302149772644043,0.7674964
3540,4053,fibroblast,fibroblast,9.903536,0.3301774859428406,0.76785535
5099,5097,fibroblast,epithelial,9.056134,0.06037422642111778,1.0
6129,6127,fibroblast,fibroblast,9.894322,0.32990437746047974,0.76801795
3503,3502,fibroblast,fibroblast,9.889216,0.3296886086463928,0.7681575
101,102,fibroblast,epithelial,10.132257,0.06754838675260544,1.0
3881,3880,fibroblast,fibroblast,9.8596525,0.3287145793437958,0.76875454
3708,16,fibroblast,fibroblast,9.860075,0.3287123441696167,0.7687584
7072,7074,epithelial,epithelial,9.722382,0.3284437358379364,0.7682594
2011,4557,fibroblast,epithelial,10.4679165,0.06978610903024673,1.0
2370,2368,epithelial,epithelial,5.968335,0.19985978305339813,0.8520834
4541,4542,epithelial,epithelial,9.740422,0.32737958431243896,0.76916987
4072,4047,fibroblast,fibroblast,9.805471,0.32690539956092834,0.7698685
5787,5825,fibroblast,epithelial,14.323371,0.09548913687467575,1.0
1881,1882,fibroblast,epithelial,11.4272175,0.07618144899606705,1.0
4664,4665,fibroblast,epithelial,11.756321,0.07837547361850739,1.0
362,341,epithelial,epithelial,5.6394205,0.1915997415781021,0.8572689
5294,5295,immune,immune,6.008054,0.20061330497264862,0.85166705
4386,4140,epithelial,epithelial,9.698402,0.32539865374565125,0.7704792
1543,1544,epithelial,epithelial,9.679362,0.3251001238822937,0.7706114
2048,2047,epithelial,epithelial,9.696603,0.32508355379104614,0.77071273
2052,2054,epithelial,epithelial,9.648752,0.3247837424278259,0.77069795
1396,1395,epithelial,epithelial,9.669421,0.3242157995700836,0.7712421
6101,6100,fibroblast,immune,16.973532,0.11315687745809555,1.0
6488,6485,fibroblast,fibroblast,9.720331,0.3240753412246704,0.7716122
2011,2007,fibroblast,epithelial,10.149927,0.0676661804318428,1.0
3946,3933,fibroblast,endothelial,9.7011175,0.32347625494003296,0.77197576
3807,210,fibroblast,epithelial,16.896435,0.16164405643939972,0.95218
775,778,fibroblast,epithelial,16.763245,0.1615564376115799,0.9514183
2871,2869,epithelial,epithelial,9.587606,0.3230174779891968,0.77174574
4043,4041,fibroblast,immune,30.444609,0.32279568910598755,0.88706976
3282,3279,epithelial,epithelial,9.587519,0.3227035701274872,0.7719876
6904,6850,fibroblast,epithelial,15.92098,0.12673571705818176,0.9796148
6287,1788,fibroblast,epithelial,21.415289,0.32241904735565186,0.8355622
3717,3715,fibroblast,fibroblast,9.669685,0.3223768472671509,0.772663
111,5289,epithelial,epithelial,6.192977,0.20743681490421295,0.84691894
745,4657,epithelial,epithelial,7.582525,0.25509604811668396,0.81501734
4389,2142,fibroblast,epithelial,10.959988,0.0730665847659111,1.0
6907,3157,epithelial,epithelial,9.588564,0.3219299912452698,0.7725904
3946,3948,fibroblast,fibroblast,9.624013,0.3208954930305481,0.77357286
6855,2317,fibroblast,epithelial,19.163967,0.234367236495018,0.89887846
1543,776,epithelial,epithelial,9.545122,0.3205322027206421,0.7734471
4586,4582,epithelial,epithelial,9.508578,0.320075660943985,0.7736118
1943,5279,fibroblast,epithelial,10.047606,0.06698404252529144,1.0
3459,3456,fibroblast,fibroblast,9.583947,0.31957921385765076,0.7743849
2830,4094,fibroblast,epithelial,14.974357,0.0998290479183197,1.0
5267,2786,fibroblast,epithelial,11.3557205,0.07570480555295944,1.0
4758,2181,epithelial,epithelial,9.477,0.3194744884967804,0.77391404
115,112,immune,immune,9.552459,0.3194102942943573,0.77435315
4708,4711,epithelial,epithelial,5.320972,0.17945295572280884,0.8659052
3436,3437,immune,immune,9.558934,0.31869834661483765,0.7749381
3489,147,fibroblast,epithelial,18.67612,0.2195037305355072,0.9093763
2512,2430,fibroblast,epithelial,11.368269,0.0757884606719017,1.0
4661,4684,epithelial,epithelial,9.471123,0.3183426260948181,0.7747601
3939,3936,fibroblast,fibroblast,9.536854,0.3179505169391632,0.7754037
564,306,epithelial,epithelial,9.440435,0.31788477301597595,0.7749564
775,777,fibroblast,epithelial,16.813066,0.1624847948551178,0.9508512
1239,1242,fibroblast,epithelial,11.039967,0.07359977811574936,1.0
5842,5844,fibroblast,fibroblast,9.518812,0.3174261450767517,0.7757171
698,4566,fibroblast,epithelial,11.484373,0.07656248658895493,1.0
4389,4390,fibroblast,epithelial,10.58597,0.07057313621044159,1.0
520,5340,epithelial,epithelial,7.8889785,0.2635432481765747,0.8098145
6094,6089,immune,epithelial,9.420824,0.3168327212333679,0.7756707
6154,6153,epithelial,epithelial,9.396509,0.3165249228477478,0.7757837
2067,4382,fibroblast,epithelial,9.524394,0.06349596381187439,1.0
3645,4418,fibroblast,fibroblast,9.481787,0.3161621391773224,0.77650654
2128,4144,epithelial,epithelial,9.401588,0.31602686643600464,0.7761965
5116,5097,fibroblast,epithelial,16.668962,0.15764550864696503,0.95454633
1406,1404,epithelial,epithelial,9.356476,0.3151918649673462,0.77661127
5011,2631,fibroblast,epithelial,17.809633,0.19204512238502502,0.9293088
5534,2975,fibroblast,epithelial,16.801495,0.15733100473880768,0.9556906
4005,4004,fibroblast,fibroblast,9.412228,0.31378600001335144,0.77799296
5267,4907,fibroblast,epithelial,9.339138,0.06226092204451561,1.0
3458,3459,fibroblast,fibroblast,9.388056,0.31302934885025024,0.7784564
2667,4329,fibroblast,epithelial,13.155182,0.0877012088894844,1.0
6954,2570,fibroblast,epithelial,6.8114614,0.04540974274277687,1.0
777,776,epithelial,epithelial,4.6262593,0.15531323850154877,0.8829634
2132,2151,fibroblast,epithelial,12.6663265,0.08444217592477798,1.0
6603,6230,epithelial,epithelial,9.221086,0.31051111221313477,0.77955097
6844,6840,fibroblast,fibroblast,9.305713,0.31030601263046265,0.7801509
3482,3479,fibroblast,fibroblast,9.303057,0.3101964592933655,0.78022254
4992,5105,epithelial,epithelial,9.21089,0.31018489599227905,0.7797523
3918,4039,fibroblast,fibroblast,9.304246,0.3101782202720642,0.780243
1380,1382,epithelial,epithelial,9.214419,0.30930742621421814,0.7804552
5299,530,fibroblast,epithelial,15.162485,0.10393377393484116,0.9971535
4740,4819,endothelial,fibroblast,9.157524,0.30719998478889465,0.7818051
3370,3376,fibroblast,fibroblast,9.205592,0.3068934679031372,0.7822954
3321,3319,fibroblast,fibroblast,9.201437,0.306744247674942,0.7823905
6828,6841,endothelial,fibroblast,9.189719,0.3063912093639374,0.7826056
6954,7078,fibroblast,epithelial,6.4540277,0.04302684962749481,1.0
3268,3269,epithelial,epithelial,9.138294,0.30624040961265564,0.7824553
218,147,fibroblast,epithelial,8.087495,0.05391663312911987,1.0
6032,6023,fibroblast,immune,29.81229,0.30488643050193787,0.8993007
2434,6985,fibroblast,epithelial,9.569642,0.06379761546850204,1.0
1467,1482,epithelial,epithelial,9.076629,0.3044118285179138,0.7835652
6922,6925,epithelial,epithelial,9.027137,0.303849995136261,0.78374696
2374,7051,fibroblast,epithelial,14.225372,0.09483581781387329,1.0
612,4541,epithelial,epithelial,9.044364,0.30363890528678894,0.7840024
586,606,epithelial,epithelial,8.907838,0.30358242988586426,0.7833334
1080,6410,fibroblast,fibroblast,9.091316,0.30344119668006897,0.78440297
4208,2071,fibroblast,epithelial,10.645512,0.0709700807929039,1.0
6029,6027,fibroblast,epithelial,21.184078,0.303097665309906,0.85055137
5871,5870,fibroblast,epithelial,7.5683846,0.05045589804649353,1.0
6658,1322,fibroblast,epithelial,13.786787,0.0919119119644165,1.0
5999,5996,immune,immune,9.055838,0.30277717113494873,0.78473836
1610,1620,fibroblast,epithelial,13.174804,0.0878320261836052,1.0
5205,5207,fibroblast,epithelial,16.621096,0.15120913088321686,0.96040344
4893,4888,epithelial,epithelial,6.3893056,0.21469154953956604,0.8418982
3918,3915,fibroblast,fibroblast,9.067149,0.30226993560791016,0.7851957
6614,6612,fibroblast,epithelial,13.764533,0.09176355600357056,1.0
6504,6489,fibroblast,epithelial,16.684128,0.15090912580490112,0.9610954
1547,1554,epithelial,epithelial,8.995742,0.30127957463264465,0.78559965
3478,3529,fibroblast,fibroblast,9.025032,0.30088484287261963,0.7860633
2487,7143,fibroblast,epithelial,12.511444,0.0834096297621727,1.0
1656,1651,epithelial,epithelial,8.908347,0.30050891637802124,0.7857474
5195,5201,fibroblast,epithelial,9.5751505,0.06383433938026428,1.0
203,3790,epithelial,epithelial,8.987731,0.2998322546482086,0.7866955
3964,3965,fibroblast,fibroblast,8.991874,0.2997744083404541,0.7867627
4062,4063,fibroblast,fibroblast,8.985296,0.29956725239753723,0.7868912
6961,6960,fibroblast,endothelial,6.20415,0.2080620974302292,0.8464526
4783,4144,epithelial,epithelial,8.906297,0.29894179105758667,0.78696895
3702,3585,fibroblast,fibroblast,8.960486,0.29875537753105164,0.78740007
472,480,fibroblast,epithelial,12.378846,0.08252564072608948,1.0
5548,2994,fibroblast,epithelial,9.522599,0.06348399817943573,1.0
3732,3726,fibroblast,fibroblast,8.942905,0.29813098907470703,0.78779954
5514,5512,fibroblast,fibroblast,8.888388,0.29698315262794495,0.7884177
1398,1361,fibroblast,epithelial,10.709222,0.07139480859041214,1.0
37,40,fibroblast,epithelial,12.118689,0.08079125732183456,1.0
3257,3255,fibroblast,epithelial,14.78198,0.09854652732610703,1.0
5305,50,fibroblast,epithelial,20.835276,0.29620012640953064,0.85444915
7112,7111,epithelial,epithelial,8.818022,0.29615113139152527,0.7887039
2123,4805,epithelial,epithelial,8.790195,0.2954481840133667,0.7891121
6756,1311,fibroblast,epithelial,11.260488,0.07506991922855377,1.0
2524,2514,fibroblast,epithelial,12.446824,0.08297882974147797,1.0
5181,5203,fibroblast,epithelial,20.980879,0.2949308753013611,0.8563652
7095,2325,fibroblast,epithelial,11.634697,0.07756464928388596,1.0
2118,2102,fibroblast,epithelial,12.617735,0.08411823213100433,1.0
3777,3782,immune,immune,8.802719,0.2934606671333313,0.79074806
6559,1242,fibroblast,epithelial,13.055282,0.08703520894050598,1.0
3399,3397,immune,immune,8.784011,0.2929571866989136,0.79104763
865,863,fibroblast,epithelial,11.152488,0.07434991747140884,1.0
2359,2361,fibroblast,epithelial,13.566963,0.09044642001390457,1.0
3671,3669,fibroblast,fibroblast,8.751358,0.29187145829200745,0.7917346
5614,5607,fibroblast,epithelial,11.444904,0.07629936188459396,1.0
3934,3935,fibroblast,fibroblast,8.742171,0.29145172238349915,0.7920185
6114,6117,endothelial,fibroblast,8.736019,0.2913067042827606,0.79210085
2798,4908,fibroblast,epithelial,16.385178,0.14552642405033112,0.96435875
4944,107,fibroblast,epithelial,12.949792,0.08633194863796234,1.0
3455,15,fibroblast,fibroblast,8.713844,0.29052120447158813,0.7926061
6559,5918,fibroblast,epithelial,12.837526,0.08558350801467896,1.0
6101,6289,fibroblast,immune,21.762774,0.1450851559638977,1.0
2970,5533,fibroblast,epithelial,12.840419,0.0856027901172638,1.0
2324,2325,fibroblast,epithelial,8.281187,0.055207911878824234,1.0
2520,2516,epithelial,epithelial,8.619009,0.2878822088241577,0.7941983
4645,4649,epithelial,epithelial,8.564278,0.2877587080001831,0.7940066
3577,3582,fibroblast,fibroblast,8.628863,0.28767549991607666,0.79441464
4221,2083,fibroblast,epithelial,7.4993863,0.04999591037631035,1.0
3471,3670,fibroblast,fibroblast,8.608572,0.28704726696014404,0.79480636
5933,1799,fibroblast,epithelial,12.174741,0.08116494119167328,1.0
5162,2951,fibroblast,epithelial,20.737875,0.28673550486564636,0.86201465
2090,2089,epithelial,epithelial,8.565197,0.28664785623550415,0.794894
5730,5732,epithelial,epithelial,8.538681,0.2864893078804016,0.7948795
2748,6914,fibroblast,epithelial,11.561955,0.07707970589399338,1.0
320,324,fibroblast,epithelial,12.615182,0.08410121500492096,1.0
6443,1174,fibroblast,epithelial,14.927986,0.09951990842819214,1.0
6977,2431,fibroblast,epithelial,8.778944,0.05852629244327545,1.0
6405,6403,fibroblast,epithelial,17.830046,0.19136133790016174,0.930071
1949,2904,epithelial,epithelial,8.491287,0.28513914346694946,0.795702
758,754,epithelial,epithelial,7.0521584,0.23659440875053406,0.8273065
3710,3707,fibroblast,fibroblast,8.546088,0.28489094972610474,0.7961903
4785,4778,fibroblast,epithelial,9.314189,0.062094591557979584,1.0
547,546,fibroblast,epithelial,11.8021965,0.07868131250143051,1.0
3271,3270,epithelial,epithelial,8.481487,0.2847262918949127,0.79597855
3870,741,fibroblast,epithelial,15.902545,0.12856437265872955,0.9777049
4674,721,epithelial,epithelial,6.8495407,0.2312058061361313,0.8306538
83,85,epithelial,epithelial,8.478216,0.2842385470867157,0.7963495
5930,1771,epithelial,epithelial,8.468079,0.2841126322746277,0.79639596
5355,5199,immune,immune,6.0417156,0.20313021540641785,0.84971684
3731,3732,fibroblast,fibroblast,8.507821,0.2836262285709381,0.79699457
6955,6958,fibroblast,epithelial,15.015857,0.10204736888408661,0.9980602
3460,3534,fibroblast,fibroblast,8.489853,0.28303372859954834,0.7973714
114,115,epithelial,immune,8.451612,0.28290805220603943,0.79726833
526,524,epithelial,epithelial,6.3822784,0.21325255930423737,0.84307104
4273,2226,fibroblast,epithelial,10.982914,0.0732194259762764,1.0
3530,3527,fibroblast,fibroblast,8.4793215,0.2827146053314209,0.79756993
5441,5443,fibroblast,epithelial,14.007041,0.09338027238845825,1.0
3287,3288,epithelial,epithelial,8.395758,0.28238341212272644,0.79738975
2374,2375,fibroblast,epithelial,9.239647,0.06159764528274536,1.0
4050,4045,fibroblast,fibroblast,8.464187,0.28217780590057373,0.79791766
6492,6016,fibroblast,immune,21.096464,0.14064309000968933,1.0
882,5903,epithelial,epithelial,8.371414,0.2809485197067261,0.7984052
5778,3204,fibroblast,epithelial,12.962075,0.08641383796930313,1.0
6176,6131,fibroblast,immune,29.177738,0.2802645266056061,0.91782707
3939,3940,fibroblast,fibroblast,8.405993,0.28024742007255554,0.79914933
2374,2356,fibroblast,epithelial,12.136775,0.08091183006763458,1.0
4712,4711,fibroblast,epithelial,10.339576,0.06893050670623779,1.0
2540,2537,fibroblast,epithelial,9.35633,0.06237553432583809,1.0
6047,1229,fibroblast,epithelial,16.519697,0.14677855372428894,0.96401614
719,720,epithelial,epithelial,8.279142,0.27766525745391846,0.80053824
5874,1000,epithelial,epithelial,8.271752,0.2775047719478607,0.8006273
3519,3505,fibroblast,fibroblast,8.323023,0.2774662673473358,0.8009318
5842,5532,fibroblast,fibroblast,8.315962,0.27736929059028625,0.8009718
947,948,fibroblast,epithelial,11.770825,0.07847216725349426,1.0
3946,3983,fibroblast,epithelial,20.450891,0.27700769901275635,0.86877733
5333,517,fibroblast,epithelial,13.29028,0.08860187232494354,1.0
3580,3582,fibroblast,fibroblast,8.301647,0.27677181363105774,0.801374
1896,5960,fibroblast,immune,23.130817,0.15420545637607574,1.0
1398,1399,fibroblast,epithelial,9.168727,0.06112484633922577,1.0
4861,4856,fibroblast,epithelial,7.9020576,0.05268038436770439,1.0
5884,884,epithelial,epithelial,8.222282,0.27569103240966797,0.8018162
3481,3480,fibroblast,fibroblast,8.269756,0.2756841778755188,0.80207556
3214,5730,epithelial,epithelial,8.183426,0.27535998821258545,0.801874
6493,6499,fibroblast,immune,20.62315,0.13748766481876373,1.0
4952,102,fibroblast,epithelial,16.158867,0.13741961121559143,0.9707427
3549,3576,fibroblast,epithelial,20.377605,0.2745809853076935,0.8704628
3908,163,fibroblast,epithelial,20.319204,0.2738962769508362,0.8707199
6421,6420,fibroblast,epithelial,16.102404,0.13630099594593048,0.97146344
3322,3319,fibroblast,fibroblast,8.163835,0.2721572816371918,0.8043412
7103,7101,fibroblast,epithelial,10.934428,0.07289618998765945,1.0
4902,2793,fibroblast,epithelial,11.7487755,0.07832516729831696,1.0
6911,6910,fibroblast,epithelial,9.810318,0.06540212035179138,1.0
1643,1641,epithelial,epithelial,8.07601,0.2712777256965637,0.80457777
3792,215,fibroblast,epithelial,16.22071,0.1355724334716797,0.97293854
558,557,fibroblast,epithelial,9.08598,0.06057320162653923,1.0
5738,7146,fibroblast,epithelial,9.329254,0.062195029109716415,1.0
6182,6179,epithelial,epithelial,8.07136,0.2705952227115631,0.8051021
586,588,epithelial,epithelial,7.9718447,0.2704724669456482,0.80466694
3583,3581,fibroblast,fibroblast,8.087779,0.26961737871170044,0.805978
6046,5924,fibroblast,epithelial,20.178267,0.2695128321647644,0.87372375
5738,5741,fibroblast,epithelial,9.245419,0.061636123806238174,1.0
4770,4605,fibroblast,epithelial,8.735553,0.058237019926309586,1.0
37,45,fibroblast,epithelial,10.417629,0.06945086270570755,1.0
150,34,fibroblast,epithelial,8.219647,0.05479764938354492,1.0
3717,3736,fibroblast,fibroblast,8.064688,0.2688628137111664,0.8064622
2382,2361,fibroblast,epithelial,11.99922,0.079994797706604,1.0
2145,4758,epithelial,epithelial,7.9261913,0.26802894473075867,0.8063901
337,341,fibroblast,epithelial,13.017601,0.0867840051651001,1.0
504,5300,fibroblast,epithelial,19.93946,0.26760047674179077,0.87400365
5540,2975,fibroblast,epithelial,20.07575,0.2666815519332886,0.87560236
2418,6973,fibroblast,epithelial,13.253318,0.08835545182228088,1.0
5850,5868,fibroblast,epithelial,12.349115,0.08232743293046951,1.0
4074,4066,fibroblast,fibroblast,7.9269433,0.26426833868026733,0.8094324
4428,4424,fibroblast,fibroblast,7.9208727,0.2642487585544586,0.80941546
1231,1228,epithelial,epithelial,7.8640623,0.2639749050140381,0.8093306
500,497,epithelial,epithelial,7.862356,0.26384276151657104,0.80942833
6833,6834,fibroblast,fibroblast,7.9114537,0.26377594470977783,0.8097474
5926,1229,fibroblast,epithelial,16.080526,0.1317243129014969,0.9757774
3625,3631,fibroblast,fibroblast,7.8925133,0.2632419764995575,0.8100776
5113,5096,fibroblast,epithelial,10.117518,0.06745012104511261,1.0
1288,1286,epithelial,epithelial,7.8129683,0.26279518008232117,0.81000996
6823,6824,fibroblast,fibroblast,7.8829565,0.26278844475746155,0.81039345
455,456,fibroblast,epithelial,7.80854,0.0520569309592247,1.0
108,107,fibroblast,epithelial,11.259021,0.07506013661623001,1.0
4391,2048,epithelial,epithelial,7.820515,0.261947363615036,0.8107378
2943,5172,fibroblast,epithelial,8.830703,0.058871351182460785,1.0
5005,2642,fibroblast,epithelial,9.617163,0.06411442160606384,1.0
6909,6907,immune,epithelial,7.7482986,0.2614107131958008,0.81078255
3777,3778,immune,immune,5.720932,0.19073057174682617,0.85848075
915,924,epithelial,epithelial,7.768899,0.2610183656215668,0.8112121
3949,3935,fibroblast,fibroblast,7.825757,0.26090458035469055,0.811612
6124,6125,fibroblast,fibroblast,7.8244195,0.26090168952941895,0.8116071
4985,4984,fibroblast,epithelial,14.019725,0.09346482902765274,1.0
6698,6695,epithelial,epithelial,7.765803,0.2607496976852417,0.81141335
5329,5308,fibroblast,fibroblast,7.816343,0.26072442531585693,0.8117073
5352,5351,endothelial,epithelial,7.748692,0.2606755197048187,0.811381
6027,5930,epithelial,epithelial,7.780563,0.260565847158432,0.8116424
2748,2744,fibroblast,epithelial,9.610683,0.06407122313976288,1.0
5649,5637,fibroblast,epithelial,15.995232,0.12976308166980743,0.9771372
6959,7051,fibroblast,epithelial,7.4433193,0.049622129648923874,1.0
4273,4282,fibroblast,epithelial,9.181132,0.061207547783851624,1.0
6693,6696,fibroblast,epithelial,16.861256,0.16182231903076172,0.95178705
7140,5300,fibroblast,epithelial,19.790049,0.2584947347640991,0.8811203
4073,4072,fibroblast,fibroblast,7.7481213,0.25830891728401184,0.8133004
2554,2525,epithelial,epithelial,7.6359057,0.2569086253643036,0.813831
5175,5183,fibroblast,epithelial,17.73346,0.18789392709732056,0.93270075
4421,4424,fibroblast,fibroblast,7.6938233,0.25654518604278564,0.8144412
3504,4000,fibroblast,epithelial,18.0025,0.19483518600463867,0.9279119
2369,2370,fibroblast,epithelial,12.770977,0.08513984829187393,1.0
6119,6121,fibroblast,immune,19.206558,0.12804372608661652,1.0
3257,5443,fibroblast,epithelial,11.759785,0.07839856296777725,1.0
5845,5838,fibroblast,epithelial,18.027466,0.19715917110443115,0.925912
6814,6812,fibroblast,fibroblast,7.669653,0.2557123899459839,0.81498843
4820,4763,epithelial,epithelial,7.58914,0.25557076930999756,0.81466645
6480,6481,fibroblast,epithelial,18.689564,0.2188059687614441,0.91009265
5981,5985,fibroblast,epithelial,11.455513,0.07637009024620056,1.0
6072,6071,fibroblast,immune,22.193045,0.14795362949371338,1.0
3421,3422,fibroblast,fibroblast,7.6043086,0.2535032033920288,0.81643516
2394,2395,epithelial,epithelial,7.5581517,0.2532495856285095,0.816391
5173,5151,fibroblast,epithelial,15.896972,0.12649869918823242,0.9796902
6874,6873,fibroblast,fibroblast,7.549828,0.25169751048088074,0.81761366
3326,3325,fibroblast,fibroblast,7.547893,0.25165146589279175,0.8176408
5981,5984,fibroblast,epithelial,11.182043,0.07454695552587509,1.0
6283,6083,fibroblast,immune,18.843918,0.1256261169910431,1.0
4326,4152,fibroblast,fibroblast,7.514141,0.25083088874816895,0.8181279
6047,1233,fibroblast,epithelial,15.886327,0.12533150613307953,0.98076475
6107,6108,fibroblast,fibroblast,7.5181313,0.25063765048980713,0.81830776
1662,6612,fibroblast,epithelial,8.561314,0.05707542598247528,1.0
2716,2720,epithelial,epithelial,7.3710427,0.2504016160964966,0.8176987
3270,3269,epithelial,epithelial,7.4477105,0.25035589933395386,0.81815416
6921,3139,fibroblast,epithelial,9.0605545,0.060403697192668915,1.0
6040,6041,fibroblast,epithelial,19.649574,0.2503311038017273,0.8875114
6702,6688,fibroblast,epithelial,10.410344,0.0694022923707962,1.0
5324,5294,fibroblast,immune,18.71964,0.12479760497808456,1.0
3631,3628,fibroblast,fibroblast,7.4796634,0.24946445226669312,0.8190583
2934,2937,epithelial,epithelial,7.450858,0.24941185116767883,0.8189441
2359,6940,fibroblast,epithelial,8.618658,0.05745771899819374,1.0
569,571,fibroblast,epithelial,7.104294,0.047361958771944046,1.0
214,3398,immune,immune,7.4696255,0.24903135001659393,0.8193583
80,4894,fibroblast,epithelial,12.682897,0.08455264568328857,1.0
5152,5153,epithelial,epithelial,7.2867427,0.24871301651000977,0.81862044
6915,6916,fibroblast,epithelial,11.98975,0.07993166893720627,1.0
6915,6910,fibroblast,epithelial,11.974765,0.07983176410198212,1.0
101,103,fibroblast,epithelial,15.791896,0.12403871864080429,0.98141545
5299,5284,fibroblast,epithelial,10.969085,0.07312723249197006,1.0
3954,3962,fibroblast,immune,22.067719,0.14711812138557434,1.0
2418,2437,fibroblast,epithelial,11.820372,0.07880247384309769,1.0
7113,7112,fibroblast,epithelial,16.987637,0.1691012978553772,0.9456806
6019,6022,fibroblast,fibroblast,7.3628225,0.24548226594924927,0.82168615
4091,2631,fibroblast,epithelial,15.749227,0.1226908341050148,0.98245966
6849,6902,fibroblast,endothelial,7.335183,0.24461767077445984,0.82224536
4073,4060,fibroblast,fibroblast,7.335886,0.24455775320529938,0.82229847
3334,176,fibroblast,fibroblast,7.326103,0.24422669410705566,0.8225171
3430,183,fibroblast,epithelial,18.09943,0.19962427020072937,0.9240756
5964,5960,fibroblast,immune,18.278986,0.12185990810394287,1.0
2538,2536,fibroblast,epithelial,14.190706,0.09460470825433731,1.0
226,223,fibroblast,fibroblast,7.2698283,0.24236375093460083,0.82374173
1766,5977,epithelial,epithelial,7.233318,0.24190597236156464,0.82391834
5563,3105,fibroblast,epithelial,13.895605,0.09263736754655838,1.0
3821,3840,fibroblast,immune,27.91736,0.24048736691474915,0.9470801
5847,5849,fibroblast,immune,8.811687,0.058744583278894424,1.0
212,211,fibroblast,epithelial,9.185835,0.06123889982700348,1.0
2529,2525,epithelial,epithelial,7.1592298,0.24005553126335144,0.82503676
6455,1182,fibroblast,epithelial,19.29224,0.23963536322116852,0.89492047
6683,6655,fibroblast,epithelial,16.277578,0.14314649999141693,0.9659634
4039,4040,fibroblast,fibroblast,7.1706023,0.2390584945678711,0.82592237
5563,3104,fibroblast,epithelial,5.681556,0.03787704184651375,1.0
2353,2356,fibroblast,epithelial,9.620289,0.06413526087999344,1.0
3517,3516,fibroblast,fibroblast,7.145758,0.23822419345378876,0.82647485
2118,2114,fibroblast,epithelial,8.152913,0.05435275286436081,1.0
3881,3883,fibroblast,fibroblast,7.1345096,0.23785793781280518,0.8267156
7139,93,fibroblast,epithelial,8.3149395,0.05543293058872223,1.0
2943,5180,fibroblast,epithelial,6.9089227,0.04605948552489281,1.0
3958,3960,fibroblast,epithelial,19.278755,0.2373521625995636,0.89688545
6155,6153,epithelial,epithelial,7.0315943,0.23665791749954224,0.82714057
330,331,fibroblast,epithelial,15.421337,0.11828719079494476,0.9846409
5092,2934,fibroblast,epithelial,18.896809,0.23650793731212616,0.8953602
3625,4652,fibroblast,fibroblast,7.068075,0.23582209646701813,0.82803357
6799,2379,fibroblast,fibroblast,7.0706754,0.23570913076400757,0.82814145
915,917,epithelial,epithelial,7.00656,0.2355293482542038,0.8279364
6377,6378,fibroblast,epithelial,15.528704,0.11754363775253296,0.98607886
4345,4357,fibroblast,epithelial,15.413486,0.11753875762224197,0.9853265
2529,2527,epithelial,epithelial,7.0117645,0.23481716215610504,0.828555
6921,3138,fibroblast,epithelial,7.8954897,0.05263659730553627,1.0
7065,2391,fibroblast,epithelial,17.608221,0.18269586563110352,0.93677914
3640,3642,fibroblast,immune,26.648762,0.1962616890668869,0.9815687
3516,3505,fibroblast,fibroblast,7.0054226,0.2335420548915863,0.8295771
4021,230,fibroblast,epithelial,19.115303,0.23339450359344482,0.8994614
3575,3576,fibroblast,epithelial,19.150608,0.23319412767887115,0.8998534
2630,2629,fibroblast,epithelial,10.459961,0.06973307579755783,1.0
6043,6044,fibroblast,immune,17.482323,0.1165488213300705,1.0
455,4427,fibroblast,epithelial,8.024915,0.053499430418014526,1.0
3863,3851,fibroblast,immune,21.001759,0.140011727809906,1.0
6019,6020,fibroblast,immune,27.67829,0.2320989966392517,0.953537
4945,4882,fibroblast,epithelial,12.091098,0.08060731738805771,1.0
5935,1786,fibroblast,epithelial,6.3821445,0.04254762828350067,1.0
6743,1282,fibroblast,epithelial,17.375244,0.17459946870803833,0.9429288
2596,2609,epithelial,epithelial,6.8711514,0.2311626672744751,0.8308093
3710,3703,fibroblast,epithelial,19.088863,0.23099005222320557,0.9014678
6114,6159,endothelial,fibroblast,6.924358,0.23089814186096191,0.8313239
3469,3470,fibroblast,fibroblast,6.919535,0.2307889312505722,0.831388
516,515,epithelial,epithelial,6.873933,0.23051518201828003,0.83136284
4853,4850,fibroblast,fibroblast,6.910539,0.23038029670715332,0.8316779
2183,2181,epithelial,epithelial,6.851263,0.2302774339914322,0.83143485
6614,7150,fibroblast,epithelial,16.327282,0.1449050009250641,0.96458584
4819,423,fibroblast,epithelial,17.023643,0.17151464521884918,0.9436276
5291,5289,fibroblast,epithelial,7.558989,0.05039326101541519,1.0
1085,1113,fibroblast,epithelial,16.148169,0.1353030800819397,0.9727301
5380,5381,fibroblast,fibroblast,6.860891,0.22923707962036133,0.8323537
504,4834,fibroblast,epithelial,18.667454,0.22851434350013733,0.90116704
3961,3962,fibroblast,immune,19.248446,0.12832297384738922,1.0
4388,2178,fibroblast,epithelial,8.641372,0.05760914459824562,1.0
3334,3333,fibroblast,fibroblast,6.84049,0.22804544866085052,0.8332328
3515,3503,fibroblast,fibroblast,6.8351316,0.2278721034526825,0.8333475
6068,1854,fibroblast,epithelial,17.087446,0.17087161540985107,0.9446363
5463,5466,fibroblast,epithelial,8.319257,0.055461712181568146,1.0
5333,535,fibroblast,epithelial,9.577254,0.06384836137294769,1.0
5933,1786,fibroblast,epithelial,7.7232943,0.05148862674832344,1.0
4067,4066,fibroblast,fibroblast,6.8103976,0.22704754769802094,0.8338974
1385,1383,fibroblast,epithelial,4.62648,0.030843200162053108,1.0
5845,5849,fibroblast,immune,16.988241,0.11325494199991226,1.0
3766,3901,fibroblast,immune,19.66442,0.13109612464904785,1.0
3586,3588,fibroblast,fibroblast,6.7789173,0.22598488628864288,0.83460885
3734,3735,fibroblast,fibroblast,6.7742586,0.225860133767128,0.83468705
5778,3205,fibroblast,epithelial,8.873291,0.05915527418255806,1.0
2058,2828,fibroblast,epithelial,16.70706,0.15775039792060852,0.95468867
2701,2700,fibroblast,epithelial,7.4536433,0.04969095438718796,1.0
5803,5814,fibroblast,epithelial,18.874922,0.2252977192401886,0.9053217
4073,4074,fibroblast,fibroblast,6.756134,0.2252318561077118,0.8351107
5092,5091,fibroblast,epithelial,15.386656,0.11244947463274002,0.9901768
2779,4855,fibroblast,epithelial,11.640846,0.07760564237833023,1.0
5099,5087,fibroblast,epithelial,6.8233943,0.045489296317100525,1.0
1791,5937,fibroblast,epithelial,6.0254326,0.040169551968574524,1.0
3322,3370,fibroblast,fibroblast,6.705246,0.22353528439998627,0.836245
5291,5288,fibroblast,epithelial,7.0798435,0.047198954969644547,1.0
3821,3811,fibroblast,immune,24.120764,0.1608050912618637,1.0
5535,5533,fibroblast,epithelial,16.9784,0.16385434567928314,0.95059705
3896,162,fibroblast,epithelial,18.778692,0.22270172834396362,0.90709287
5272,5269,endothelial,fibroblast,6.665065,0.22244858741760254,0.83693004
3471,3669,fibroblast,fibroblast,6.6437993,0.2215355932712555,0.83757573
6860,2315,fibroblast,epithelial,18.570326,0.22092598676681519,0.90744364
6045,5924,fibroblast,epithelial,18.737734,0.22069011628627777,0.90867126
6954,6958,fibroblast,epithelial,10.582695,0.070551298558712,1.0
2757,7022,fibroblast,epithelial,8.50194,0.05667959898710251,1.0
2701,2702,fibroblast,epithelial,7.020671,0.04680447280406952,1.0
4700,579,fibroblast,epithelial,9.978655,0.06652436405420303,1.0
6007,6006,fibroblast,fibroblast,6.559441,0.2187066525220871,0.8394763
317,4643,fibroblast,epithelial,5.2132335,0.03475489094853401,1.0
7064,6949,fibroblast,epithelial,15.991499,0.12835654616355896,0.9784882
213,211,fibroblast,epithelial,15.409703,0.10884182155132294,0.99390817
6116,6117,fibroblast,fibroblast,6.513944,0.2172689288854599,0.8404291
3997,3988,fibroblast,immune,27.282093,0.21719719469547272,0.9652998
3327,3333,fibroblast,fibroblast,6.51224,0.2171027660369873,0.84055924
1076,6436,fibroblast,epithelial,8.704691,0.058031272143125534,1.0
5301,5304,fibroblast,epithelial,7.2587023,0.048391349613666534,1.0
5982,5989,fibroblast,immune,16.232145,0.10821430385112762,1.0
5255,3646,fibroblast,epithelial,17.509838,0.17875757813453674,0.9398591
1982,1980,fibroblast,epithelial,15.201184,0.10757739096879959,0.99378324
150,3304,fibroblast,epithelial,8.906351,0.05937567353248596,1.0
3361,3360,fibroblast,fibroblast,6.409866,0.21368327736854553,0.842863
5216,69,fibroblast,immune,17.432814,0.11621876060962677,1.0
2953,5343,epithelial,epithelial,6.291573,0.2130148708820343,0.8427617
6863,6856,fibroblast,epithelial,16.350618,0.1404624581336975,0.96903133
3520,3518,fibroblast,fibroblast,6.370048,0.21238277852535248,0.8437359
186,184,fibroblast,epithelial,8.272594,0.055150628089904785,1.0
6072,6080,fibroblast,immune,15.899244,0.10599496215581894,1.0
3310,3303,fibroblast,epithelial,8.688328,0.057922184467315674,1.0
6819,6801,fibroblast,immune,21.40071,0.1426713913679123,1.0
3938,3691,fibroblast,immune,19.891264,0.13260842859745026,1.0
2132,4820,fibroblast,epithelial,15.945654,0.1395067721605301,0.96734273
3184,5838,fibroblast,epithelial,13.540529,0.09027019143104553,1.0
633,643,fibroblast,epithelial,7.4931684,0.049954455345869064,1.0
3196,3197,fibroblast,epithelial,9.220024,0.06146682798862457,1.0
6873,6872,fibroblast,immune,18.643959,0.12429305911064148,1.0
6693,6688,fibroblast,epithelial,15.159191,0.10444454848766327,0.99662244
6815,6812,fibroblast,fibroblast,6.2400374,0.20804229378700256,0.8466719
3532,4002,fibroblast,immune,26.99822,0.20804020762443542,0.9723377
1572,1573,epithelial,epithelial,6.1899776,0.20776426792144775,0.84662473
2058,4126,fibroblast,epithelial,9.941734,0.06627822667360306,1.0
6488,6481,fibroblast,epithelial,17.260103,0.17086580395698547,0.94572973
2058,2060,fibroblast,epithelial,16.20264,0.13921208679676056,0.96928704
6658,6655,fibroblast,epithelial,7.5724063,0.05048270896077156,1.0
7128,3859,fibroblast,epithelial,16.408995,0.14264452457427979,0.9672955
3040,3039,fibroblast,epithelial,7.585627,0.05057084560394287,1.0
6490,6499,fibroblast,immune,26.95004,0.20569491386413574,0.97430784
3712,16,fibroblast,fibroblast,6.1519513,0.20509034395217896,0.8486764
4852,4851,fibroblast,fibroblast,6.1476827,0.20501898229122162,0.8487128
6404,6403,fibroblast,epithelial,15.436377,0.11113299429416656,0.9918099
5330,5237,fibroblast,immune,21.877415,0.14584943652153015,1.0
4732,4735,fibroblast,epithelial,12.153072,0.08102048188447952,1.0
4982,4981,fibroblast,epithelial,13.172911,0.087819404900074,1.0
5871,5757,fibroblast,epithelial,14.860638,0.10099811851978302,0.99807465
3498,227,fibroblast,epithelial,16.430016,0.14256013929843903,0.9675127
4443,4735,fibroblast,epithelial,11.023107,0.07348737865686417,1.0
3441,3442,fibroblast,immune,16.328852,0.10885901004076004,1.0
4105,4107,fibroblast,epithelial,15.077967,0.10051977634429932,1.0
6763,6760,fibroblast,fibroblast,6.010196,0.2003917694091797,0.8518679
7130,3962,fibroblast,immune,15.019074,0.10012716054916382,1.0
5121,5122,fibroblast,epithelial,10.297799,0.06865199655294418,1.0
4655,4657,fibroblast,epithelial,11.220688,0.07480458915233612,1.0
6961,2569,fibroblast,epithelial,15.173842,0.10850135236978531,0.9926845
4118,4116,fibroblast,fibroblast,5.962947,0.19918924570083618,0.8526243
5298,5304,fibroblast,epithelial,14.9235735,0.09949049353599548,1.0
3941,3703,fibroblast,epithelial,18.127577,0.1989509016275406,0.92487156
3522,4000,fibroblast,epithelial,16.268421,0.1370202749967575,0.97183996
6005,1782,fibroblast,epithelial,18.035032,0.19850926101207733,0.92470944
219,147,fibroblast,epithelial,14.878137,0.09918757528066635,1.0
6286,6103,fibroblast,epithelial,15.880891,0.1261366605758667,0.9799399
3686,3685,fibroblast,fibroblast,5.9299107,0.19771070778369904,0.85369784
4116,2839,fibroblast,epithelial,15.9482565,0.130097433924675,0.9765047
6702,6689,fibroblast,epithelial,15.578644,0.12144654244184494,0.98256487
6046,1240,fibroblast,epithelial,18.03325,0.19742898643016815,0.9256979
4959,4958,fibroblast,fibroblast,5.9096284,0.19705353677272797,0.85414356
5935,5937,fibroblast,epithelial,3.451019,0.02300679311156273,1.0
234,4476,fibroblast,epithelial,14.701544,0.09801029413938522,1.0
6634,6341,fibroblast,epithelial,15.469402,0.11442751437425613,0.9887654
5532,2975,fibroblast,epithelial,17.971373,0.19528023898601532,0.92730653
5121,5123,fibroblast,epithelial,11.090089,0.0739339292049408,1.0
3613,741,fibroblast,epithelial,14.620571,0.0974704772233963,1.0
4705,4486,fibroblast,epithelial,14.615205,0.09743469953536987,1.0
1239,5923,fibroblast,epithelial,14.605919,0.09737279266119003,1.0
4982,4984,fibroblast,epithelial,8.626539,0.05751026049256325,1.0
5381,5747,fibroblast,fibroblast,5.8156433,0.19436784088611603,0.85590416
5116,2945,fibroblast,epithelial,14.5596485,0.09706432372331619,1.0
5328,5237,fibroblast,immune,20.397251,0.13598167896270752,1.0
4843,4841,fibroblast,epithelial,14.54816,0.09698773175477982,1.0
6684,6655,fibroblast,epithelial,14.647313,0.0976487547159195,1.0
5216,4957,fibroblast,immune,14.536616,0.09691077470779419,1.0
6651,6696,fibroblast,epithelial,7.281711,0.048544742166996,1.0
4842,4844,fibroblast,epithelial,15.912256,0.1259070187807083,0.9803699
2418,2419,fibroblast,epithelial,7.7798567,0.05186571180820465,1.0
5176,4855,fibroblast,epithelial,14.465622,0.0964374765753746,1.0
95,4844,fibroblast,epithelial,6.539146,0.04359430447220802,1.0
6693,6655,fibroblast,epithelial,14.437309,0.09624873101711273,1.0
2412,4219,fibroblast,epithelial,14.431842,0.09621227532625198,1.0
6863,6872,fibroblast,immune,16.125563,0.1075037494301796,1.0
4030,4041,fibroblast,immune,26.532093,0.19172081351280212,0.98526937
3716,3719,fibroblast,epithelial,17.90068,0.1914072334766388,0.93046635
234,4471,fibroblast,epithelial,14.352691,0.09568460285663605,1.0
5634,5632,fibroblast,epithelial,8.941418,0.05960945039987564,1.0
6835,6834,fibroblast,fibroblast,5.7312346,0.19108979403972626,0.85823137
2966,2968,fibroblast,epithelial,8.339999,0.05559999495744705,1.0
4096,2840,fibroblast,epithelial,15.752564,0.12190651893615723,0.9832524
4067,4070,fibroblast,fibroblast,5.725989,0.19089627265930176,0.85836744
6500,6442,fibroblast,epithelial,15.026647,0.10017764568328857,1.0
3911,3901,fibroblast,immune,14.299478,0.09532985091209412,1.0
7042,7061,fibroblast,immune,21.825542,0.14550361037254333,1.0
3831,3833,fibroblast,immune,14.248564,0.09499042481184006,1.0
5116,5122,fibroblast,epithelial,14.244655,0.09496436268091202,1.0
5316,5314,fibroblast,epithelial,17.560055,0.18990352749824524,0.9297528
2925,2924,fibroblast,epithelial,14.946291,0.09964194148778915,1.0
4904,4907,fibroblast,epithelial,14.189615,0.09459743648767471,1.0
2067,2035,fibroblast,epithelial,14.189383,0.09459588676691055,1.0
7139,83,fibroblast,epithelial,14.175276,0.09450183808803558,1.0
3673,3674,fibroblast,fibroblast,5.66876,0.1889958679676056,0.8596722
3539,3519,fibroblast,fibroblast,5.6655746,0.18887445330619812,0.8597583
3875,161,fibroblast,epithelial,17.784542,0.18873995542526245,0.9322294
2011,2012,fibroblast,epithelial,14.134229,0.09422819316387177,1.0
234,456,fibroblast,epithelial,14.1336775,0.09422452002763748,1.0
6438,1113,fibroblast,epithelial,14.118472,0.09412314742803574,1.0
3462,3460,fibroblast,fibroblast,5.639352,0.18800042569637299,0.86035967
7127,3859,fibroblast,epithelial,15.807537,0.12417323887348175,0.98138577
4095,2840,fibroblast,epithelial,15.655556,0.11852762848138809,0.9859425
6439,6403,fibroblast,epithelial,14.06758,0.09378387033939362,1.0
1192,6461,fibroblast,epithelial,14.066736,0.09377824515104294,1.0
4015,4017,fibroblast,immune,26.384216,0.1875552535057068,0.98840725
4166,2869,fibroblast,epithelial,14.050799,0.09367199242115021,1.0
2085,2083,fibroblast,epithelial,7.8179502,0.0521196685731411,1.0
4977,4976,fibroblast,epithelial,14.005279,0.0933685228228569,1.0
6010,6012,fibroblast,immune,20.295002,0.13530001044273376,1.0
2132,4824,fibroblast,epithelial,15.39472,0.11546347290277481,0.98725
3916,3929,fibroblast,immune,16.442308,0.10961539298295975,1.0
5585,1695,fibroblast,epithelial,13.941747,0.09294497966766357,1.0
1943,1942,fibroblast,epithelial,13.928015,0.09285343438386917,1.0
2854,2927,fibroblast,epithelial,15.7272215,0.12200214713811874,0.9829923
3700,14,fibroblast,immune,26.330952,0.18539771437644958,0.9901904
6130,6118,fibroblast,epithelial,17.708199,0.18531790375709534,0.93494904
3464,4014,fibroblast,immune,26.30574,0.18507838249206543,0.9903402
3441,3407,fibroblast,immune,13.880758,0.09253838658332825,1.0
4819,468,fibroblast,epithelial,13.875455,0.09250303357839584,1.0
6033,6034,fibroblast,immune,16.03532,0.10690213739871979,1.0
3863,3860,fibroblast,immune,13.857172,0.09238114953041077,1.0
4150,2019,fibroblast,epithelial,17.595823,0.18458881974220276,0.93493026
3857,160,fibroblast,epithelial,14.745116,0.09830077737569809,1.0
51,59,fibroblast,epithelial,14.05201,0.09368006139993668,1.0
6438,6436,fibroblast,epithelial,13.769089,0.09179392457008362,1.0
6019,6021,fibroblast,immune,26.230942,0.18307477235794067,0.9918317
5813,5808,fibroblast,epithelial,9.108693,0.06072461977601051,1.0
6961,6990,fibroblast,epithelial,4.9347625,0.03289841488003731,1.0
5536,2969,fibroblast,epithelial,13.698803,0.09132535010576248,1.0
5813,3186,fibroblast,epithelial,7.962699,0.053084660321474075,1.0
6050,6012,fibroblast,immune,19.691608,0.13127738237380981,1.0
7062,7066,fibroblast,epithelial,17.575222,0.18122555315494537,0.93795115
4326,2102,fibroblast,epithelial,13.586695,0.09057796746492386,1.0
6500,6512,fibroblast,epithelial,13.574665,0.09049776941537857,1.0
6019,6015,fibroblast,immune,26.19411,0.18080660700798035,0.99383986
6742,1285,fibroblast,epithelial,13.537077,0.09024717658758163,1.0
3358,3359,fibroblast,immune,14.968496,0.09978997707366943,1.0
5273,59,fibroblast,epithelial,13.525103,0.09016735106706619,1.0
3341,3359,fibroblast,immune,14.918462,0.09945641458034515,1.0
7062,6949,fibroblast,epithelial,13.492944,0.08995296061038971,1.0
1192,6462,fibroblast,epithelial,13.482951,0.08988633751869202,1.0
4038,4040,fibroblast,fibroblast,5.3870144,0.17959901690483093,0.86616004
5088,2924,fibroblast,epithelial,13.45208,0.08968053013086319,1.0
6484,1103,fibroblast,epithelial,15.127333,0.10084888339042664,1.0
4117,4119,endothelial,fibroblast,5.361416,0.17901934683322906,0.8665144
1708,1705,fibroblast,epithelial,6.1083097,0.040722064673900604,1.0
2078,4357,fibroblast,epithelial,13.383858,0.08922571688890457,1.0
5010,2629,fibroblast,epithelial,15.064249,0.10042832791805267,1.0
2324,7112,fibroblast,epithelial,13.344899,0.0889659970998764,1.0
3820,3811,fibroblast,immune,17.330368,0.11553578823804855,1.0
1881,1878,fibroblast,epithelial,13.612219,0.0907481238245964,1.0
5234,534,fibroblast,epithelial,13.942735,0.09295156598091125,1.0
3731,3656,fibroblast,immune,26.088673,0.17703717947006226,0.99689215
2434,2547,fibroblast,epithelial,13.271626,0.08847750723361969,1.0
5254,3642,fibroblast,immune,20.857601,0.1390506774187088,1.0
5840,5838,fibroblast,epithelial,15.664668,0.11773838847875595,0.9867809
3885,3592,fibroblast,epithelial,13.431449,0.08954299241304398,1.0
4033,4041,fibroblast,immune,26.060146,0.17620451748371124,0.99753284
2630,5009,fibroblast,epithelial,13.558364,0.09038909524679184,1.0
4389,4763,fibroblast,epithelial,13.194409,0.08796273171901703,1.0
6377,6373,fibroblast,epithelial,17.174627,0.17582173645496368,0.94051826
4847,93,fibroblast,epithelial,13.181303,0.0878753513097763,1.0
2756,2758,fibroblast,epithelial,13.17787,0.08785246312618256,1.0
4964,4893,fibroblast,epithelial,13.151934,0.08767955750226974,1.0
4150,2114,fibroblast,epithelial,15.408256,0.11058783531188965,0.99216473
6069,6180,fibroblast,epithelial,17.313526,0.17517372965812683,0.9419998
5382,5755,fibroblast,epithelial,13.137506,0.08758337050676346,1.0
2512,2511,fibroblast,epithelial,13.742827,0.0916188508272171,1.0
5195,5343,fibroblast,epithelial,13.204301,0.0880286693572998,1.0
5743,5774,fibroblast,epithelial,14.056996,0.09371330589056015,1.0
5078,2789,fibroblast,epithelial,17.268864,0.1739703118801117,0.94285333
5269,2786,fibroblast,epithelial,13.045593,0.08697061985731125,1.0
51,57,fibroblast,epithelial,13.039139,0.08692759275436401,1.0
1881,1909,fibroblast,epithelial,13.036892,0.0869126096367836,1.0
2366,2536,fibroblast,epithelial,14.749597,0.09833064675331116,1.0
3664,3592,fibroblast,epithelial,13.014129,0.08676085621118546,1.0
4443,254,fibroblast,epithelial,12.996303,0.08664201945066452,1.0
6702,1396,fibroblast,epithelial,14.576998,0.09717998653650284,1.0
3627,4643,fibroblast,epithelial,14.792987,0.09861991554498672,1.0
2320,2317,fibroblast,epithelial,12.952902,0.08635267615318298,1.0
3914,3929,fibroblast,immune,14.422376,0.09614916890859604,1.0
4664,718,fibroblast,epithelial,13.185117,0.08790078014135361,1.0
5195,5194,fibroblast,epithelial,12.92698,0.08617986738681793,1.0
3604,160,fibroblast,epithelial,12.91493,0.0860995352268219,1.0
32,4028,fibroblast,epithelial,7.4371557,0.04958103969693184,1.0
4944,116,fibroblast,epithelial,14.828867,0.09885911643505096,1.0
6128,6111,fibroblast,epithelial,15.392381,0.10850854963064194,0.99412465
1072,1172,fibroblast,epithelial,12.883981,0.08589320629835129,1.0
5548,5550,fibroblast,epithelial,12.875641,0.08583760261535645,1.0
2630,5008,fibroblast,epithelial,12.860931,0.08573954552412033,1.0
3687,3691,fibroblast,immune,13.863086,0.09242057055234909,1.0
1791,1792,fibroblast,epithelial,12.788285,0.08525523543357849,1.0
4860,4856,fibroblast,epithelial,12.7788925,0.08519261330366135,1.0
6614,1588,fibroblast,epithelial,12.760912,0.08507274836301804,1.0
2805,5065,fibroblast,epithelial,12.853469,0.08568979054689407,1.0
5277,5281,fibroblast,epithelial,17.161604,0.1698625534772873,0.94605756
6095,6082,fibroblast,epithelial,13.71383,0.09142553061246872,1.0
4712,302,fibroblast,epithelial,14.825036,0.09883357584476471,1.0
5126,5123,fibroblast,epithelial,12.70191,0.08467940241098404,1.0
6871,6872,fibroblast,immune,12.692163,0.08461442589759827,1.0
3968,3920,fibroblast,immune,25.378428,0.16918951272964478,1.0
4664,719,fibroblast,epithelial,12.685135,0.08456756919622421,1.0
2805,5067,fibroblast,epithelial,12.647721,0.0843181386590004,1.0
5171,5172,fibroblast,epithelial,12.644356,0.08429570496082306,1.0
5226,534,fibroblast,epithelial,12.642203,0.08428135514259338,1.0
6977,2432,fibroblast,epithelial,12.621506,0.08414337038993835,1.0
4732,344,fibroblast,epithelial,13.044564,0.08696376532316208,1.0
5809,5808,fibroblast,epithelial,12.599909,0.0839993953704834,1.0
3357,3359,fibroblast,immune,13.094719,0.08729812502861023,1.0
6684,1369,fibroblast,epithelial,17.026829,0.16740946471691132,0.94752944
3899,3890,fibroblast,immune,16.49263,0.10995087027549744,1.0
2512,2427,fibroblast,epithelial,12.52488,0.08349920064210892,1.0
6092,6078,fibroblast,immune,14.493018,0.0966201201081276,1.0
5159,5160,fibroblast,immune,24.958233,0.16638821363449097,1.0
6802,6801,fibroblast,immune,14.580347,0.09720231592655182,1.0
4090,4098,fibroblast,epithelial,14.712142,0.09808094799518585,1.0
3600,3597,fibroblast,epithelial,7.6912646,0.0512750968337059,1.0
5531,2973,fibroblast,epithelial,17.031202,0.1649809181690216,0.94986105
1385,1377,fibroblast,epithelial,12.3677635,0.08245175331830978,1.0
5850,5852,fibroblast,epithelial,4.875719,0.032504793256521225,1.0
3727,3651,fibroblast,immune,24.681625,0.16454416513442993,1.0
756,4722,fibroblast,epithelial,12.3348,0.08223199844360352,1.0
4739,423,fibroblast,epithelial,15.151798,0.10605945438146591,0.99496526
698,700,fibroblast,epithelial,12.298773,0.08199182152748108,1.0
6911,7021,fibroblast,epithelial,12.288835,0.08192556351423264,1.0
95,4839,fibroblast,epithelial,12.266942,0.0817796140909195,1.0
7113,7116,fibroblast,epithelial,12.892514,0.0859500914812088,1.0
3604,723,fibroblast,epithelial,13.555552,0.09037034213542938,1.0
5563,3112,fibroblast,epithelial,12.2343855,0.0815625712275505,1.0
226,3517,fibroblast,fibroblast,4.877836,0.1626162827014923,0.8780099
6787,7039,fibroblast,immune,24.36085,0.16240566968917847,1.0
3986,3990,fibroblast,immune,13.519057,0.09012705087661743,1.0
6967,6969,fibroblast,immune,24.352777,0.1623518466949463,1.0
4732,343,fibroblast,epithelial,12.169295,0.08112863451242447,1.0
3089,3092,fibroblast,epithelial,12.1613455,0.08107563853263855,1.0
41,40,fibroblast,epithelial,12.15198,0.08101320266723633,1.0
2055,2049,fibroblast,epithelial,13.0428705,0.08695247024297714,1.0
6634,1547,fibroblast,epithelial,12.137513,0.08091675490140915,1.0
5344,5355,fibroblast,immune,12.12943,0.0808628648519516,1.0
4840,4839,fibroblast,epithelial,12.121134,0.08080755919218063,1.0
3361,3359,fibroblast,immune,12.092329,0.08061552792787552,1.0
4208,2210,fibroblast,epithelial,12.088252,0.08058834820985794,1.0
6278,1783,fibroblast,immune,24.155931,0.1610395461320877,1.0
2540,2552,fibroblast,epithelial,12.569533,0.08379688858985901,1.0
5798,2968,fibroblast,epithelial,12.062136,0.08041423559188843,1.0
5743,2948,fibroblast,epithelial,12.059189,0.08039459586143494,1.0
3852,3854,fibroblast,epithelial,16.930418,0.16078725457191467,0.95321214
4785,383,fibroblast,epithelial,12.048663,0.08032441884279251,1.0
3372,3380,fibroblast,immune,24.035412,0.16023607552051544,1.0
4916,4917,fibroblast,immune,16.025488,0.10683658719062805,1.0
3641,3642,fibroblast,immune,18.272112,0.12181407958269119,1.0
6959,6957,fibroblast,epithelial,11.970003,0.07980001717805862,1.0
150,31,fibroblast,epithelial,11.952534,0.07968355715274811,1.0
196,195,fibroblast,immune,14.237793,0.0949186161160469,1.0
2374,2349,fibroblast,epithelial,11.93767,0.07958446443080902,1.0
1398,1390,fibroblast,epithelial,12.354355,0.08236236870288849,1.0
7155,2569,fibroblast,epithelial,13.326166,0.08884111046791077,1.0
6026,6041,fibroblast,epithelial,16.917604,0.1590336561203003,0.9548036
538,536,fibroblast,epithelial,12.285965,0.08190643042325974,1.0
3535,3520,fibroblast,fibroblast,4.740525,0.15805168449878693,0.8812198
3692,3691,fibroblast,immune,11.851601,0.07901067286729813,1.0
1741,6155,fibroblast,epithelial,13.705612,0.09137074649333954,1.0
2055,4138,fibroblast,epithelial,12.415737,0.08277158439159393,1.0
7140,502,fibroblast,epithelial,15.789505,0.12208059430122375,0.9833234
5965,1763,fibroblast,epithelial,12.974112,0.086494080722332,1.0
6484,6018,fibroblast,immune,11.76548,0.07843653112649918,1.0
6279,6280,fibroblast,immune,23.464127,0.1564275175333023,1.0
6095,6078,fibroblast,immune,11.731365,0.07820910215377808,1.0
6807,6801,fibroblast,immune,13.105954,0.0873730257153511,1.0
3751,3791,fibroblast,immune,23.425661,0.1561710685491562,1.0
3956,4037,fibroblast,immune,23.42481,0.15616540610790253,1.0
5964,6034,fibroblast,immune,11.705356,0.07803570479154587,1.0
6028,1774,fibroblast,epithelial,12.231802,0.08154534548521042,1.0
727,726,fibroblast,epithelial,11.689469,0.0779297947883606,1.0
6005,6004,fibroblast,epithelial,11.678323,0.07785548269748688,1.0
3978,3975,fibroblast,immune,23.343653,0.15562434494495392,1.0
3987,3988,fibroblast,immune,23.324999,0.15549999475479126,1.0
5512,2629,fibroblast,epithelial,11.648774,0.07765849679708481,1.0
3991,3688,fibroblast,immune,23.293196,0.155287966132164,1.0
1610,1608,fibroblast,epithelial,13.762943,0.09175295382738113,1.0
4033,4037,fibroblast,immune,23.26624,0.1551082581281662,1.0
7113,2614,fibroblast,epithelial,11.618509,0.07745672762393951,1.0
121,4954,fibroblast,epithelial,12.916016,0.08610676974058151,1.0
5205,5118,fibroblast,epithelial,12.834164,0.08556108921766281,1.0
569,636,fibroblast,epithelial,11.579847,0.07719898223876953,1.0
2540,2526,fibroblast,epithelial,11.571416,0.07714277505874634,1.0
3795,3793,fibroblast,epithelial,4.9714866,0.03314324468374252,1.0
2487,5403,fibroblast,epithelial,13.09041,0.08726940304040909,1.0
538,539,fibroblast,epithelial,11.559271,0.07706180214881897,1.0
259,4634,fibroblast,epithelial,13.534165,0.09022776782512665,1.0
3713,3698,fibroblast,immune,23.100397,0.15400265157222748,1.0
3704,3980,fibroblast,immune,23.08905,0.1539269983768463,1.0
3446,189,fibroblast,epithelial,15.016917,0.10011278092861176,1.0
6116,1705,fibroblast,epithelial,11.521411,0.07680940628051758,1.0
1398,1380,fibroblast,epithelial,11.515861,0.07677240669727325,1.0
6822,2348,fibroblast,immune,14.650655,0.0976710319519043,1.0
6860,6880,fibroblast,epithelial,11.474052,0.07649368047714233,1.0
3548,92,fibroblast,immune,22.923763,0.15282508730888367,1.0
3917,3929,fibroblast,immune,11.45463,0.0763641968369484,1.0
3659,3657,fibroblast,immune,22.908371,0.15272247791290283,1.0
4602,4605,fibroblast,epithelial,11.440358,0.07626905292272568,1.0
5305,5296,fibroblast,epithelial,12.609016,0.08406011015176773,1.0
6702,1445,fibroblast,epithelial,11.402031,0.07601354271173477,1.0
6068,6103,fibroblast,epithelial,14.269258,0.0951283872127533,1.0
278,4458,fibroblast,epithelial,14.619023,0.09746015816926956,1.0
4095,2662,fibroblast,epithelial,16.567015,0.15165522694587708,0.95962906
5182,5183,fibroblast,epithelial,12.403149,0.08268766105175018,1.0
6421,7151,fibroblast,epithelial,11.335504,0.07557002454996109,1.0
6506,6451,fibroblast,immune,22.670397,0.15113598108291626,1.0
5925,5924,fibroblast,epithelial,12.123363,0.0808224156498909,1.0
4933,4931,fibroblast,immune,22.653475,0.15102316439151764,1.0
6085,6078,fibroblast,immune,22.644001,0.1509600132703781,1.0
420,283,fibroblast,epithelial,12.095775,0.08063849806785583,1.0
3578,5257,fibroblast,immune,22.628332,0.15085554122924805,1.0
4103,7133,fibroblast,epithelial,16.608345,0.15081572532653809,0.9606997
5095,5096,fibroblast,epithelial,13.026708,0.08684471994638443,1.0
6963,2536,fibroblast,epithelial,11.304671,0.07536447793245316,1.0
27,3304,fibroblast,epithelial,11.290892,0.07527261227369308,1.0
2740,3132,fibroblast,epithelial,11.289993,0.07526662200689316,1.0
5992,5978,fibroblast,immune,22.573986,0.15049323439598083,1.0
5935,1801,fibroblast,epithelial,11.269663,0.07513108849525452,1.0
5316,2793,fibroblast,epithelial,13.864767,0.09243178367614746,1.0
2055,2057,fibroblast,epithelial,11.241416,0.07494277507066727,1.0
3491,3490,fibroblast,immune,13.896718,0.09264478832483292,1.0
3195,3197,fibroblast,epithelial,11.228485,0.07485656440258026,1.0
558,562,fibroblast,epithelial,11.219657,0.07479771226644516,1.0
5252,3642,fibroblast,immune,16.753153,0.11168768256902695,1.0
3822,3810,fibroblast,immune,22.418325,0.1494555026292801,1.0
2487,2488,fibroblast,epithelial,12.340488,0.08226992189884186,1.0
4651,4643,fibroblast,epithelial,11.176992,0.07451328635215759,1.0
6272,6106,fibroblast,immune,22.353264,0.14902175962924957,1.0
6028,6027,fibroblast,epithelial,11.168148,0.07445432245731354,1.0
186,3452,fibroblast,epithelial,7.6511087,0.05100739002227783,1.0
4977,4981,fibroblast,epithelial,11.163421,0.07442280650138855,1.0
5287,60,fibroblast,epithelial,12.24374,0.08162493258714676,1.0
2757,7021,fibroblast,epithelial,14.272891,0.0951526090502739,1.0
7128,3860,fibroblast,immune,22.235498,0.14823666214942932,1.0
6517,1158,fibroblast,epithelial,11.107613,0.07405075430870056,1.0
3352,3354,fibroblast,immune,11.424162,0.07616107910871506,1.0
6400,1082,fibroblast,epithelial,11.995923,0.07997281849384308,1.0
153,152,fibroblast,epithelial,14.149605,0.09433069825172424,1.0
2353,2322,fibroblast,epithelial,13.862569,0.09241712838411331,1.0
3673,3703,fibroblast,epithelial,16.575201,0.14717771112918854,0.96398807
3921,3975,fibroblast,immune,22.069174,0.14712782204151154,1.0
4103,4126,fibroblast,epithelial,11.028699,0.07352466136217117,1.0
6186,6121,fibroblast,immune,22.047058,0.1469803899526596,1.0
3581,92,fibroblast,immune,22.044056,0.14696037769317627,1.0
4451,4444,fibroblast,epithelial,11.002206,0.0733480378985405,1.0
4038,4037,fibroblast,immune,22.002413,0.1466827541589737,1.0
5164,3170,fibroblast,epithelial,10.98883,0.07325886189937592,1.0
4847,4844,fibroblast,epithelial,11.879158,0.07919438928365707,1.0
3751,3743,fibroblast,immune,21.954836,0.14636556804180145,1.0
5981,1766,fibroblast,epithelial,14.275136,0.09516756981611252,1.0
4034,4037,fibroblast,immune,21.952156,0.14634770154953003,1.0
3196,5801,fibroblast,epithelial,10.97562,0.07317080348730087,1.0
5738,5739,fibroblast,epithelial,10.965592,0.07310394942760468,1.0
2538,2535,fibroblast,epithelial,10.950525,0.07300350069999695,1.0
2701,6783,fibroblast,epithelial,12.44642,0.08297613263130188,1.0
4944,4943,fibroblast,epithelial,10.947672,0.072984479367733,1.0
3856,723,fibroblast,epithelial,10.946716,0.07297810912132263,1.0
5925,1231,fibroblast,epithelial,11.313971,0.07542646676301956,1.0
7095,2340,fibroblast,epithelial,10.916128,0.07277418673038483,1.0
5173,5180,fibroblast,epithelial,10.903033,0.07268688827753067,1.0
3566,3570,fibroblast,epithelial,11.43872,0.07625813037157059,1.0
4095,2632,fibroblast,epithelial,13.683998,0.09122665226459503,1.0
6756,1310,fibroblast,epithelial,10.882908,0.07255271822214127,1.0
3600,3598,fibroblast,epithelial,11.53125,0.0768750011920929,1.0
560,3642,fibroblast,immune,16.027088,0.10684725642204285,1.0
3989,3990,fibroblast,immune,10.835314,0.07223542779684067,1.0
6860,6856,fibroblast,epithelial,10.814004,0.07209336012601852,1.0
4025,4028,fibroblast,epithelial,11.518039,0.07678692787885666,1.0
3352,3320,fibroblast,immune,10.787804,0.07191868871450424,1.0
5865,3173,fibroblast,epithelial,12.608442,0.08405628055334091,1.0
153,163,fibroblast,epithelial,16.437042,0.1437753438949585,0.966383
6286,1850,fibroblast,epithelial,10.776638,0.07184424996376038,1.0
4092,2632,fibroblast,epithelial,13.43629,0.08957526832818985,1.0
865,864,fibroblast,epithelial,10.761281,0.07174187153577805,1.0
7128,3865,fibroblast,immune,21.505695,0.14337129890918732,1.0
727,731,fibroblast,epithelial,10.750477,0.07166984677314758,1.0
6496,6499,fibroblast,immune,21.486485,0.1432432234287262,1.0
58,5307,fibroblast,immune,12.044812,0.08029875159263611,1.0
4054,19,fibroblast,immune,21.457748,0.1430516541004181,1.0
3809,3801,fibroblast,epithelial,10.706375,0.07137583196163177,1.0
3425,3419,fibroblast,immune,21.399227,0.14266151189804077,1.0
6039,6031,fibroblast,immune,21.393278,0.14262185990810394,1.0
6039,6001,fibroblast,immune,21.374128,0.14249418675899506,1.0
5463,5462,fibroblast,epithelial,12.590001,0.08393333852291107,1.0
5634,5615,fibroblast,epithelial,10.669567,0.07113044708967209,1.0
3623,4468,fibroblast,epithelial,16.369095,0.14178702235221863,0.96786785
2132,2137,fibroblast,epithelial,10.627014,0.07084675878286362,1.0
6177,6131,fibroblast,immune,21.252459,0.14168305695056915,1.0
6105,6106,fibroblast,immune,21.233097,0.14155398309230804,1.0
3998,4016,fibroblast,immune,21.221783,0.1414785534143448,1.0
3728,3651,fibroblast,immune,21.213593,0.14142395555973053,1.0
4774,483,fibroblast,epithelial,12.200317,0.08133544772863388,1.0
4712,329,fibroblast,epithelial,10.596957,0.07064638286828995,1.0
6452,6499,fibroblast,immune,21.182795,0.1412186324596405,1.0
3775,3778,fibroblast,immune,10.581153,0.07054101675748825,1.0
4058,4057,fibroblast,immune,12.31245,0.08208300173282623,1.0
5967,1763,fibroblast,epithelial,10.573895,0.07049263268709183,1.0
5074,2859,fibroblast,epithelial,12.038324,0.08025549352169037,1.0
7056,7045,fibroblast,immune,21.141298,0.14094199240207672,1.0
197,193,fibroblast,immune,10.700587,0.0713372454047203,1.0
3978,3980,fibroblast,immune,21.09273,0.1406181901693344,1.0
5925,5923,fibroblast,epithelial,10.544278,0.07029518485069275,1.0
4743,283,fibroblast,epithelial,10.541217,0.07027477771043777,1.0
7155,6952,fibroblast,epithelial,10.535549,0.07023699581623077,1.0
212,193,fibroblast,immune,10.531029,0.07020685821771622,1.0
1347,6646,fibroblast,epithelial,16.212816,0.14036545157432556,0.96823543
6486,6481,fibroblast,epithelial,7.949789,0.05299859493970871,1.0
6091,6090,fibroblast,epithelial,13.804388,0.09202925115823746,1.0
4985,5027,fibroblast,epithelial,10.512049,0.07008032500743866,1.0
4419,424,fibroblast,epithelial,12.496991,0.08331327140331268,1.0
5095,5062,fibroblast,epithelial,16.244003,0.13998422026634216,0.968806
6133,6131,fibroblast,immune,20.97914,0.13986092805862427,1.0
5169,5167,fibroblast,epithelial,10.688443,0.07125628739595413,1.0
6092,6094,fibroblast,immune,10.467423,0.06978282332420349,1.0
5217,5208,fibroblast,epithelial,16.305935,0.13953828811645508,0.9696384
5336,526,fibroblast,epithelial,10.447301,0.06964867562055588,1.0
5270,5278,fibroblast,epithelial,10.445053,0.06963368505239487,1.0
197,195,fibroblast,immune,10.42623,0.06950820237398148,1.0
2798,2799,fibroblast,epithelial,13.621617,0.09081078320741653,1.0
5614,5612,fibroblast,epithelial,10.4202385,0.06946825981140137,1.0
6839,2380,fibroblast,immune,20.834682,0.1388978809118271,1.0
6789,7039,fibroblast,immune,20.76034,0.13840226829051971,1.0
5126,5118,fibroblast,epithelial,10.365774,0.06910516321659088,1.0
3852,3876,fibroblast,immune,20.726019,0.13817346096038818,1.0
4097,2840,fibroblast,epithelial,10.358246,0.0690549686551094,1.0
6818,6801,fibroblast,immune,10.34749,0.06898327171802521,1.0
6178,6131,fibroblast,immune,20.690477,0.1379365175962448,1.0
3566,5248,fibroblast,epithelial,10.340816,0.06893876940011978,1.0
3788,3797,fibroblast,immune,20.677784,0.13785189390182495,1.0
5173,5183,fibroblast,epithelial,10.328638,0.0688575878739357,1.0
3611,3597,fibroblast,epithelial,13.793197,0.09195464104413986,1.0
5327,5307,fibroblast,immune,20.643015,0.13762010633945465,1.0
52,2785,fibroblast,epithelial,10.700152,0.0713343471288681,1.0
5245,5322,fibroblast,immune,20.59766,0.1373177319765091,1.0
5301,5307,fibroblast,immune,10.291103,0.06860735267400742,1.0
4953,4954,fibroblast,epithelial,10.288908,0.06859271973371506,1.0
3889,173,fibroblast,immune,20.576624,0.1371774971485138,1.0
5170,5167,fibroblast,epithelial,10.269273,0.0684618204832077,1.0
5847,5855,fibroblast,epithelial,10.253243,0.06835495680570602,1.0
3809,208,fibroblast,epithelial,16.207788,0.13663077354431152,0.97182566
4015,4014,fibroblast,immune,20.484617,0.13656412065029144,1.0
84,88,fibroblast,epithelial,11.181311,0.07454206794500351,1.0
4915,5296,fibroblast,epithelial,10.237345,0.06824896484613419,1.0
2667,2666,fibroblast,epithelial,10.235759,0.06823839247226715,1.0
1662,1669,fibroblast,epithelial,10.235573,0.06823715567588806,1.0
3600,4666,fibroblast,epithelial,10.233192,0.06822128593921661,1.0
3425,3431,fibroblast,immune,20.453262,0.13635508716106415,1.0
4273,4276,fibroblast,epithelial,10.223094,0.06815396249294281,1.0
3981,3922,fibroblast,immune,20.416636,0.13611090183258057,1.0
2353,7069,fibroblast,epithelial,12.155021,0.08103346824645996,1.0
108,120,fibroblast,epithelial,11.987994,0.0799199640750885,1.0
4975,140,fibroblast,epithelial,10.20672,0.06804480403661728,1.0
5243,5246,fibroblast,immune,20.404705,0.136031374335289,1.0
1085,1082,fibroblast,epithelial,10.1754055,0.06783603876829147,1.0
2058,2838,fibroblast,epithelial,10.15978,0.06773186475038528,1.0
3089,3105,fibroblast,epithelial,10.155292,0.06770194321870804,1.0
6921,6922,fibroblast,epithelial,10.5909815,0.0706065446138382,1.0
5790,5825,fibroblast,epithelial,10.151003,0.06767335534095764,1.0
5241,5219,fibroblast,immune,20.25708,0.13504719734191895,1.0
6284,6280,fibroblast,immune,20.256945,0.13504630327224731,1.0
3889,174,fibroblast,immune,20.23567,0.13490447402000427,1.0
4119,2839,fibroblast,epithelial,10.117569,0.06745045632123947,1.0
3406,3347,fibroblast,immune,20.233747,0.13489164412021637,1.0
2798,5139,fibroblast,epithelial,16.119143,0.13482670485973358,0.9730053
3713,3657,fibroblast,immune,20.216663,0.1347777545452118,1.0
4118,4093,fibroblast,epithelial,16.102222,0.13472934067249298,0.9729903
3828,3813,fibroblast,immune,20.188622,0.13459080457687378,1.0
4848,4844,fibroblast,epithelial,10.090353,0.06726901978254318,1.0
5981,5994,fibroblast,epithelial,12.486374,0.0832424908876419,1.0
2359,2368,fibroblast,epithelial,10.079366,0.06719577312469482,1.0
3993,3988,fibroblast,immune,20.151089,0.1343405842781067,1.0
6085,6138,fibroblast,immune,12.500764,0.0833384245634079,1.0
4096,4098,fibroblast,epithelial,10.065835,0.06710556894540787,1.0
3608,4657,fibroblast,epithelial,10.065408,0.06710271537303925,1.0
4922,60,fibroblast,epithelial,10.063116,0.06708744168281555,1.0
4027,4028,fibroblast,epithelial,10.057863,0.06705242395401001,1.0
3861,3865,fibroblast,immune,20.112707,0.13408471643924713,1.0
1076,6402,fibroblast,epithelial,10.045391,0.06696927547454834,1.0
2487,2485,fibroblast,epithelial,10.03058,0.06687053292989731,1.0
4776,480,fibroblast,epithelial,10.022876,0.06681916862726212,1.0
5005,5008,fibroblast,epithelial,10.0086,0.06672400236129761,1.0
3795,3794,fibroblast,epithelial,10.007857,0.06671904772520065,1.0
3864,3865,fibroblast,immune,20.01383,0.1334255337715149,1.0
756,757,fibroblast,epithelial,9.999094,0.06666062772274017,1.0
6832,2380,fibroblast,immune,19.996626,0.13331083953380585,1.0
1347,1345,fibroblast,epithelial,9.991581,0.06661053746938705,1.0
3823,3744,fibroblast,immune,19.961313,0.13307541608810425,1.0
1741,1738,fibroblast,epithelial,9.968647,0.06645764410495758,1.0
5088,5087,fibroblast,epithelial,9.963235,0.06642156839370728,1.0
3604,725,fibroblast,epithelial,13.906686,0.09271124005317688,1.0
6483,6481,fibroblast,epithelial,14.43035,0.09620233625173569,1.0
7123,185,fibroblast,immune,19.892351,0.13261567056179047,1.0
259,4637,fibroblast,immune,10.285945,0.06857296824455261,1.0
5273,2785,fibroblast,epithelial,9.914786,0.06609857827425003,1.0
2919,2918,fibroblast,epithelial,11.440788,0.0762719213962555,1.0
3878,152,fibroblast,epithelial,11.826345,0.07884230464696884,1.0
3888,3890,fibroblast,immune,11.216016,0.07477343827486038,1.0
4958,69,fibroblast,immune,19.783604,0.1318906843662262,1.0
6273,6100,fibroblast,immune,9.891274,0.06594183295965195,1.0
2748,6895,fibroblast,epithelial,9.8889475,0.06592631340026855,1.0
6839,6797,fibroblast,immune,19.749619,0.13166412711143494,1.0
5940,6020,fibroblast,immune,19.724745,0.1314982920885086,1.0
6480,6494,fibroblast,immune,19.706495,0.13137663900852203,1.0
3613,3612,fibroblast,epithelial,12.278979,0.08185986429452896,1.0
3907,3826,fibroblast,immune,19.666748,0.13111165165901184,1.0
4806,4811,fibroblast,epithelial,12.151437,0.08100958168506622,1.0
4922,4918,fibroblast,immune,19.662224,0.1310814917087555,1.0
2854,2852,fibroblast,epithelial,10.102885,0.06735257059335709,1.0
6124,6122,fibroblast,immune,19.639711,0.13093140721321106,1.0
3981,3977,fibroblast,immune,19.629505,0.13086336851119995,1.0
3905,3913,fibroblast,immune,19.577387,0.130515918135643,1.0
6789,6797,fibroblast,immune,19.544537,0.13029691576957703,1.0
5463,5465,fibroblast,epithelial,10.772234,0.0718148946762085,1.0
3297,45,fibroblast,epithelial,9.754955,0.06503303349018097,1.0
3870,3887,fibroblast,epithelial,10.724419,0.07149612158536911,1.0
3786,3791,fibroblast,immune,19.435085,0.1295672357082367,1.0
6921,2738,fibroblast,epithelial,9.714475,0.06476316601037979,1.0
7043,7039,fibroblast,immune,19.425611,0.12950406968593597,1.0
6011,6015,fibroblast,immune,19.399004,0.1293266862630844,1.0
3555,3572,fibroblast,epithelial,11.461726,0.07641150802373886,1.0
2362,2367,fibroblast,epithelial,9.879042,0.06586027890443802,1.0
4151,2114,fibroblast,epithelial,9.693899,0.06462599337100983,1.0
2817,2818,fibroblast,epithelial,9.689492,0.06459661573171616,1.0
3439,3443,fibroblast,immune,19.369547,0.1291303187608719,1.0
2523,2514,fibroblast,epithelial,9.683538,0.06455692648887634,1.0
3999,4002,fibroblast,immune,19.366373,0.12910915911197662,1.0
273,276,fibroblast,epithelial,11.135358,0.07423572242259979,1.0
5291,5286,fibroblast,immune,9.66233,0.06441552937030792,1.0
3979,3980,fibroblast,immune,19.296871,0.12864580750465393,1.0
196,194,fibroblast,immune,9.646229,0.06430818885564804,1.0
80,122,fibroblast,epithelial,13.290793,0.08860529214143753,1.0
4919,4912,fibroblast,epithelial,9.961696,0.06641130149364471,1.0
3885,3887,fibroblast,epithelial,15.948897,0.1282128244638443,0.97835094
6838,6827,fibroblast,immune,19.200605,0.1280040293931961,1.0
2382,2386,fibroblast,epithelial,11.028149,0.07352098822593689,1.0
5092,5096,fibroblast,epithelial,9.594251,0.06396166980266571,1.0
1192,1183,fibroblast,epithelial,9.584279,0.06389519572257996,1.0
259,4635,fibroblast,epithelial,9.576165,0.06384110450744629,1.0
547,78,fibroblast,immune,9.558846,0.06372564285993576,1.0
22,29,fibroblast,epithelial,10.357695,0.06905129551887512,1.0
2854,2853,fibroblast,epithelial,9.554041,0.06369360536336899,1.0
3584,92,fibroblast,immune,19.068531,0.12712353467941284,1.0
1610,1609,fibroblast,epithelial,9.524511,0.06349673867225647,1.0
5380,5379,fibroblast,epithelial,12.813561,0.08542374521493912,1.0
3604,3859,fibroblast,epithelial,9.517869,0.06345245987176895,1.0
4919,4921,fibroblast,immune,9.754726,0.0650315061211586,1.0
2366,2367,fibroblast,epithelial,9.515328,0.06343552470207214,1.0
3671,4650,fibroblast,immune,19.015078,0.12676718831062317,1.0
6112,6111,fibroblast,epithelial,9.493813,0.06329208612442017,1.0
4054,3651,fibroblast,immune,18.94454,0.12629693746566772,1.0
6847,6846,fibroblast,immune,18.936958,0.1262463927268982,1.0
7103,2720,fibroblast,epithelial,9.457338,0.06304892152547836,1.0
2740,6905,fibroblast,epithelial,9.45645,0.0630430057644844,1.0
2701,6785,fibroblast,epithelial,9.452924,0.06301949173212051,1.0
6069,1859,fibroblast,epithelial,9.452626,0.06301750987768173,1.0
26,28,fibroblast,epithelial,9.860543,0.06573695689439774,1.0
448,4427,fibroblast,epithelial,9.4432955,0.06295530498027802,1.0
320,321,fibroblast,epithelial,10.039253,0.06692835688591003,1.0
58,5293,fibroblast,immune,9.42768,0.0628511980175972,1.0
5241,5266,fibroblast,immune,18.85401,0.1256933957338333,1.0
3339,3348,fibroblast,immune,18.739826,0.1249321773648262,1.0
3884,3867,fibroblast,epithelial,15.853188,0.12485450506210327,0.9810159
4982,4983,fibroblast,immune,12.748471,0.08498980849981308,1.0
337,344,fibroblast,epithelial,11.63037,0.07753580063581467,1.0
4961,4918,fibroblast,immune,18.679508,0.12453005462884903,1.0
5933,1787,fibroblast,epithelial,9.333747,0.06222498044371605,1.0
5810,5812,fibroblast,epithelial,9.330688,0.06220458820462227,1.0
6011,6012,fibroblast,immune,11.003103,0.07335402071475983,1.0
3828,3811,fibroblast,immune,9.321362,0.06214240938425064,1.0
6865,6869,fibroblast,immune,18.63939,0.12426260858774185,1.0
5531,2975,fibroblast,epithelial,15.859002,0.12408005446195602,0.981814
84,85,fibroblast,epithelial,9.300302,0.06200201064348221,1.0
6002,6000,fibroblast,immune,18.577202,0.12384801357984543,1.0
3905,3912,fibroblast,immune,18.573624,0.12382415682077408,1.0
4919,4920,fibroblast,immune,9.280152,0.06186768040060997,1.0
2353,2354,fibroblast,epithelial,10.297682,0.0686512142419815,1.0
5244,5322,fibroblast,immune,18.55219,0.12368126958608627,1.0
4001,4000,fibroblast,epithelial,9.252688,0.061684589833021164,1.0
4442,4735,fibroblast,epithelial,12.247787,0.08165191859006882,1.0
3829,3813,fibroblast,immune,18.469828,0.12313218414783478,1.0
7041,6793,fibroblast,immune,18.461475,0.12307650595903397,1.0
6294,6297,fibroblast,immune,18.461327,0.12307550758123398,1.0
3444,3443,fibroblast,immune,18.461277,0.12307517975568771,1.0
7057,7050,fibroblast,immune,18.460886,0.12307257205247879,1.0
2757,2758,fibroblast,epithelial,10.4448185,0.06963212043046951,1.0
1708,6163,fibroblast,epithelial,9.212917,0.061419449746608734,1.0
4010,4016,fibroblast,immune,18.414257,0.12276171147823334,1.0
4466,4464,fibroblast,epithelial,9.216358,0.061442386358976364,1.0
4466,291,fibroblast,epithelial,9.194659,0.06129772961139679,1.0
6447,6448,fibroblast,immune,18.384272,0.12256181240081787,1.0
5441,5442,fibroblast,epithelial,9.172137,0.06114758178591728,1.0
3184,5814,fibroblast,epithelial,9.156321,0.06104213744401932,1.0
1926,2859,fibroblast,epithelial,9.182766,0.061218440532684326,1.0
5630,5629,fibroblast,epithelial,15.77315,0.12190276384353638,0.98339105
6007,6295,fibroblast,immune,18.2298,0.12153199315071106,1.0
5226,5228,fibroblast,immune,18.218212,0.12145474553108215,1.0
5077,2859,fibroblast,epithelial,9.103663,0.06069108843803406,1.0
3963,3920,fibroblast,immune,18.18455,0.12123032659292221,1.0
3746,3744,fibroblast,immune,18.173979,0.1211598590016365,1.0
6824,6821,fibroblast,immune,18.16455,0.12109700590372086,1.0
5231,5228,fibroblast,immune,18.14932,0.12099546939134598,1.0
1852,6297,fibroblast,immune,18.125313,0.12083541601896286,1.0
6109,6106,fibroblast,immune,18.11897,0.12079314142465591,1.0
6450,6448,fibroblast,immune,18.116383,0.12077588587999344,1.0
5630,5632,fibroblast,epithelial,9.056738,0.06037825345993042,1.0
3405,3435,fibroblast,immune,18.103376,0.12068917602300644,1.0
4152,2887,fibroblast,epithelial,15.67421,0.12062184512615204,0.98400223
27,28,fibroblast,epithelial,9.028334,0.060188889503479004,1.0
947,6579,fibroblast,epithelial,9.025105,0.06016736850142479,1.0
4776,483,fibroblast,epithelial,9.010241,0.060068272054195404,1.0
1295,1306,fibroblast,epithelial,10.405474,0.06936982274055481,1.0
2830,4093,fibroblast,epithelial,8.993958,0.05995972454547882,1.0
3786,3784,fibroblast,immune,17.949223,0.11966148018836975,1.0
5865,5853,fibroblast,epithelial,8.96466,0.05976439639925957,1.0
3587,92,fibroblast,immune,17.927402,0.11951601505279541,1.0
4061,4059,fibroblast,immune,17.914251,0.11942834407091141,1.0
6559,1225,fibroblast,epithelial,8.944588,0.059630583971738815,1.0
7138,4742,fibroblast,epithelial,10.053026,0.06702017784118652,1.0
4804,4797,fibroblast,epithelial,10.646996,0.07097996771335602,1.0
5902,5903,fibroblast,epithelial,10.110366,0.0674024373292923,1.0
6658,1325,fibroblast,epithelial,8.925014,0.05950009077787399,1.0
6871,2373,fibroblast,immune,17.844315,0.11896209418773651,1.0
4011,4017,fibroblast,immune,17.840414,0.11893609166145325,1.0
3445,227,fibroblast,epithelial,8.90112,0.05934080109000206,1.0
6429,6428,fibroblast,epithelial,15.529581,0.11842380464076996,0.9852171
4922,5317,fibroblast,immune,17.762966,0.11841977387666702,1.0
6185,6121,fibroblast,immune,17.757978,0.11838652193546295,1.0
3521,4017,fibroblast,immune,17.73891,0.11825940757989883,1.0
4052,3928,fibroblast,immune,17.737688,0.1182512566447258,1.0
5536,5533,fibroblast,epithelial,8.863525,0.05909017100930214,1.0
2959,5166,fibroblast,epithelial,9.262211,0.06174807250499725,1.0
3447,3449,fibroblast,epithelial,15.648223,0.11798882484436035,0.98642564
3927,4057,fibroblast,immune,8.84664,0.05897759646177292,1.0
3659,3656,fibroblast,immune,17.672983,0.1178198903799057,1.0
320,322,fibroblast,epithelial,8.8256,0.05883733183145523,1.0
5846,5838,fibroblast,epithelial,8.813824,0.058758825063705444,1.0
5585,5905,fibroblast,epithelial,8.801586,0.05867724120616913,1.0
3870,3607,fibroblast,epithelial,8.776962,0.058513082563877106,1.0
6962,6990,fibroblast,epithelial,8.7655115,0.058436743915081024,1.0
4806,479,fibroblast,epithelial,10.005426,0.06670284271240234,1.0
22,3298,fibroblast,epithelial,8.754818,0.05836545303463936,1.0
5463,3253,fibroblast,epithelial,8.75375,0.058358334004879,1.0
6273,6271,fibroblast,immune,17.490917,0.11660611629486084,1.0
3985,4009,fibroblast,immune,17.490198,0.11660131812095642,1.0
5177,5179,fibroblast,immune,17.476168,0.11650778353214264,1.0
4655,4666,fibroblast,epithelial,8.7358055,0.05823870375752449,1.0
2779,2777,fibroblast,epithelial,9.960734,0.06640489399433136,1.0
4975,4969,fibroblast,epithelial,8.729544,0.058196958154439926,1.0
4417,559,fibroblast,epithelial,9.563735,0.0637582316994667,1.0
3768,170,fibroblast,immune,17.437319,0.11624879390001297,1.0
420,423,fibroblast,epithelial,8.71803,0.05812019854784012,1.0
5238,5237,fibroblast,immune,8.713121,0.05808747559785843,1.0
6496,6498,fibroblast,immune,17.391573,0.11594381928443909,1.0
7063,7061,fibroblast,immune,10.61892,0.0707928016781807,1.0
4963,4957,fibroblast,immune,17.35748,0.11571652442216873,1.0
3903,3833,fibroblast,immune,17.347706,0.11565136909484863,1.0
3835,3838,fibroblast,immune,17.338455,0.1155897006392479,1.0
6838,2381,fibroblast,immune,17.333181,0.11555454134941101,1.0
2792,2793,fibroblast,epithelial,8.641463,0.05760975554585457,1.0
6137,6138,fibroblast,immune,9.590874,0.0639391615986824,1.0
3994,3992,fibroblast,immune,17.210224,0.11473482847213745,1.0
3850,3810,fibroblast,immune,17.201906,0.11467937380075455,1.0
5260,5257,fibroblast,immune,17.198051,0.11465367674827576,1.0
6876,6122,fibroblast,immune,17.188856,0.11459237337112427,1.0
4895,4931,fibroblast,immune,17.184895,0.11456596106290817,1.0
3379,3526,fibroblast,immune,17.183277,0.11455518007278442,1.0
3900,3890,fibroblast,immune,8.587344,0.05724896118044853,1.0
3706,3980,fibroblast,immune,17.167118,0.1144474521279335,1.0
3346,3419,fibroblast,immune,17.155523,0.11437015235424042,1.0
3405,3434,fibroblast,immune,17.14557,0.11430380493402481,1.0
3491,230,fibroblast,epithelial,8.570836,0.05713890865445137,1.0
6104,6106,fibroblast,immune,17.12192,0.11414612829685211,1.0
6453,6451,fibroblast,immune,17.090622,0.11393748223781586,1.0
4786,383,fibroblast,epithelial,9.15506,0.06103373318910599,1.0
6427,6481,fibroblast,epithelial,11.588449,0.07725632190704346,1.0
3488,3526,fibroblast,immune,17.066021,0.11377347260713577,1.0
504,5281,fibroblast,epithelial,15.482076,0.11374316364526749,0.9895259
6068,1856,fibroblast,epithelial,8.529112,0.05686074495315552,1.0
234,454,fibroblast,epithelial,8.522558,0.056817054748535156,1.0
4419,562,fibroblast,epithelial,8.52079,0.05680526793003082,1.0
26,4020,fibroblast,epithelial,8.5188465,0.05679231137037277,1.0
3358,3354,fibroblast,immune,17.0328,0.11355200409889221,1.0
6742,1282,fibroblast,epithelial,8.515441,0.05676960572600365,1.0
3349,175,fibroblast,immune,17.019064,0.11346042901277542,1.0
3788,3824,fibroblast,immune,16.979044,0.11319362372159958,1.0
7154,2380,fibroblast,immune,16.962118,0.11308078467845917,1.0
6826,6149,fibroblast,immune,16.95785,0.11305233091115952,1.0
4388,2183,fibroblast,epithelial,8.473654,0.056491024792194366,1.0
273,256,fibroblast,epithelial,8.704204,0.058028023689985275,1.0
6794,6797,fibroblast,immune,16.92056,0.11280374228954315,1.0
3766,171,fibroblast,immune,16.919697,0.11279797554016113,1.0
2959,2957,fibroblast,epithelial,8.458087,0.056387245655059814,1.0
6123,6122,fibroblast,immune,16.903524,0.11269016563892365,1.0
5156,5157,fibroblast,epithelial,12.165745,0.08110496401786804,1.0
3547,92,fibroblast,immune,16.895313,0.11263541877269745,1.0
3728,3656,fibroblast,immune,16.87109,0.11247393488883972,1.0
3373,3367,fibroblast,immune,16.863365,0.11242243647575378,1.0
108,4886,fibroblast,epithelial,8.426498,0.05617665499448776,1.0
3323,174,fibroblast,immune,16.850801,0.11233867704868317,1.0
6099,6290,fibroblast,immune,16.805475,0.11203650385141373,1.0
3561,3562,fibroblast,immune,8.489599,0.056597329676151276,1.0
2919,2852,fibroblast,epithelial,8.388032,0.05592021346092224,1.0
6968,2520,fibroblast,epithelial,15.490099,0.11158556491136551,0.99171627
3413,3399,fibroblast,immune,16.727581,0.11151720583438873,1.0
3758,4023,fibroblast,immune,16.716011,0.11144006997346878,1.0
6272,1891,fibroblast,immune,16.696684,0.11131122708320618,1.0
3374,222,fibroblast,immune,16.65473,0.11103153228759766,1.0
5313,5311,fibroblast,epithelial,15.425953,0.11095353215932846,0.991919
7046,2348,fibroblast,immune,8.319286,0.055461909621953964,1.0
4726,500,fibroblast,epithelial,8.316463,0.055443089455366135,1.0
3907,165,fibroblast,immune,16.627829,0.1108521893620491,1.0
3485,3526,fibroblast,immune,16.609896,0.11073263734579086,1.0
32,31,fibroblast,epithelial,8.300202,0.05533468350768089,1.0
3568,3562,fibroblast,immune,8.2988205,0.0553254708647728,1.0
6829,6140,fibroblast,epithelial,8.289301,0.0552620068192482,1.0
2353,7031,fibroblast,epithelial,8.260925,0.0550728365778923,1.0
3430,3429,fibroblast,immune,16.51533,0.11010219901800156,1.0
2966,2960,fibroblast,epithelial,8.253446,0.05502296984195709,1.0
3827,167,fibroblast,immune,16.478891,0.10985927283763885,1.0
6126,6122,fibroblast,immune,16.473951,0.10982634127140045,1.0
4700,577,fibroblast,epithelial,10.04584,0.0669722706079483,1.0
5964,5961,fibroblast,immune,16.469578,0.10979718714952469,1.0
633,636,fibroblast,epithelial,8.233553,0.05489035323262215,1.0
273,274,fibroblast,epithelial,8.23033,0.05486886948347092,1.0
3861,3840,fibroblast,immune,16.432644,0.10955096036195755,1.0
4880,2775,fibroblast,epithelial,8.97128,0.059808533638715744,1.0
5012,3271,fibroblast,epithelial,15.341449,0.1093447282910347,0.9929565
5217,85,fibroblast,epithelial,15.38509,0.10932963341474533,0.99326044
3409,216,fibroblast,immune,16.370459,0.10913638770580292,1.0
6826,6827,fibroblast,immune,16.352793,0.10901861637830734,1.0
2382,2383,fibroblast,epithelial,8.162248,0.054414983838796616,1.0
3521,4002,fibroblast,immune,16.318079,0.10878719389438629,1.0
3804,3793,fibroblast,epithelial,8.147081,0.05431387573480606,1.0
4456,4458,fibroblast,epithelial,8.145557,0.054303716868162155,1.0
3550,92,fibroblast,immune,16.286833,0.1085788831114769,1.0
6841,6846,fibroblast,immune,16.272688,0.10848458856344223,1.0
3559,3572,fibroblast,epithelial,8.331616,0.055544108152389526,1.0
3349,3351,fibroblast,immune,16.192842,0.10795228183269501,1.0
3364,3363,fibroblast,immune,16.186495,0.10790996253490448,1.0
4091,2632,fibroblast,epithelial,8.092052,0.05394701659679413,1.0
6099,6289,fibroblast,immune,16.160372,0.10773581266403198,1.0
6279,1779,fibroblast,immune,16.155201,0.10770133882761002,1.0
3753,3747,fibroblast,immune,16.152403,0.10768268257379532,1.0
3421,3412,fibroblast,immune,16.146725,0.10764483362436295,1.0
5778,5774,fibroblast,epithelial,8.065423,0.053769487887620926,1.0
3410,3780,fibroblast,immune,16.101677,0.10734451562166214,1.0
3444,189,fibroblast,epithelial,8.045402,0.053636010736227036,1.0
3345,3412,fibroblast,immune,16.082157,0.10721438378095627,1.0
522,520,fibroblast,epithelial,8.025582,0.05350388213992119,1.0
450,451,fibroblast,epithelial,8.961496,0.059743307530879974,1.0
3617,5221,fibroblast,immune,16.017044,0.1067802906036377,1.0
4914,4918,fibroblast,immune,16.013697,0.10675797611474991,1.0
560,5223,fibroblast,immune,16.01302,0.10675346106290817,1.0
2757,2759,fibroblast,epithelial,8.001684,0.05334456264972687,1.0
727,4674,fibroblast,epithelial,8.000006,0.05333337187767029,1.0
159,152,fibroblast,epithelial,7.995378,0.053302519023418427,1.0
6134,6131,fibroblast,immune,15.922323,0.10614882409572601,1.0
775,781,fibroblast,epithelial,7.957226,0.05304817110300064,1.0
1295,1292,fibroblast,epithelial,8.3007965,0.05533864349126816,1.0
5324,4917,fibroblast,immune,7.946815,0.05297876521945,1.0
3679,3646,fibroblast,epithelial,10.251818,0.06834544986486435,1.0
3567,3572,fibroblast,epithelial,7.9359207,0.052906136959791183,1.0
4806,485,fibroblast,epithelial,8.351804,0.05567869171500206,1.0
4786,4792,fibroblast,epithelial,7.9312906,0.05287526920437813,1.0
3739,3757,fibroblast,immune,15.804383,0.10536255687475204,1.0
3648,3646,fibroblast,epithelial,10.176653,0.06784435361623764,1.0
3834,3832,fibroblast,immune,15.80153,0.1053435355424881,1.0
6278,6280,fibroblast,immune,15.775671,0.10517113655805588,1.0
4417,562,fibroblast,epithelial,7.8867707,0.05257847160100937,1.0
5164,5160,fibroblast,immune,15.763421,0.105089470744133,1.0
3785,3784,fibroblast,immune,15.7430315,0.10495354235172272,1.0
3040,5612,fibroblast,epithelial,7.8644686,0.052429791539907455,1.0
4804,2119,fibroblast,epithelial,8.461546,0.056410305202007294,1.0
7130,3960,fibroblast,epithelial,15.292722,0.10451334714889526,0.9974414
4743,4742,fibroblast,epithelial,7.82147,0.05214313045144081,1.0
3891,171,fibroblast,immune,15.5971,0.1039806678891182,1.0
3846,3838,fibroblast,immune,15.586083,0.10390722006559372,1.0
3433,3436,fibroblast,immune,15.56843,0.10378953069448471,1.0
7065,7066,fibroblast,epithelial,7.759463,0.051729753613471985,1.0
5902,984,fibroblast,epithelial,7.756634,0.05171089619398117,1.0
4962,4920,fibroblast,immune,15.472326,0.10314884036779404,1.0
3413,3738,fibroblast,immune,15.444892,0.10296594351530075,1.0
3331,3351,fibroblast,immune,15.375269,0.10250179469585419,1.0
7126,3824,fibroblast,immune,15.360153,0.1024010181427002,1.0
5981,5978,fibroblast,immune,7.677103,0.05118068680167198,1.0
3543,3931,fibroblast,immune,15.329302,0.10219534486532211,1.0
6052,6012,fibroblast,immune,7.6521497,0.05101433023810387,1.0
5121,5110,fibroblast,epithelial,9.783433,0.06522288918495178,1.0
186,191,fibroblast,epithelial,7.6336064,0.050890710204839706,1.0
6135,6138,fibroblast,immune,7.631312,0.05087541416287422,1.0
5156,5153,fibroblast,epithelial,10.523109,0.07015406340360641,1.0
3410,3411,fibroblast,immune,15.214707,0.10143138468265533,1.0
5299,5334,fibroblast,epithelial,7.6063666,0.050709109753370285,1.0
6486,1103,fibroblast,epithelial,7.6058655,0.050705768167972565,1.0
1295,1293,fibroblast,epithelial,7.603352,0.05068901553750038,1.0
3994,3688,fibroblast,immune,15.173425,0.10115616768598557,1.0
4031,4059,fibroblast,immune,15.132358,0.1008823812007904,1.0
3974,3975,fibroblast,immune,15.11988,0.10079919546842575,1.0
6826,6825,fibroblast,immune,15.105165,0.10070109367370605,1.0
5227,5232,fibroblast,immune,15.105116,0.10070077329874039,1.0
6098,6082,fibroblast,epithelial,15.103716,0.10069143772125244,1.0
6282,6106,fibroblast,immune,15.050872,0.1003391444683075,1.0
3445,229,fibroblast,immune,15.04242,0.10028280317783356,1.0
4806,4808,fibroblast,epithelial,7.5129676,0.05008644983172417,1.0
2779,5152,fibroblast,epithelial,7.5045757,0.050030503422021866,1.0
52,502,fibroblast,epithelial,9.752528,0.06501685827970505,1.0
6966,6969,fibroblast,immune,14.976392,0.0998426154255867,1.0
5245,5233,fibroblast,immune,14.974139,0.0998275950551033,1.0
3982,3983,fibroblast,epithelial,14.967254,0.09978169202804565,1.0
5165,5160,fibroblast,immune,14.9637,0.09975799918174744,1.0
5850,5855,fibroblast,epithelial,7.4807663,0.049871776252985,1.0
3540,13,fibroblast,immune,14.960223,0.0997348204255104,1.0
5333,536,fibroblast,epithelial,7.48008,0.04986720159649849,1.0
3374,3342,fibroblast,immune,14.94927,0.09966180473566055,1.0
5631,5629,fibroblast,epithelial,14.946888,0.09964592009782791,1.0
3814,167,fibroblast,immune,14.936269,0.09957512468099594,1.0
4804,4805,fibroblast,epithelial,7.7094736,0.05139648914337158,1.0
52,5274,fibroblast,epithelial,14.93176,0.09954506903886795,1.0
3639,5228,fibroblast,immune,14.918437,0.09945624321699142,1.0
43,3298,fibroblast,epithelial,8.951811,0.059678737074136734,1.0
4880,4943,fibroblast,epithelial,7.450495,0.04966996610164642,1.0
6073,6080,fibroblast,immune,14.898927,0.09932617843151093,1.0
3257,3256,fibroblast,epithelial,7.435118,0.04956745356321335,1.0
2320,2322,fibroblast,epithelial,14.866809,0.09911205619573593,1.0
3746,3745,fibroblast,immune,14.865983,0.0991065502166748,1.0
3812,167,fibroblast,immune,14.840356,0.09893570840358734,1.0
6291,6297,fibroblast,immune,14.838495,0.09892330318689346,1.0
6811,6809,fibroblast,immune,14.826066,0.09884043782949448,1.0
3995,3992,fibroblast,immune,14.805616,0.09870410710573196,1.0
4104,4107,fibroblast,epithelial,14.80257,0.09868380427360535,1.0
3608,3612,fibroblast,epithelial,7.400491,0.04933660849928856,1.0
2362,7060,fibroblast,immune,14.780919,0.09853946417570114,1.0
5213,69,fibroblast,immune,14.779822,0.09853214770555496,1.0
3621,276,fibroblast,epithelial,14.76396,0.09842640161514282,1.0
3841,204,fibroblast,epithelial,14.75601,0.0983733981847763,1.0
6126,6870,fibroblast,immune,14.743977,0.09829317778348923,1.0
1706,6140,fibroblast,epithelial,14.71029,0.09806860238313675,1.0
3829,3810,fibroblast,immune,14.704914,0.09803275763988495,1.0
6032,6031,fibroblast,immune,14.674106,0.09782736748456955,1.0
3513,3314,fibroblast,immune,14.670175,0.09780116379261017,1.0
2925,5128,fibroblast,immune,14.669759,0.09779839217662811,1.0
3617,3616,fibroblast,immune,14.636988,0.09757991880178452,1.0
5077,2789,fibroblast,epithelial,14.635458,0.09756971895694733,1.0
7052,7060,fibroblast,immune,14.626024,0.09750682860612869,1.0
4008,4012,fibroblast,immune,7.667651,0.0511176735162735,1.0
5798,2973,fibroblast,epithelial,14.600836,0.09733890742063522,1.0
5177,5178,fibroblast,epithelial,14.5657835,0.09710521996021271,1.0
5344,2953,fibroblast,epithelial,14.560532,0.09707020968198776,1.0
6099,6121,fibroblast,immune,14.545506,0.09697003662586212,1.0
5012,3266,fibroblast,epithelial,14.535363,0.09690242260694504,1.0
756,754,fibroblast,epithelial,7.2648153,0.04843210056424141,1.0
3413,216,fibroblast,immune,14.522712,0.09681808203458786,1.0
3514,3315,fibroblast,immune,14.522552,0.0968170091509819,1.0
3545,3923,fibroblast,epithelial,12.191332,0.08127554506063461,1.0
5514,3268,fibroblast,epithelial,14.5082855,0.09672190248966217,1.0
5338,5337,fibroblast,immune,14.504056,0.09669370949268341,1.0
4793,4775,fibroblast,epithelial,14.503665,0.09669110178947449,1.0
6293,6295,fibroblast,immune,14.502789,0.0966852605342865,1.0
6483,6428,fibroblast,epithelial,14.488194,0.09658796340227127,1.0
3693,3688,fibroblast,immune,14.47913,0.09652753174304962,1.0
6651,6695,fibroblast,epithelial,7.2273135,0.04818208888173103,1.0
3413,3398,fibroblast,immune,14.45184,0.09634560346603394,1.0
4905,2799,fibroblast,epithelial,7.224817,0.048165444284677505,1.0
4804,4798,fibroblast,epithelial,7.22313,0.04815420135855675,1.0
6091,6094,fibroblast,immune,7.2197957,0.048131972551345825,1.0
3428,3429,fibroblast,immune,14.42042,0.09613613039255142,1.0
3406,3344,fibroblast,immune,14.407236,0.09604824334383011,1.0
3617,5236,fibroblast,immune,14.405099,0.0960339903831482,1.0
3310,3298,fibroblast,epithelial,7.200327,0.048002179712057114,1.0
6482,1111,fibroblast,epithelial,14.399733,0.09599822014570236,1.0
4442,249,fibroblast,epithelial,14.332506,0.095550037920475,1.0
3792,3791,fibroblast,immune,14.3111515,0.09540767967700958,1.0
3868,3887,fibroblast,epithelial,14.310364,0.09540242701768875,1.0
4088,3268,fibroblast,epithelial,14.304967,0.0953664481639862,1.0
7127,3854,fibroblast,epithelial,14.297857,0.09531904757022858,1.0
5810,5750,fibroblast,epithelial,14.296337,0.09530891478061676,1.0
6450,6449,fibroblast,immune,14.272501,0.09515000879764557,1.0
6796,6797,fibroblast,immune,14.264382,0.09509588032960892,1.0
6844,2381,fibroblast,immune,14.229153,0.09486101567745209,1.0
3358,3348,fibroblast,immune,14.217039,0.09478025883436203,1.0
6283,6280,fibroblast,immune,14.195276,0.09463517367839813,1.0
5277,5280,fibroblast,epithelial,14.185076,0.09456717222929001,1.0
4945,4943,fibroblast,epithelial,8.895588,0.05930392071604729,1.0
337,348,fibroblast,epithelial,7.079782,0.047198545187711716,1.0
450,4429,fibroblast,epithelial,7.0774827,0.04718321934342384,1.0
3760,3902,fibroblast,immune,14.152506,0.09435003995895386,1.0
6069,1856,fibroblast,epithelial,14.150915,0.09433943778276443,1.0
5238,5236,fibroblast,immune,14.146201,0.09430801123380661,1.0
4964,4957,fibroblast,immune,14.126214,0.09417475759983063,1.0
4451,246,fibroblast,epithelial,14.119126,0.09412750601768494,1.0
4008,4016,fibroblast,immune,14.114709,0.0940980613231659,1.0
3909,170,fibroblast,immune,14.112604,0.09408402442932129,1.0
179,3452,fibroblast,epithelial,7.045807,0.04697204753756523,1.0
2792,4899,fibroblast,epithelial,14.06004,0.09373360127210617,1.0
3976,3975,fibroblast,immune,14.033888,0.09355925023555756,1.0
3763,3826,fibroblast,immune,14.020488,0.09346991777420044,1.0
27,33,fibroblast,epithelial,14.019904,0.09346602857112885,1.0
6791,6821,fibroblast,immune,14.013307,0.0934220477938652,1.0
5336,518,fibroblast,epithelial,13.972634,0.09315089881420135,1.0
3763,167,fibroblast,immune,13.970107,0.09313404560089111,1.0
6043,6041,fibroblast,epithelial,13.96544,0.09310293197631836,1.0
5239,69,fibroblast,immune,13.964809,0.0930987298488617,1.0
3509,3382,fibroblast,immune,13.9606905,0.09307126700878143,1.0
3394,3432,fibroblast,immune,13.935888,0.0929059237241745,1.0
3792,3790,fibroblast,epithelial,13.930602,0.09287068247795105,1.0
5966,5972,fibroblast,epithelial,8.703577,0.0580238476395607,1.0
3647,3646,fibroblast,epithelial,8.286087,0.05524057894945145,1.0
3993,4012,fibroblast,immune,6.947869,0.04631912708282471,1.0
3362,3342,fibroblast,immune,13.886305,0.09257536381483078,1.0
3687,3694,fibroblast,immune,13.884706,0.09256470203399658,1.0
4451,249,fibroblast,epithelial,13.8748255,0.09249883890151978,1.0
3970,3546,fibroblast,immune,13.868816,0.09245877712965012,1.0
3652,14,fibroblast,immune,13.830649,0.09220433235168457,1.0
4113,4112,fibroblast,epithelial,7.2861123,0.04857408255338669,1.0
6003,6295,fibroblast,immune,13.803468,0.09202311933040619,1.0
3439,3440,fibroblast,immune,13.781982,0.09187988191843033,1.0
6429,1114,fibroblast,epithelial,13.76271,0.09175139665603638,1.0
3423,185,fibroblast,immune,13.76057,0.09173712879419327,1.0
5287,5310,fibroblast,immune,13.758388,0.09172258526086807,1.0
3986,3992,fibroblast,immune,13.758349,0.09172233194112778,1.0
6291,6290,fibroblast,immune,13.73855,0.09159033745527267,1.0
6853,6869,fibroblast,immune,13.737008,0.09158005565404892,1.0
3914,3930,fibroblast,immune,13.70867,0.09139113128185272,1.0
3610,3597,fibroblast,epithelial,6.8526497,0.0456843301653862,1.0
5973,1779,fibroblast,immune,13.689912,0.09126608073711395,1.0
5230,5259,fibroblast,immune,13.666749,0.09111166000366211,1.0
3752,3750,fibroblast,immune,13.661932,0.09107954800128937,1.0
3709,3703,fibroblast,epithelial,13.6482935,0.09098862111568451,1.0
3701,3698,fibroblast,immune,13.621934,0.09081289172172546,1.0
4428,4429,fibroblast,epithelial,13.549191,0.09032794088125229,1.0
3862,3865,fibroblast,immune,13.543787,0.09029190987348557,1.0
7058,7061,fibroblast,immune,6.769016,0.045126773416996,1.0
4904,2927,fibroblast,epithelial,13.53164,0.0902109369635582,1.0
6815,6821,fibroblast,immune,13.500973,0.09000648558139801,1.0
3335,3316,fibroblast,immune,13.489632,0.08993087708950043,1.0
4793,4792,fibroblast,epithelial,13.483672,0.08989115059375763,1.0
4090,2850,fibroblast,epithelial,13.479566,0.08986376971006393,1.0
3989,3988,fibroblast,immune,13.476426,0.08984284102916718,1.0
3970,18,fibroblast,immune,13.464785,0.08976522833108902,1.0
3498,3493,fibroblast,immune,13.461746,0.08974497765302658,1.0
3921,3919,fibroblast,immune,13.455499,0.08970332145690918,1.0
3492,3493,fibroblast,immune,13.454127,0.08969417959451675,1.0
3413,194,fibroblast,immune,13.395005,0.08930003643035889,1.0
3699,3977,fibroblast,immune,13.391291,0.08927527070045471,1.0
2418,2417,fibroblast,epithelial,6.690243,0.044601619243621826,1.0
3496,3493,fibroblast,immune,13.376783,0.08917855471372604,1.0
6876,2373,fibroblast,immune,13.376343,0.08917561918497086,1.0
6963,2526,fibroblast,epithelial,13.358451,0.0890563428401947,1.0
5215,69,fibroblast,immune,13.35806,0.08905373513698578,1.0
6005,6295,fibroblast,immune,13.333568,0.0888904482126236,1.0
6915,6917,fibroblast,epithelial,6.6511726,0.04434115067124367,1.0
6450,6451,fibroblast,immune,13.301507,0.08867671340703964,1.0
5338,5326,fibroblast,immune,13.289659,0.08859772235155106,1.0
6804,6809,fibroblast,immune,13.287787,0.0885852500796318,1.0
3722,3719,fibroblast,epithelial,13.272004,0.08848002552986145,1.0
3924,3923,fibroblast,epithelial,10.950891,0.07300593703985214,1.0
182,183,fibroblast,epithelial,6.6290007,0.044193338602781296,1.0
4420,424,fibroblast,epithelial,13.249368,0.08832912147045135,1.0
5747,5748,fibroblast,epithelial,13.248648,0.08832431584596634,1.0
4116,2838,fibroblast,epithelial,13.242274,0.08828182518482208,1.0
3775,3781,fibroblast,immune,13.233398,0.08822265267372131,1.0
3753,3750,fibroblast,immune,13.191215,0.08794143050909042,1.0
3659,3658,fibroblast,immune,13.175912,0.08783940970897675,1.0
3422,185,fibroblast,immune,13.16463,0.0877641960978508,1.0
6069,6182,fibroblast,epithelial,13.163319,0.08775545656681061,1.0
4456,274,fibroblast,epithelial,13.162339,0.0877489298582077,1.0
3970,3928,fibroblast,immune,13.131758,0.08754505217075348,1.0
6115,6118,fibroblast,epithelial,13.120851,0.0874723345041275,1.0
5078,2861,fibroblast,epithelial,13.117873,0.0874524861574173,1.0
3446,3429,fibroblast,immune,13.112748,0.0874183177947998,1.0
3323,177,fibroblast,immune,13.096374,0.08730915933847427,1.0
4113,7133,fibroblast,epithelial,6.540321,0.04360213875770569,1.0
4097,4130,fibroblast,epithelial,13.070574,0.08713715523481369,1.0
5287,5311,fibroblast,epithelial,13.068336,0.08712223917245865,1.0
3395,3432,fibroblast,immune,13.068005,0.08712003380060196,1.0
5227,3618,fibroblast,immune,13.063221,0.08708813786506653,1.0
7046,7045,fibroblast,immune,13.044135,0.08696090430021286,1.0
3311,229,fibroblast,immune,13.028608,0.0868573859333992,1.0
2920,2918,fibroblast,epithelial,13.027562,0.08685041218996048,1.0
6443,6442,fibroblast,epithelial,6.5089073,0.043392714112997055,1.0
6438,6440,fibroblast,epithelial,12.985715,0.08657143265008926,1.0
3318,3440,fibroblast,immune,12.984643,0.08656428754329681,1.0
4837,3719,fibroblast,epithelial,12.967575,0.0864505022764206,1.0
6452,6451,fibroblast,immune,12.962224,0.08641482889652252,1.0
5212,5211,fibroblast,immune,12.961483,0.08640988916158676,1.0
3337,221,fibroblast,immune,12.957174,0.08638115972280502,1.0
3746,3743,fibroblast,immune,12.954805,0.08636537194252014,1.0
1852,1850,fibroblast,epithelial,12.933335,0.08622223883867264,1.0
4705,329,fibroblast,epithelial,12.928542,0.08619028329849243,1.0
6849,6869,fibroblast,immune,12.906036,0.08604024350643158,1.0
6159,6869,fibroblast,immune,12.904389,0.08602926135063171,1.0
1926,5075,fibroblast,epithelial,12.899754,0.08599835634231567,1.0
2369,2371,fibroblast,epithelial,6.439324,0.042928826063871384,1.0
3827,3830,fibroblast,immune,12.878089,0.0858539268374443,1.0
6496,6494,fibroblast,immune,12.858717,0.08572477847337723,1.0
3927,4059,fibroblast,immune,12.858455,0.08572303503751755,1.0
3907,3912,fibroblast,immune,12.85716,0.08571439981460571,1.0
3542,3928,fibroblast,immune,12.854625,0.08569750189781189,1.0
7124,4014,fibroblast,immune,12.852684,0.08568456023931503,1.0
4700,4699,fibroblast,epithelial,6.424427,0.04282951354980469,1.0
257,4653,fibroblast,epithelial,12.83577,0.08557179570198059,1.0
5344,5197,fibroblast,immune,12.8292885,0.08552858978509903,1.0
3346,3338,fibroblast,immune,12.813725,0.08542483299970627,1.0
7042,6793,fibroblast,immune,12.796818,0.085312120616436,1.0
6508,1182,fibroblast,epithelial,12.796142,0.08530761301517487,1.0
3321,3320,fibroblast,immune,12.790449,0.08526965975761414,1.0
6127,6118,fibroblast,epithelial,12.786454,0.08524303138256073,1.0
3337,3344,fibroblast,immune,12.780217,0.0852014496922493,1.0
3749,3772,fibroblast,immune,12.776342,0.08517561852931976,1.0
3909,3902,fibroblast,immune,12.772969,0.08515312522649765,1.0
6963,2371,fibroblast,epithelial,12.770994,0.08513996005058289,1.0
3311,3312,fibroblast,immune,12.763837,0.08509224653244019,1.0
3758,3757,fibroblast,immune,12.762097,0.08508064597845078,1.0
6036,1765,fibroblast,epithelial,12.757841,0.08505227416753769,1.0
3823,3824,fibroblast,immune,12.754875,0.08503250032663345,1.0
3335,3344,fibroblast,immune,12.726174,0.08484116196632385,1.0
4915,5297,fibroblast,epithelial,12.697113,0.08464741706848145,1.0
5242,5219,fibroblast,immune,12.6943,0.08462866395711899,1.0
3905,3765,fibroblast,immune,12.66696,0.08444640040397644,1.0
3615,3616,fibroblast,immune,12.661009,0.08440672606229782,1.0
3755,4023,fibroblast,immune,12.647986,0.08431991189718246,1.0
5225,78,fibroblast,immune,12.639851,0.08426567167043686,1.0
6073,6074,fibroblast,immune,12.604428,0.08402952551841736,1.0
3796,200,fibroblast,epithelial,12.575266,0.08383510261774063,1.0
3544,3931,fibroblast,immune,12.562311,0.08374874293804169,1.0
3768,3761,fibroblast,immune,12.561029,0.08374019712209702,1.0
3341,3338,fibroblast,immune,12.555472,0.08370315283536911,1.0
6866,6850,fibroblast,epithelial,7.3694344,0.049129560589790344,1.0
3756,3774,fibroblast,immune,12.528268,0.0835217833518982,1.0
3365,221,fibroblast,immune,12.526042,0.08350694924592972,1.0
4810,4808,fibroblast,epithelial,12.502052,0.08334701508283615,1.0
3768,3767,fibroblast,immune,12.470267,0.08313511312007904,1.0
2085,2086,fibroblast,epithelial,6.229447,0.04152964428067207,1.0
4441,4735,fibroblast,epithelial,6.2276425,0.04151761531829834,1.0
5377,5379,fibroblast,epithelial,6.225715,0.041504766792058945,1.0
3544,3546,fibroblast,immune,12.422758,0.08281838893890381,1.0
5234,5337,fibroblast,immune,12.41744,0.08278293907642365,1.0
3524,4002,fibroblast,immune,12.415823,0.0827721506357193,1.0
7159,7110,fibroblast,epithelial,12.370005,0.08246669918298721,1.0
6841,2381,fibroblast,immune,12.362552,0.08241701126098633,1.0
257,3626,fibroblast,epithelial,12.358784,0.0823918879032135,1.0
3317,3316,fibroblast,immune,12.329149,0.08219432830810547,1.0
6002,6001,fibroblast,immune,12.328454,0.08218969404697418,1.0
4705,331,fibroblast,epithelial,12.328381,0.08218920230865479,1.0
3346,3420,fibroblast,immune,12.312118,0.08208078145980835,1.0
3349,177,fibroblast,immune,12.304376,0.08202917128801346,1.0
3927,3930,fibroblast,immune,12.303048,0.08202031999826431,1.0
3519,3536,fibroblast,immune,12.291967,0.08194644749164581,1.0
3617,67,fibroblast,immune,12.274524,0.08183015882968903,1.0
6288,6290,fibroblast,immune,12.2610655,0.08174043893814087,1.0
349,348,fibroblast,epithelial,12.260116,0.08173410594463348,1.0
6806,6074,fibroblast,immune,12.259967,0.08173311501741409,1.0
1181,1182,fibroblast,epithelial,12.187306,0.0812487080693245,1.0
5258,5257,fibroblast,immune,12.183056,0.08122037351131439,1.0
4962,4957,fibroblast,immune,12.176858,0.08117905259132385,1.0
3378,3380,fibroblast,immune,12.123662,0.08082441240549088,1.0
3550,3576,fibroblast,epithelial,12.082079,0.08054719120264053,1.0
4916,5297,fibroblast,epithelial,12.079414,0.08052942901849747,1.0
3433,3431,fibroblast,immune,12.063881,0.08042587339878082,1.0
3721,3719,fibroblast,epithelial,12.033422,0.08022281527519226,1.0
3639,5224,fibroblast,immune,12.031537,0.08021024614572525,1.0
715,725,fibroblast,epithelial,6.0111694,0.040074463933706284,1.0
2523,2511,fibroblast,epithelial,12.020939,0.08013959228992462,1.0
5973,5972,fibroblast,epithelial,6.7918243,0.04527882859110832,1.0
4809,4808,fibroblast,epithelial,12.0104475,0.0800696536898613,1.0
164,162,fibroblast,epithelial,12.006439,0.08004292845726013,1.0
6439,6440,fibroblast,epithelial,11.994755,0.0799650326371193,1.0
80,4878,fibroblast,epithelial,5.991904,0.039946023374795914,1.0
3764,3765,fibroblast,immune,11.943861,0.07962574064731598,1.0
2792,4900,fibroblast,epithelial,11.94363,0.07962419837713242,1.0
4982,2942,fibroblast,immune,5.9683003,0.03978866711258888,1.0
3755,216,fibroblast,immune,11.925591,0.07950394600629807,1.0
43,39,fibroblast,epithelial,5.957591,0.03971727192401886,1.0
51,5293,fibroblast,immune,11.901125,0.07934083044528961,1.0
3331,3353,fibroblast,immune,11.898693,0.0793246179819107,1.0
4103,4107,fibroblast,epithelial,11.893128,0.07928752154111862,1.0
3561,5266,fibroblast,immune,11.880321,0.07920213788747787,1.0
6962,6958,fibroblast,epithelial,5.939636,0.03959757462143898,1.0
3340,3338,fibroblast,immune,11.8625555,0.07908370345830917,1.0
3972,3977,fibroblast,immune,11.859203,0.079061359167099,1.0
5231,5229,fibroblast,immune,11.857386,0.0790492370724678,1.0
6070,6140,fibroblast,epithelial,11.841519,0.07894346117973328,1.0
6150,6131,fibroblast,immune,11.837895,0.07891929894685745,1.0
2798,2800,fibroblast,epithelial,11.807408,0.07871605455875397,1.0
3529,3525,fibroblast,immune,11.791928,0.07861285656690598,1.0
164,3866,fibroblast,epithelial,11.788244,0.07858829200267792,1.0
7138,343,fibroblast,epithelial,11.761095,0.07840730249881744,1.0
2740,3143,fibroblast,epithelial,11.663814,0.07775875926017761,1.0
3841,3817,fibroblast,immune,11.645647,0.07763765007257462,1.0
2523,2516,fibroblast,epithelial,11.629535,0.07753023505210876,1.0
3405,180,fibroblast,immune,11.625781,0.0775052085518837,1.0
6036,5961,fibroblast,immune,11.6222725,0.07748181372880936,1.0
6070,6074,fibroblast,immune,11.608152,0.07738768309354782,1.0
6847,6122,fibroblast,immune,11.592361,0.07728240638971329,1.0
715,713,fibroblast,epithelial,5.7916865,0.03861124441027641,1.0
6792,6821,fibroblast,immune,11.57174,0.07714493572711945,1.0
6791,7050,fibroblast,immune,11.557172,0.07704780995845795,1.0
3414,3416,fibroblast,immune,11.544645,0.07696430385112762,1.0
3414,3412,fibroblast,immune,11.502386,0.07668257504701614,1.0
6115,6163,fibroblast,epithelial,11.495689,0.07663793116807938,1.0
3514,225,fibroblast,immune,11.481811,0.07654540240764618,1.0
5813,5814,fibroblast,epithelial,5.7349744,0.038233160972595215,1.0
3369,3367,fibroblast,immune,11.4498205,0.07633213698863983,1.0
5342,5302,fibroblast,immune,11.444301,0.07629533857107162,1.0
257,4649,fibroblast,epithelial,11.396967,0.07597977668046951,1.0
3966,3919,fibroblast,immune,11.392163,0.07594775408506393,1.0
26,29,fibroblast,epithelial,11.392021,0.07594680786132812,1.0
4001,4002,fibroblast,immune,11.3873825,0.0759158805012703,1.0
3768,3759,fibroblast,immune,11.376637,0.07584425061941147,1.0
4036,4035,fibroblast,immune,11.362864,0.07575242221355438,1.0
3643,3642,fibroblast,immune,5.67349,0.03782326728105545,1.0
3835,3840,fibroblast,immune,11.323211,0.07548806816339493,1.0
3675,3646,fibroblast,epithelial,5.6268106,0.037512071430683136,1.0
3773,3772,fibroblast,immune,11.2231,0.07482066750526428,1.0
4636,4653,fibroblast,epithelial,11.219131,0.0747942104935646,1.0
4463,4464,fibroblast,epithelial,11.217284,0.07478189468383789,1.0
3879,163,fibroblast,epithelial,11.199607,0.07466404885053635,1.0
5962,5961,fibroblast,immune,11.188385,0.07458923012018204,1.0
5940,6023,fibroblast,immune,11.183106,0.07455404102802277,1.0
5243,5219,fibroblast,immune,11.161162,0.07440774887800217,1.0
775,6601,fibroblast,epithelial,11.151722,0.07434481382369995,1.0
182,3386,fibroblast,epithelial,11.137553,0.07425035536289215,1.0
3630,4650,fibroblast,immune,11.109174,0.07406115531921387,1.0
3959,3960,fibroblast,epithelial,11.08601,0.07390673458576202,1.0
3368,3363,fibroblast,immune,11.085748,0.07390498369932175,1.0
3652,3653,fibroblast,immune,11.069236,0.0737949088215828,1.0
3498,3490,fibroblast,immune,11.037457,0.07358305156230927,1.0
4463,4474,fibroblast,epithelial,11.037175,0.07358116656541824,1.0
4895,5310,fibroblast,immune,11.024458,0.07349638640880585,1.0
4933,5179,fibroblast,immune,10.996904,0.07331269234418869,1.0
6296,6297,fibroblast,immune,10.987028,0.07324685156345367,1.0
5121,5119,fibroblast,epithelial,5.4932466,0.03662164509296417,1.0
6430,6481,fibroblast,epithelial,5.4862976,0.0365753173828125,1.0
1085,1111,fibroblast,epithelial,10.951573,0.07301048934459686,1.0
3358,3351,fibroblast,immune,10.951472,0.07300981879234314,1.0
6081,6080,fibroblast,immune,10.928219,0.07285479456186295,1.0
4966,4920,fibroblast,immune,10.921679,0.07281119376420975,1.0
3621,4634,fibroblast,epithelial,10.92064,0.07280426472425461,1.0
6024,6041,fibroblast,epithelial,10.90152,0.07267680019140244,1.0
4052,13,fibroblast,immune,10.859395,0.07239596545696259,1.0
6508,6442,fibroblast,epithelial,10.83861,0.072257399559021,1.0
3409,3415,fibroblast,immune,10.836372,0.07224248349666595,1.0
3969,3546,fibroblast,immune,10.824525,0.07216349989175797,1.0
1707,6122,fibroblast,immune,10.8223,0.07214866578578949,1.0
3328,3320,fibroblast,immune,10.80764,0.07205093652009964,1.0
4090,4099,fibroblast,epithelial,10.797136,0.07198090851306915,1.0
4961,133,fibroblast,epithelial,10.788176,0.07192116975784302,1.0
3418,185,fibroblast,immune,10.78601,0.07190673053264618,1.0
3927,3931,fibroblast,immune,10.783982,0.07189321517944336,1.0
3365,3363,fibroblast,immune,10.764825,0.07176549732685089,1.0
5271,5278,fibroblast,epithelial,10.750393,0.07166928797960281,1.0
3311,3314,fibroblast,immune,10.706484,0.07137656211853027,1.0
5342,518,fibroblast,epithelial,10.685605,0.07123737037181854,1.0
7058,7060,fibroblast,immune,10.683755,0.07122503221035004,1.0
4044,4041,fibroblast,immune,10.6738615,0.07115907967090607,1.0
5926,5924,fibroblast,epithelial,10.602878,0.07068584859371185,1.0
6788,6793,fibroblast,immune,10.602076,0.07068050652742386,1.0
3433,3435,fibroblast,immune,10.534718,0.07023145258426666,1.0
4945,4941,fibroblast,epithelial,5.26617,0.035107798874378204,1.0
3368,3367,fibroblast,immune,10.520147,0.07013431191444397,1.0
234,4477,fibroblast,epithelial,10.516687,0.07011125236749649,1.0
5227,5229,fibroblast,immune,10.516206,0.07010804116725922,1.0
3911,168,fibroblast,immune,10.509313,0.07006208598613739,1.0
6429,1111,fibroblast,epithelial,10.509052,0.0700603500008583,1.0
503,502,fibroblast,epithelial,5.2388296,0.03492553159594536,1.0
219,31,fibroblast,epithelial,10.461229,0.06974153220653534,1.0
5967,5972,fibroblast,epithelial,5.2236934,0.03482462093234062,1.0
7040,6793,fibroblast,immune,10.447114,0.0696474239230156,1.0
4809,4792,fibroblast,epithelial,10.439601,0.06959734112024307,1.0
3349,3350,fibroblast,immune,10.427467,0.06951645016670227,1.0
159,161,fibroblast,epithelial,10.383584,0.06922389566898346,1.0
6853,6850,fibroblast,epithelial,5.185231,0.03456820920109749,1.0
199,3794,fibroblast,epithelial,10.368593,0.06912395358085632,1.0
3769,168,fibroblast,immune,10.363234,0.06908822059631348,1.0
3823,3826,fibroblast,immune,10.345469,0.06896979361772537,1.0
164,3867,fibroblast,epithelial,10.345272,0.06896848231554031,1.0
3740,3738,fibroblast,immune,10.344694,0.0689646303653717,1.0
51,49,fibroblast,epithelial,10.344305,0.06896203011274338,1.0
3799,3797,fibroblast,immune,10.334852,0.0688990131020546,1.0
3957,3960,fibroblast,epithelial,10.290958,0.06860639154911041,1.0
6788,6797,fibroblast,immune,10.242897,0.0682859793305397,1.0
3639,78,fibroblast,immune,10.2406845,0.0682712271809578,1.0
4463,4468,fibroblast,epithelial,10.1755085,0.06783672422170639,1.0
4652,3626,fibroblast,epithelial,10.1623335,0.06774888932704926,1.0
4962,133,fibroblast,epithelial,10.156986,0.06771323829889297,1.0
6868,6869,fibroblast,immune,10.155857,0.06770571321249008,1.0
3537,3525,fibroblast,immune,10.141293,0.06760861724615097,1.0
90,3565,fibroblast,epithelial,5.2555976,0.035037316381931305,1.0
4636,4635,fibroblast,epithelial,10.081426,0.06720950454473495,1.0
7049,7050,fibroblast,immune,10.0758,0.06717199832201004,1.0
3366,3508,fibroblast,immune,10.071643,0.06714428216218948,1.0
3425,3426,fibroblast,immune,10.033718,0.06689145416021347,1.0
179,3386,fibroblast,epithelial,10.031078,0.06687385588884354,1.0
3836,3840,fibroblast,immune,10.017234,0.06678155809640884,1.0
6166,6151,fibroblast,immune,10.009958,0.06673305481672287,1.0
3405,3407,fibroblast,immune,10.003307,0.06668871641159058,1.0
3195,3198,fibroblast,epithelial,9.931184,0.0662078931927681,1.0
3418,3420,fibroblast,immune,9.9206085,0.0661373883485794,1.0
6273,1891,fibroblast,immune,9.904905,0.06603270024061203,1.0
5245,5246,fibroblast,immune,9.890346,0.0659356340765953,1.0
3324,177,fibroblast,immune,9.890265,0.06593510508537292,1.0
5747,5750,fibroblast,epithelial,9.876729,0.06584486365318298,1.0
3739,3742,fibroblast,immune,9.846873,0.06564582139253616,1.0
5161,5160,fibroblast,immune,9.837198,0.0655813217163086,1.0
3552,3570,fibroblast,epithelial,9.819506,0.06546337157487869,1.0
3687,3688,fibroblast,immune,9.756557,0.06504371762275696,1.0
3511,3508,fibroblast,immune,9.750276,0.06500183790922165,1.0
3699,3980,fibroblast,immune,9.74246,0.06494973599910736,1.0
3439,3442,fibroblast,immune,9.711818,0.0647454485297203,1.0
6166,1739,fibroblast,epithelial,9.708351,0.06472234427928925,1.0
3564,3565,fibroblast,epithelial,4.840215,0.03226810321211815,1.0
4052,19,fibroblast,immune,9.67197,0.06447980552911758,1.0
3904,3902,fibroblast,immune,9.608487,0.06405658274888992,1.0
5247,5246,fibroblast,immune,9.5996275,0.06399751454591751,1.0
3868,3867,fibroblast,epithelial,9.596386,0.06397590786218643,1.0
7062,7039,fibroblast,immune,9.566984,0.06377989798784256,1.0
1894,6096,fibroblast,epithelial,9.565654,0.06377102434635162,1.0
3886,3867,fibroblast,epithelial,9.543616,0.06362410634756088,1.0
6139,6140,fibroblast,epithelial,9.536592,0.06357727944850922,1.0
6807,6809,fibroblast,immune,9.528668,0.06352445483207703,1.0
4651,3626,fibroblast,epithelial,9.527794,0.06351862847805023,1.0
5298,5302,fibroblast,immune,9.522711,0.06348473578691483,1.0
4953,4912,fibroblast,epithelial,9.510438,0.06340292096138,1.0
5213,5208,fibroblast,epithelial,9.488228,0.06325485557317734,1.0
4843,4839,fibroblast,epithelial,9.477037,0.06318025290966034,1.0
5382,5750,fibroblast,epithelial,9.467745,0.06311830133199692,1.0
4011,4016,fibroblast,immune,9.466176,0.06310784071683884,1.0
5156,5155,fibroblast,epithelial,4.729695,0.03153130039572716,1.0
1851,6297,fibroblast,immune,9.375062,0.06250040978193283,1.0
5964,5959,fibroblast,immune,9.370073,0.06246715411543846,1.0
4469,4468,fibroblast,epithelial,9.366323,0.06244215741753578,1.0
6133,6149,fibroblast,immune,9.360067,0.0624004490673542,1.0
5298,501,fibroblast,epithelial,9.3484745,0.06232316419482231,1.0
6868,6870,fibroblast,immune,9.298672,0.061991143971681595,1.0
6790,6793,fibroblast,immune,9.297706,0.061984702944755554,1.0
4739,411,fibroblast,epithelial,9.2713995,0.06180933117866516,1.0
121,120,fibroblast,epithelial,9.266156,0.061774373054504395,1.0
3317,3315,fibroblast,immune,9.250217,0.061668116599321365,1.0
6098,6096,fibroblast,epithelial,9.213265,0.061421770602464676,1.0
5169,5166,fibroblast,epithelial,9.205423,0.06136948987841606,1.0
5225,5223,fibroblast,immune,9.205276,0.06136850267648697,1.0
6081,6078,fibroblast,immune,9.191239,0.0612749308347702,1.0
5261,5257,fibroblast,immune,9.177468,0.06118312105536461,1.0
3769,3772,fibroblast,immune,9.165329,0.06110219284892082,1.0
3652,3698,fibroblast,immune,9.145562,0.06097041442990303,1.0
6877,6122,fibroblast,immune,9.127216,0.06084810942411423,1.0
278,4468,fibroblast,epithelial,9.11412,0.06076079607009888,1.0
3796,3817,fibroblast,immune,9.102266,0.0606817752122879,1.0
3439,229,fibroblast,immune,9.10214,0.06068093702197075,1.0
5269,5274,fibroblast,epithelial,9.089211,0.06059474125504494,1.0
3552,3576,fibroblast,epithelial,9.080243,0.06053495407104492,1.0
2320,2315,fibroblast,epithelial,9.054845,0.06036563217639923,1.0
522,518,fibroblast,epithelial,9.018633,0.060124218463897705,1.0
3615,3618,fibroblast,immune,9.016693,0.060111287981271744,1.0
5963,5961,fibroblast,immune,9.002951,0.06001967191696167,1.0
3775,168,fibroblast,immune,8.992102,0.05994734540581703,1.0
3768,171,fibroblast,immune,8.961927,0.05974618345499039,1.0
3799,204,fibroblast,epithelial,8.874337,0.05916224792599678,1.0
4119,4130,fibroblast,epithelial,8.863357,0.059089042246341705,1.0
6970,6969,fibroblast,immune,8.861971,0.05907980725169182,1.0
4977,4978,fibroblast,epithelial,8.832059,0.05888039246201515,1.0
3494,3493,fibroblast,immune,8.828486,0.058856576681137085,1.0
3841,3818,fibroblast,immune,8.805997,0.05870664492249489,1.0
4111,4107,fibroblast,epithelial,8.789978,0.05859985202550888,1.0
3807,208,fibroblast,epithelial,8.771988,0.0584799200296402,1.0
5220,3616,fibroblast,immune,8.768907,0.05845937877893448,1.0
2792,49,fibroblast,epithelial,8.719997,0.058133315294981,1.0
5251,5223,fibroblast,immune,8.698849,0.057992324233055115,1.0
1347,6648,fibroblast,epithelial,8.682515,0.05788343399763107,1.0
3877,163,fibroblast,epithelial,8.659437,0.057729579508304596,1.0
3545,3546,fibroblast,immune,8.64196,0.0576130673289299,1.0
3875,3876,fibroblast,immune,8.629163,0.057527750730514526,1.0
3756,4023,fibroblast,immune,8.617282,0.05744854733347893,1.0
3530,3525,fibroblast,immune,8.614596,0.05743064358830452,1.0
3497,3314,fibroblast,immune,8.541386,0.056942570954561234,1.0
5240,5211,fibroblast,immune,8.499875,0.05666583403944969,1.0
3900,171,fibroblast,immune,8.495174,0.05663449689745903,1.0
5238,5233,fibroblast,immune,8.453765,0.05635843425989151,1.0
3433,3432,fibroblast,immune,8.433736,0.05622490495443344,1.0
3375,3367,fibroblast,immune,8.404567,0.05603044480085373,1.0
41,39,fibroblast,epithelial,8.377513,0.055850084871053696,1.0
4964,123,fibroblast,epithelial,8.376891,0.055845942348241806,1.0
182,3384,fibroblast,epithelial,8.374154,0.05582769215106964,1.0
3567,3570,fibroblast,epithelial,8.337767,0.0555851124227047,1.0
3512,225,fibroblast,immune,8.329643,0.05553095415234566,1.0
3447,230,fibroblast,epithelial,8.306565,0.05537710338830948,1.0
3972,14,fibroblast,immune,8.304184,0.055361226201057434,1.0
5076,2861,fibroblast,epithelial,8.304141,0.05536093935370445,1.0
5240,69,fibroblast,immune,8.270778,0.055138517171144485,1.0
2920,5128,fibroblast,immune,8.26035,0.055069003254175186,1.0
3773,3774,fibroblast,immune,8.255135,0.05503423139452934,1.0
3409,3412,fibroblast,immune,8.231037,0.05487358197569847,1.0
4965,4920,fibroblast,immune,8.17971,0.05453140288591385,1.0
4776,4775,fibroblast,epithelial,8.120099,0.05413399264216423,1.0
6838,2380,fibroblast,immune,7.9595957,0.05306397005915642,1.0
3311,3313,fibroblast,immune,7.946234,0.052974894642829895,1.0
6112,6118,fibroblast,epithelial,7.9354506,0.05290300399065018,1.0
68,69,fibroblast,immune,7.9188333,0.05279222130775452,1.0
3796,3816,fibroblast,immune,7.9001703,0.05266780033707619,1.0
6292,6297,fibroblast,immune,7.848694,0.052324626594781876,1.0
3537,3536,fibroblast,immune,7.83857,0.05225713551044464,1.0
3850,3830,fibroblast,immune,7.831013,0.05220675468444824,1.0
3510,3508,fibroblast,immune,7.8045297,0.05203019827604294,1.0
3753,3754,fibroblast,immune,7.7590237,0.051726825535297394,1.0
6860,6881,fibroblast,epithelial,7.7301235,0.05153415724635124,1.0
51,50,fibroblast,epithelial,7.7258306,0.05150553584098816,1.0
4036,4037,fibroblast,immune,7.7214274,0.05147618427872658,1.0
756,755,fibroblast,epithelial,7.665618,0.051104120910167694,1.0
5171,5166,fibroblast,epithelial,7.6309896,0.05087326467037201,1.0
5967,5961,fibroblast,immune,7.630398,0.05086931958794594,1.0
3879,162,fibroblast,epithelial,7.6139164,0.050759442150592804,1.0
3365,222,fibroblast,immune,7.586999,0.050579991191625595,1.0
6166,6174,fibroblast,epithelial,7.565223,0.05043482035398483,1.0
3756,4024,fibroblast,immune,7.5463395,0.05030893161892891,1.0
5076,5128,fibroblast,immune,7.523478,0.05015651881694794,1.0
3614,5259,fibroblast,immune,7.5183096,0.05012206360697746,1.0
3381,3380,fibroblast,immune,7.5136037,0.050090692937374115,1.0
3825,3824,fibroblast,immune,7.511464,0.050076428800821304,1.0
5127,5128,fibroblast,immune,7.3641586,0.049094390124082565,1.0
3507,3536,fibroblast,immune,7.362389,0.049082592129707336,1.0
3537,3538,fibroblast,immune,7.284347,0.04856231436133385,1.0
3911,3913,fibroblast,immune,7.283199,0.04855465888977051,1.0
5250,5248,fibroblast,epithelial,7.2794366,0.048529576510190964,1.0
3834,3833,fibroblast,immune,7.2433934,0.04828928783535957,1.0
199,200,fibroblast,epithelial,7.21581,0.048105400055646896,1.0
5073,5128,fibroblast,immune,7.130176,0.047534506767988205,1.0
3337,3336,fibroblast,immune,7.094892,0.047299280762672424,1.0
3512,3314,fibroblast,immune,7.090903,0.047272685915231705,1.0
3689,3694,fibroblast,immune,7.066335,0.04710889980196953,1.0
7138,414,fibroblast,epithelial,6.987834,0.0465855598449707,1.0
1896,1891,fibroblast,immune,6.9406543,0.046271029859781265,1.0
2740,2739,fibroblast,epithelial,6.8847923,0.045898616313934326,1.0
6296,6295,fibroblast,immune,6.8617196,0.045744799077510834,1.0
4977,5110,fibroblast,epithelial,6.824929,0.0454995296895504,1.0
5313,5314,fibroblast,epithelial,6.696818,0.04464545100927353,1.0
257,4648,fibroblast,epithelial,6.681361,0.04454240947961807,1.0
5269,5268,fibroblast,epithelial,6.668659,0.044457729905843735,1.0
448,4429,fibroblast,epithelial,6.662439,0.04441625997424126,1.0
5209,5208,fibroblast,epithelial,6.6548934,0.044365957379341125,1.0
5262,5257,fibroblast,immune,6.608998,0.044059984385967255,1.0
3509,3508,fibroblast,immune,6.586569,0.04391045868396759,1.0
5265,5266,fibroblast,immune,6.57939,0.04386259987950325,1.0
6042,6041,fibroblast,epithelial,6.464087,0.04309391230344772,1.0
3381,3382,fibroblast,immune,6.3910594,0.04260706156492233,1.0
3379,3380,fibroblast,immune,6.181376,0.04120917245745659,1.0
3749,3747,fibroblast,immune,6.1433935,0.040955957025289536,1.0
3687,17,fibroblast,immune,6.105049,0.04070032760500908,1.0
3769,3771,fibroblast,immune,6.0912056,0.040608037263154984,1.0
3383,3384,fibroblast,epithelial,6.074193,0.04049462080001831,1.0
3720,3719,fibroblast,epithelial,6.0587006,0.040391337126493454,1.0
4010,4009,fibroblast,immune,5.994738,0.03996492177248001,1.0
3911,166,fibroblast,immune,5.7219944,0.03814662992954254,1.0
3377,3382,fibroblast,immune,5.597174,0.03731449320912361,1.0
3921,3920,fibroblast,immune,5.5646086,0.03709739074110985,1.0
3409,3411,fibroblast,immune,5.4074697,0.036049798130989075,1.0
90,5248,fibroblast,epithelial,5.3707256,0.03580483794212341,1.0
5214,69,fibroblast,immune,5.2507176,0.03500478342175484,1.0
5262,5259,fibroblast,immune,5.2318974,0.03487931564450264,1.0
3424,185,fibroblast,immune,5.1204696,0.034136462956666946,1.0
5336,5337,fibroblast,immune,4.8353214,0.03223547711968422,1.0
4636,4650,fibroblast,immune,4.8244243,0.032162830233573914,1.0
3925,3923,fibroblast,epithelial,2.320725,0.015471499413251877,1.0
4975,4974,fibroblast,epithelial,4.3684673,0.02912311628460884,1.0
6867,6869,fibroblast,immune,4.18109,0.0278739333152771,1.0
7048,7050,fibroblast,immune,3.3437283,0.022291522473096848,1.0
