cell_index,cell_id,cell_type,x_centroid,y_centroid,node_prize
2,aabhbgmg-1,epithelial,10.92450714111328,344.447509765625,0.3448711633682251
7,aahbbjnj-1,epithelial,7.01553201675415,306.0466613769531,0.4742172360420227
9,aaknhhcb-1,epithelial,18.019502639770508,317.5672912597656,0.3638850450515747
13,aanbbhpb-1,immune,118.65754699707033,87.02420806884766,0.9356197714805603
14,aanjladf-1,immune,127.557861328125,128.6939239501953,0.8909770250320435
15,aanodife-1,fibroblast,195.5703125,259.40087890625,1.300898790359497
16,aaoaegnp-1,fibroblast,185.530029296875,144.04371643066406,2.2876904010772705
17,aaomlcbp-1,immune,146.58416748046875,251.46104431152344,2.6140449047088623
18,aapedleb-1,immune,132.43072509765625,92.8949203491211,2.219346523284912
19,aapheahe-1,immune,123.89612579345705,77.43526458740234,0.5796582102775574
20,abaeoegb-1,fibroblast,185.4685821533203,22.797199249267575,2.4735164642333984
22,abapenil-1,fibroblast,35.328914642333984,293.4965515136719,0.0
26,abebiilp-1,fibroblast,52.74637222290039,304.8622741699219,0.7872135043144226
27,abedadaj-1,fibroblast,44.55000305175781,317.1457824707031,1.7449584007263184
28,abenbieo-1,epithelial,43.4619026184082,308.1832580566406,0.0
29,abfgiado-1,epithelial,45.32152938842773,296.2222595214844,0.41514474153518677
31,abfpgcfp-1,epithelial,50.42747497558594,339.93096923828125,0.33431124687194824
32,abgemnmb-1,fibroblast,50.6956787109375,331.6351013183594,0.0
33,abgfjked-1,epithelial,31.141529083251957,313.05059814453125,0.4851425290107727
34,abjajjoh-1,epithelial,31.680667877197266,332.6221008300781,0.0
37,ablhelcb-1,fibroblast,23.79957389831543,258.0613098144531,0.0
38,abmbnoib-1,fibroblast,218.2377166748047,258.6706848144531,4.863428831100464
39,abmfkfom-1,epithelial,34.905452728271484,274.7523498535156,0.9571181535720825
40,abmgagbc-1,epithelial,26.227201461791992,269.9343566894531,0.0
41,abncjoho-1,fibroblast,38.012672424316406,266.9723815917969,1.6340200901031494
43,abnooaip-1,fibroblast,30.24398231506348,278.4622802734375,0.0
45,acahkhjb-1,epithelial,13.449274063110352,259.2438049316406,0.0
49,acbopfmf-1,epithelial,398.279296875,183.31243896484372,0.3194962441921234
50,accekdkd-1,epithelial,382.9260864257813,192.79417419433597,1.7113384008407593
51,accgffdb-1,fibroblast,389.2398681640625,188.34169006347656,1.7789908647537231
52,acdeiegn-1,fibroblast,397.7259521484375,227.70877075195312,1.164754033088684
53,acdkoekd-1,epithelial,405.2297058105469,549.4761962890625,0.293637752532959
57,acfnmnci-1,epithelial,397.552490234375,198.38755798339844,0.0
58,acglcook-1,fibroblast,384.3402099609375,208.68771362304688,0.0
59,acibigfc-1,epithelial,390.50103759765625,202.3369903564453,0.0
60,aciddole-1,epithelial,381.4129333496094,118.04293823242188,0.0
67,acndgokg-1,immune,307.2812194824219,200.4723052978516,1.9102188348770142
68,acoealhj-1,fibroblast,313.328857421875,125.17855834960938,0.8392208218574524
69,acolnfga-1,immune,316.09063720703125,117.7569351196289,0.6395735740661621
73,adaoobpe-1,epithelial,287.3749389648437,738.3243408203125,0.0
78,addjokdl-1,immune,295.0857238769531,262.17401123046875,2.5178771018981934
80,adgaanaa-1,fibroblast,311.6439819335937,39.30001449584961,0.0
83,adhllcgp-1,epithelial,295.7092590332031,70.36852264404297,2.337937831878662
84,adhlnbpn-1,fibroblast,300.98162841796875,87.1112289428711,0.0
85,adhmkepc-1,epithelial,296.8763732910156,78.76602172851562,0.6199804544448853
88,adipajcf-1,epithelial,307.80914306640625,78.2564697265625,0.4217839241027832
90,adknopap-1,fibroblast,261.681396484375,107.97257995605467,2.534468412399292
92,adlilcoa-1,immune,216.1705474853516,114.43993377685548,1.3276740312576294
93,adnleldj-1,epithelial,274.0946655273437,64.16613006591797,0.0
95,adopcmef-1,fibroblast,268.7239990234375,60.21624374389648,0.0
101,aecilekk-1,fibroblast,396.4025573730469,11.809349060058594,0.0
102,aecnmfmn-1,epithelial,393.5552368164063,21.53330993652344,0.0
103,aednddcg-1,epithelial,408.0549926757813,22.4679012298584,0.4300645589828491
107,aefepkek-1,epithelial,404.1271362304688,50.4224739074707,0.0
108,aeggaodm-1,fibroblast,397.5359191894531,41.29441833496094,0.0
111,aeigkmfj-1,epithelial,388.3986206054688,92.75625610351562,0.49145373702049255
112,aeikagih-1,immune,391.8497619628906,67.9421157836914,0.9221618175506592
114,aekmaaii-1,epithelial,391.0991516113281,78.736328125,0.5290737152099609
115,aekpcjln-1,immune,384.27056884765625,73.75634765625,1.1063830852508545
116,aembipfp-1,epithelial,398.5355224609375,53.53693771362305,0.4462325870990753
120,aengcien-1,epithelial,385.652587890625,42.87506103515625,0.381680428981781
121,aeoandlh-1,fibroblast,380.628173828125,50.66074752807617,0.8081122636795044
122,aeofjdgf-1,epithelial,323.8898010253906,34.13425064086914,0.46555960178375244
123,aeohdikm-1,epithelial,324.2204284667969,73.52792358398438,0.5650297403335571
124,aepceecc-1,epithelial,338.78692626953125,52.47928237915039,1.2138094902038574
131,afcbcoce-1,epithelial,356.99041748046875,27.25421524047852,0.6056002974510193
133,afcondop-1,epithelial,348.7797241210937,97.30525207519533,0.5877222418785095
135,afdbfnfb-1,epithelial,344.340087890625,33.07240676879883,0.6021637916564941
136,afdckand-1,epithelial,351.2881774902344,29.981189727783203,0.0
138,afepahdl-1,epithelial,328.1331481933594,27.58946990966797,0.0
139,affhmaia-1,epithelial,342.0360107421875,21.33431053161621,0.0
140,afhimmlk-1,epithelial,335.1919250488281,23.85285186767578,0.0
141,afhnkije-1,epithelial,24.639986038208008,326.5047912597656,0.4300645589828491
143,afijnhmc-1,epithelial,20.153324127197266,349.48114013671875,1.1652605533599854
144,afikelao-1,epithelial,25.50542640686035,340.87713623046875,0.7197932004928589
147,afjphedc-1,epithelial,40.25341033935547,359.51593017578125,0.0
149,afldnbnk-1,epithelial,30.28675079345703,346.05963134765625,0.0
150,afljknfn-1,fibroblast,39.56652069091797,334.9407043457031,0.0
152,afnlaeji-1,epithelial,180.33059692382807,651.7203979492188,0.0
153,afoalmmg-1,fibroblast,166.54981994628906,648.5108032226562,2.9624675512313843
156,afpkfbfg-1,epithelial,248.9827423095703,732.1238403320312,0.0
159,agadchnf-1,fibroblast,174.74362182617188,657.4398193359375,2.745600461959839
160,agadgpom-1,epithelial,221.56114196777344,729.7662353515625,0.0
161,agaggdbh-1,epithelial,184.99888610839844,659.0671997070312,0.38499975204467773
162,agbpanje-1,epithelial,178.4359588623047,625.3631591796875,0.5842684507369995
163,agdigggc-1,epithelial,175.1435089111328,634.4992065429688,0.6893053650856018
164,agedajej-1,fibroblast,187.13442993164065,633.6390991210938,0.5501070618629456
165,ageeekhi-1,immune,69.22142028808594,633.1126098632812,0.7695833444595337
166,ageehfmj-1,immune,100.28279876708984,611.8693237304688,2.219346523284912
167,agenghbl-1,immune,98.4275360107422,666.65673828125,1.1261790990829468
168,ageocoad-1,immune,85.29258728027344,609.2987670898438,1.0290052890777588
170,agganmem-1,immune,133.36221313476562,647.272705078125,0.9804236888885498
171,aggbfpah-1,immune,128.2007598876953,622.0054931640625,1.1956968307495117
173,agjgpoen-1,immune,109.0477294921875,590.5936279296875,1.8058497905731201
174,agjlmegd-1,immune,112.95977020263672,583.67626953125,0.6126589179039001
175,agkgggnl-1,immune,104.87651824951172,578.9246826171875,2.3215816020965576
176,agkkolfn-1,fibroblast,123.9831085205078,545.524169921875,5.929604530334473
177,agknmcie-1,immune,108.2195281982422,573.0317993164062,1.1063830852508545
178,aglelmki-1,immune,82.62554168701172,569.186767578125,1.0939252376556396
179,agmdpokn-1,fibroblast,24.81178092956543,384.8787231445313,1.7135834693908691
180,agnedakf-1,immune,15.161946296691896,454.0055236816406,1.0939252376556396
182,agoednlk-1,fibroblast,12.903388023376465,390.8684387207031,2.485816478729248
183,agoghann-1,epithelial,18.24565315246582,386.9436645507813,0.0
184,agokgcpl-1,epithelial,36.31695175170898,366.3022766113281,0.0
185,agonjcoi-1,immune,39.28239822387695,515.2673950195312,2.652008533477783
186,agpccjmb-1,fibroblast,34.54779815673828,374.3834838867188,0.0
189,agpokbbg-1,epithelial,35.45670700073242,410.3492126464844,0.0
191,ahbakbnj-1,epithelial,28.76508140563965,369.4002990722656,0.5799998044967651
193,ahbhjhic-1,immune,6.52008056640625,541.0873413085938,2.0515904426574707
194,ahbhngoc-1,immune,25.759498596191406,555.9751586914062,1.7234580516815186
195,ahccmgmk-1,immune,8.707615852355957,547.5230102539062,2.551537036895752
196,ahdbajah-1,fibroblast,22.924673080444336,546.7548828125,0.0
197,ahdcaeej-1,fibroblast,17.212987899780273,541.49267578125,0.0
199,ahedddhi-1,fibroblast,52.45119857788086,737.6497802734375,2.1104788780212402
200,aheikaig-1,epithelial,49.97737503051758,730.8712768554688,0.3275836706161499
203,ahfkfaag-1,epithelial,42.64197540283203,695.7678833007812,0.40251490473747253
204,ahgcfdac-1,epithelial,52.710052490234375,716.46533203125,0.3275836706161499
206,ahgobgac-1,epithelial,6.580885410308838,706.2698364257812,0.7609782218933105
208,ahhpanmj-1,epithelial,24.631908416748047,710.2857666015625,0.7213696241378784
209,ahidinac-1,epithelial,25.33831024169922,695.4573974609375,0.5474308729171753
210,ahillnni-1,epithelial,24.34727668762207,701.822509765625,0.0
211,ahjniape-1,epithelial,13.65085220336914,524.5889892578125,0.0
212,ahkkmfko-1,fibroblast,14.088248252868652,533.764404296875,0.0
213,ahlgfmmb-1,fibroblast,27.92412376403809,530.39697265625,2.230072259902954
214,ahlmbngo-1,immune,5.498567581176758,569.239501953125,0.8196167349815369
215,ahloejia-1,epithelial,30.56981658935547,689.27734375,0.0
216,ahmagaae-1,immune,40.71815872192383,567.7662353515625,1.3420857191085815
217,ahmbhgnk-1,fibroblast,85.27375030517578,358.7742614746094,0.922801673412323
218,ahmblicg-1,fibroblast,48.14076232910156,361.3040161132813,0.0
219,ahmdkeae-1,fibroblast,51.92164993286133,350.2849426269531,1.711076259613037
221,ahncjmmp-1,immune,86.24300384521484,480.3801879882813,1.5942189693450928
222,ahncnfbj-1,immune,94.63111114501952,477.6608581542969,1.894822120666504
223,ahnkbeoh-1,fibroblast,114.056396484375,425.9728698730469,3.118974506855011
225,ahohejei-1,immune,85.76219940185547,437.99114990234375,1.019517421722412
226,ahpadalj-1,fibroblast,118.5870361328125,431.65826416015625,2.791774094104767
227,ahpgcfng-1,epithelial,56.16385269165039,417.3947143554688,0.0
229,ahppdbli-1,immune,60.58798599243164,431.9121398925781,1.1786861419677734
230,aiabmlap-1,epithelial,60.64150238037109,392.6934509277344,0.5766440629959106
234,aicminkn-1,fibroblast,258.3554077148437,399.68017578125,1.5947974920272827
243,aifbheno-1,epithelial,303.90203857421875,403.361328125,0.4311509132385254
246,aighilpa-1,epithelial,293.7893981933594,476.5217590332031,0.9339014291763306
249,aihmdkpg-1,epithelial,304.0311279296875,482.2440185546875,0.2943294048309326
250,aiiabebf-1,epithelial,296.3788146972656,494.7884216308594,0.4105862081050873
254,aijnibaf-1,epithelial,307.5181579589844,495.3739318847656,0.4177730679512024
256,ailcgbpk-1,epithelial,250.01084899902344,493.25531005859375,0.4272647202014923
257,aimjacpa-1,fibroblast,246.2349853515625,530.4208984375,1.7368817329406738
259,ainlabic-1,fibroblast,236.440673828125,505.867431640625,0.0
265,aipoboaa-1,epithelial,264.5107421875,516.1465454101562,0.5796582102775574
273,ajdhljdc-1,fibroblast,254.8387908935547,486.0127868652344,0.0
274,ajebffpp-1,epithelial,260.3707275390625,479.9188537597656,0.47186994552612305
276,ajendfme-1,epithelial,243.8296661376953,484.3408508300781,0.546227216720581
278,ajfnmbgo-1,fibroblast,243.35081481933597,451.451904296875,2.204038143157959
283,ajhifgif-1,epithelial,323.2972412109375,430.1411743164063,0.0
284,ajhohode-1,epithelial,313.705322265625,432.093017578125,0.4447057247161865
285,ajiehlpc-1,epithelial,298.8220520019531,438.9382629394531,0.458901047706604
286,ajiheckc-1,epithelial,288.5584716796875,452.4873352050781,0.47186994552612305
290,ajkbcffc-1,epithelial,274.7727966308594,446.5491943359375,0.32188645005226135
291,ajkpeijg-1,epithelial,266.0181579589844,440.4322509765625,1.3599365949630737
295,ajmdajda-1,epithelial,273.5832824707031,511.9377746582031,0.4847233295440674
302,ajpghakg-1,epithelial,293.4289245605469,537.5648803710938,0.4177730679512024
306,akbhlhic-1,epithelial,296.08404541015625,585.7846069335938,0.43724679946899414
317,akhookap-1,fibroblast,250.4552764892578,557.7427368164062,0.0
318,akjfaffc-1,epithelial,242.85772705078125,566.5635375976562,0.0
320,akjphgpc-1,fibroblast,299.448486328125,551.9464111328125,0.0
321,aklkjofi-1,epithelial,306.3798217773437,559.2088623046875,2.190749406814575
322,akllcapj-1,epithelial,303.6385803222656,544.1788940429688,0.36288803815841675
324,akmcgjam-1,epithelial,312.0141296386719,550.8295288085938,0.0
326,aknddllg-1,epithelial,318.4101867675781,572.9662475585938,0.6162855625152588
327,akogajne-1,epithelial,323.083984375,580.68212890625,0.0
329,akolheha-1,epithelial,309.9403686523437,524.5252075195312,0.6947008967399597
330,akpfjnpd-1,fibroblast,328.18438720703125,513.1137084960938,0.0
331,alafaelm-1,epithelial,321.28131103515625,526.9037475585938,1.465806245803833
337,alcplopg-1,fibroblast,356.5577392578125,477.9166564941406,0.0
341,aleloajj-1,epithelial,364.3367309570313,488.3543395996094,0.0
343,alfnolpf-1,epithelial,336.8139038085937,460.6647338867188,0.458901047706604
344,algmekil-1,epithelial,345.7855834960937,473.5318908691406,0.5041325092315674
348,alihpadi-1,epithelial,363.0290222167969,475.0451049804688,0.3648872971534729
349,aljbplde-1,fibroblast,369.8360900878906,464.8483276367188,0.2702959477901459
352,alknckip-1,epithelial,358.6273498535156,527.3565673828125,0.0
357,alncnbfi-1,epithelial,354.0415344238281,521.9207763671875,0.0
362,alpijkhg-1,epithelial,363.767578125,493.9649658203125,1.5899988412857056
372,amflhkea-1,epithelial,341.9259948730469,522.5662231445312,0.3648872971534729
377,amhklabj-1,epithelial,331.3212280273437,500.575927734375,0.0
383,amldbhmg-1,epithelial,401.5485534667969,401.8038330078125,0.9571181535720825
387,amnmfakk-1,epithelial,401.7014770507813,410.4483947753906,0.0
398,anebogel-1,epithelial,397.7236328125,585.5897827148438,0.34852543473243713
403,anggmhfi-1,epithelial,401.07818603515625,462.29925537109375,0.5796582102775574
409,anjbcjpl-1,epithelial,370.6864929199219,419.19049072265625,0.35797953605651855
411,anjlkdje-1,epithelial,353.478515625,430.1852111816406,0.4447057247161865
412,ankiaabl-1,epithelial,363.2409362792969,425.0110778808594,0.0
414,anlaodjg-1,epithelial,341.9834289550781,452.9677429199219,0.4814322590827942
420,anoipakc-1,fibroblast,335.24493408203125,428.2542724609375,1.97745943069458
423,anpkkcjf-1,epithelial,338.5540771484375,420.1886901855469,0.0
424,aoabpcpm-1,epithelial,281.1667175292969,316.0602111816406,0.5594708919525146
448,aojofjol-1,fibroblast,264.38311767578125,369.10931396484375,1.7237716913223267
450,aokhghnb-1,fibroblast,267.6102294921875,356.8578186035156,0.0
451,aokialda-1,epithelial,273.1653747558594,349.8258361816406,0.4564618468284607
452,aokmdhgd-1,epithelial,279.4509582519531,391.3190612792969,0.40621769428253174
454,aolkmnpi-1,epithelial,255.97532653808597,391.4967041015625,0.0
455,aolnkdca-1,fibroblast,259.74005126953125,377.7950134277344,0.0
456,aolpfkdi-1,epithelial,258.88262939453125,385.5563354492188,0.0
465,apaohgim-1,epithelial,317.91064453125,360.7882385253906,0.4258798360824585
468,apcjdpdk-1,epithelial,345.8622436523437,397.8190002441406,0.0
471,apeegmhn-1,epithelial,336.1654968261719,365.2649536132813,0.0
472,apemijeh-1,fibroblast,348.1825866699219,370.37786865234375,0.0
475,apghcndp-1,epithelial,318.8412780761719,346.4856872558594,0.40746790170669556
479,apidegok-1,epithelial,391.6583862304688,356.4325561523437,0.39649754762649536
480,apipledn-1,epithelial,360.0970458984375,373.7366638183594,0.0
482,apjknaeg-1,epithelial,353.6839599609375,388.1117248535156,0.0
483,aplejjfk-1,epithelial,366.3641357421875,370.4786376953125,0.0
485,aplpoihl-1,epithelial,380.0876770019531,357.0611572265625,0.43147987127304077
492,baaejbpl-1,epithelial,372.9045104980469,301.623046875,0.0
497,badficfg-1,epithelial,365.7565002441406,331.7798156738281,0.5622305870056152
500,baffbkop-1,epithelial,359.7464294433594,326.7107238769531,0.6910810470581055
501,bafhnlle-1,epithelial,376.5927429199219,233.1858062744141,0.42043769359588623
502,bafiegdl-1,epithelial,390.8898315429688,234.66429138183597,0.0
503,bafnfjem-1,fibroblast,395.8507690429688,236.34786987304688,2.5636439323425293
504,bagedbbp-1,fibroblast,392.778564453125,270.156005859375,0.3503791391849518
512,bajpnmbo-1,epithelial,376.17041015625,313.4434509277344,0.4847233295440674
515,bakgcpme-1,epithelial,367.7399291992188,296.7152404785156,0.4508867859840393
516,bakofcgc-1,epithelial,363.3651428222656,291.41314697265625,0.2222190946340561
517,balecpmf-1,epithelial,354.679931640625,284.29638671875,0.0
518,balnmmbi-1,epithelial,341.6402893066406,229.84197998046875,0.573675274848938
520,bammlnej-1,epithelial,345.06365966796875,246.5193634033203,0.0
522,banchmjj-1,fibroblast,343.8463439941406,238.58663940429688,0.41126811504364014
524,baomaaop-1,epithelial,328.91241455078125,241.0376739501953,0.8632324934005737
526,bapenofc-1,epithelial,332.1351013183594,235.5287933349609,0.0
529,bbajikbi-1,epithelial,337.024658203125,275.5212707519531,0.5796582102775574
530,bbakgkbo-1,epithelial,341.9779357910156,269.7551574707031,0.0
534,bbcmmbjn-1,epithelial,320.6473388671875,238.8652801513672,0.0
535,bbdaadmc-1,epithelial,337.5618591308594,283.3489685058594,0.0
536,bbdenbmc-1,epithelial,336.6439208984375,294.58843994140625,0.4814322590827942
538,bbeilejm-1,fibroblast,345.6138916015625,302.98394775390625,0.0
539,bbejobdh-1,epithelial,337.2880859375,311.0025329589844,0.6645233035087585
544,bbgdidhj-1,epithelial,325.0987243652344,291.44073486328125,0.4217839241027832
546,bbhbdgmh-1,epithelial,295.277587890625,282.9446105957031,0.0
547,bbhbgdim-1,fibroblast,297.6482849121094,271.3829650878906,0.0
556,bblbnklf-1,epithelial,299.225830078125,322.65509033203125,0.6311296224594116
557,bbldndmg-1,epithelial,303.7783508300781,313.9342956542969,0.0
558,bbnabloh-1,fibroblast,299.3655700683594,305.9918518066406,0.0
559,bbnadgoc-1,epithelial,288.33184814453125,291.0528564453125,0.8237501382827759
560,bbnmidjp-1,fibroblast,261.6979064941406,265.75848388671875,3.190019130706787
562,bboeaifk-1,epithelial,288.15985107421875,306.5509338378906,0.4889249801635742
564,bcamcpgi-1,epithelial,288.8663024902344,591.8695068359375,0.47245460748672485
567,bccknomd-1,epithelial,278.5727844238281,599.3488159179688,0.0
568,bcdmnmhk-1,epithelial,281.7433776855469,622.2868041992188,0.33431124687194824
569,bcfgipph-1,fibroblast,288.7355651855469,634.59912109375,0.0
571,bcgcbbnh-1,epithelial,283.6680908203125,629.6199951171875,0.0
577,bchpdlkl-1,epithelial,317.4187927246094,685.887451171875,0.4927824139595032
579,bcjechhi-1,epithelial,326.5825500488281,701.697021484375,0.0
582,bckmajnd-1,epithelial,337.5174865722656,716.62841796875,0.6756474375724792
584,bcljlofj-1,epithelial,333.7323608398437,708.6556396484375,0.0
586,bcmggcdh-1,epithelial,308.76690673828125,672.6771240234375,0.5622305870056152
588,bcmlcgfb-1,epithelial,311.4882202148437,665.1841430664062,0.458901047706604
597,bdaifbij-1,epithelial,300.2734680175781,678.6782836914062,0.43871569633483887
606,bdempeml-1,epithelial,317.20465087890625,675.5326538085938,0.4851425290107727
612,bdjebfdm-1,epithelial,337.2359924316406,679.304931640625,0.38499975204467773
617,bdlmlnmh-1,epithelial,298.3803100585937,597.3280029296875,0.41126811504364014
633,bedhnfbb-1,fibroblast,287.2684020996094,654.3579711914062,0.0
636,beehcojo-1,epithelial,287.9164733886719,646.1499633789062,0.7603999376296997
638,beembela-1,epithelial,278.14703369140625,691.6800537109375,0.0
639,beemklhk-1,epithelial,284.374755859375,695.7237548828125,0.5069183111190796
641,begjegae-1,epithelial,292.16864013671875,689.595703125,0.4087286591529846
643,begonkec-1,epithelial,283.1285400390625,660.6036987304688,0.0
644,behdofib-1,epithelial,282.0308837890625,672.0757446289062,0.6073412299156189
679,bfhhmeda-1,epithelial,348.9380187988281,695.6776733398438,0.47245460748672485
683,bfiockbe-1,epithelial,378.1148986816406,715.5897827148438,0.44019585847854614
684,bfjcgcic-1,epithelial,368.5313720703125,709.1734619140625,0.4286596179008484
685,bfjfgbig-1,epithelial,359.86529541015625,704.2171630859375,0.0
689,bfjniikc-1,epithelial,372.8775939941406,677.2422485351562,0.3730999231338501
694,bfmpjpdm-1,epithelial,329.6611022949219,655.7191162109375,0.0
698,bfodppen-1,fibroblast,387.2554016113281,611.6651611328125,0.0
700,bfooldlf-1,epithelial,385.3655700683594,599.512451171875,0.37841761112213135
701,bgaboojb-1,epithelial,392.59515380859375,595.648193359375,0.0
704,bgalnbjb-1,epithelial,397.9840087890625,649.3707275390625,0.554065465927124
713,bgfnkjih-1,epithelial,239.03858947753903,712.856201171875,0.0
715,bgjilnih-1,fibroblast,233.27072143554688,712.3314819335938,2.6660690307617188
718,bglefkgf-1,epithelial,247.73077392578125,717.1470336914062,0.5314339995384216
719,bglhenpf-1,epithelial,247.0257568359375,706.5436401367188,0.38837742805480957
720,bgmchhhm-1,epithelial,248.0536346435547,698.3285522460938,0.2971218228340149
721,bgmhpebc-1,epithelial,256.7333679199219,693.1021728515625,0.47960329055786133
723,bgmpmdnn-1,epithelial,220.7985076904297,706.8855590820312,0.0
725,bgnkpdkh-1,epithelial,227.3852081298828,713.5541381835938,0.0
726,bgoholnn-1,epithelial,260.49249267578125,670.2142333984375,0.0
727,bgoogbfo-1,fibroblast,256.5908203125,681.2333374023438,2.230072259902954
730,bhacekbk-1,epithelial,276.7323913574219,684.155517578125,0.47070783376693726
731,bhaekipk-1,epithelial,266.62384033203125,685.0948486328125,0.0
741,bhhldpcj-1,epithelial,232.14663696289065,628.0318603515625,0.0
745,bhklicdb-1,epithelial,239.07737731933597,635.9277954101562,0.5026859641075134
754,bhmnhgbc-1,epithelial,251.15866088867188,602.5530395507812,0.0
755,bhnickga-1,epithelial,262.15850830078125,603.75732421875,0.6523397564888
756,bhpjmcim-1,fibroblast,256.93487548828125,598.1470336914062,1.7789908647537231
757,biabikhm-1,epithelial,247.90740966796875,593.847412109375,0.0
758,bibnjnlm-1,epithelial,248.4278106689453,609.0549926757812,0.3884732127189636
763,bielildn-1,epithelial,1028.9569091796875,160.8580322265625,0.35605084896087646
768,biklkhgn-1,epithelial,1014.784423828125,166.68478393554688,0.3589511513710022
775,bimcncoh-1,fibroblast,1034.959716796875,195.9171142578125,0.3827805519104004
776,bimdjkak-1,epithelial,1050.2191162109375,210.86471557617188,1.8681492805480957
777,bimhphim-1,epithelial,1046.4312744140625,208.20867919921875,0.0
778,binaigak-1,epithelial,1027.997314453125,180.6681365966797,0.0
779,binhicof-1,epithelial,1047.779541015625,183.75840759277344,0.3531939387321472
781,binpmhoc-1,epithelial,1035.253173828125,187.96530151367188,0.0
788,bipjpael-1,epithelial,989.9053344726562,209.9918670654297,0.40251490473747253
789,bjbacfjb-1,epithelial,988.4685668945312,203.19467163085935,0.0
791,bjdibdjo-1,epithelial,983.3370361328124,195.2843475341797,0.0
815,bjpheihc-1,epithelial,1066.931396484375,515.035888671875,0.349450021982193
817,bkadbpcj-1,epithelial,1074.3968505859375,481.0993347167969,0.45972102880477905
818,bkaffkfn-1,epithelial,1068.1263427734375,491.8254089355469,0.34128570556640625
844,blbalhlc-1,epithelial,1046.6806640625,387.9332275390625,0.0
845,blbcdeof-1,epithelial,1057.4737548828125,409.833251953125,0.3762727975845337
847,blbeignl-1,epithelial,1052.0916748046875,392.1991271972656,0.4605444073677063
852,blgcofmk-1,epithelial,1068.91162109375,317.0507202148437,0.0
853,blgomeaj-1,epithelial,1050.833251953125,321.43804931640625,0.0
854,blhaoglb-1,epithelial,1059.3857421875,323.9836730957031,0.0
861,blllmckk-1,epithelial,1045.562255859375,333.8192443847656,0.0
863,blmfggeo-1,epithelial,1088.4239501953125,323.24169921875,0.0
864,blmgbgph-1,epithelial,1068.5828857421875,327.0542907714844,0.43290549516677856
865,blmgcilj-1,fibroblast,1079.0955810546875,329.3539428710937,0.0
871,blodcpfl-1,epithelial,880.7288818359375,271.2815246582031,1.4656304121017456
873,blpacije-1,epithelial,890.9232788085938,263.199462890625,0.0
882,bmimcogk-1,epithelial,894.7630004882812,242.8451232910156,0.30211037397384644
884,bmimmngb-1,epithelial,937.0322875976562,296.3553161621094,0.4622017443180084
889,bmkanpkc-1,epithelial,910.646240234375,293.4711303710937,0.4562465250492096
890,bmmcdjij-1,epithelial,913.881591796875,285.5066223144531,0.0
896,bmnohfid-1,epithelial,955.365966796875,258.0754089355469,0.6965062022209167
897,bmnpbcom-1,epithelial,960.1394653320312,294.3843078613281,0.8768282532691956
898,bmobpgii-1,epithelial,973.2914428710938,299.4778137207031,0.0
899,bmodibmo-1,epithelial,954.993408203125,300.7685852050781,0.0
902,bndjnoff-1,epithelial,956.78564453125,287.78570556640625,0.0
907,bnfaadli-1,epithelial,949.70361328125,279.6875305175781,0.5919457077980042
911,bngkpgad-1,epithelial,947.7984008789062,268.641357421875,0.381680428981781
915,bnigcbjm-1,epithelial,910.1287231445312,262.3803100585937,0.3439684212207794
916,bninlkal-1,epithelial,907.3478393554688,273.3327941894531,0.0
917,bnjmmphd-1,epithelial,911.190185546875,269.3059997558594,1.3267303705215454
924,bnnookbe-1,epithelial,912.5442504882812,254.99647521972656,0.3117399513721466
925,bnnpcecg-1,epithelial,898.85009765625,253.7156219482422,0.4947400689125061
940,bohhiihp-1,epithelial,1040.5152587890625,266.8424072265625,0.5488052368164062
947,bopfhiph-1,fibroblast,1071.96630859375,264.32586669921875,0.0
948,bpaidnlh-1,epithelial,1077.4534912109375,274.7394714355469,0.0
951,bpaneoml-1,epithelial,1028.7060546875,253.1131591796875,0.0
952,bpapbobf-1,epithelial,1030.4910888671875,262.6653747558594,0.0
955,bpdkbffe-1,epithelial,1001.745361328125,211.92599487304688,0.3802438974380493
957,bpfipikp-1,epithelial,1012.67529296875,218.40370178222656,0.32841163873672485
958,bpgnhpli-1,epithelial,1006.4815673828124,228.8535003662109,0.0
962,bpigkklm-1,epithelial,1038.13623046875,218.5603790283203,0.0
979,caecdood-1,epithelial,911.4143676757812,218.8604736328125,0.0
981,cafchnab-1,epithelial,922.597412109375,216.90570068359372,0.0
982,cafciegl-1,epithelial,927.4757080078124,210.7950134277344,1.1406134366989136
984,cagjmoja-1,epithelial,904.1090698242188,222.37039184570312,0.381680428981781
991,cajhjlpf-1,epithelial,926.5508422851562,196.6066131591797,0.3171358108520508
992,cajmefom-1,epithelial,917.6339721679688,189.8136444091797,0.5232948064804077
997,camhfndc-1,epithelial,941.0687255859376,171.44735717773438,0.0
1000,capaghne-1,epithelial,931.3943481445312,181.18557739257807,0.419100821018219
1005,cbaemiaa-1,epithelial,949.98388671875,167.74520874023438,0.6342442631721497
1010,cbdafhdb-1,epithelial,972.2298583984376,189.0436553955078,0.3187061846256256
1016,cbfifonl-1,epithelial,963.3951416015624,179.4805908203125,0.31480446457862854
1025,cbjfbihm-1,epithelial,1178.6297607421875,311.3554382324219,0.0
1032,cbpklbif-1,epithelial,1170.79248046875,300.36383056640625,0.2522948980331421
1040,cccpdimc-1,epithelial,1189.34375,323.5497131347656,0.0
1043,ccidncih-1,epithelial,1199.426025390625,325.7177734375,0.6651451587677002
1069,cdelkjoc-1,immune,1220.9281005859375,558.3046264648438,1.692570447921753
1070,cdemfmge-1,epithelial,1214.88037109375,498.3109436035156,0.0
1072,cdfepclh-1,fibroblast,1225.828857421875,478.5417175292969,0.0
1076,cdhmmjll-1,fibroblast,1206.7481689453125,649.4149169921875,0.0
1077,cdhojpoc-1,epithelial,1202.83837890625,727.3508911132812,0.6154448986053467
1080,cdjejllo-1,fibroblast,1207.107666015625,600.419677734375,2.277508020401001
1082,cdkabbkf-1,epithelial,1205.3128662109375,631.676025390625,0.0
1085,cdliakec-1,fibroblast,1195.331787109375,629.6968994140625,3.084989309310913
1093,ceaelehi-1,epithelial,1178.6163330078125,736.13525390625,0.0
1103,cefamcdk-1,epithelial,1146.8421630859375,620.7025756835938,0.5210303068161011
1104,cefpnfmc-1,epithelial,1157.2689208984375,643.8067626953125,0.6071583032608032
1108,cejggfeg-1,epithelial,1135.94482421875,664.1150512695312,0.4477716088294983
1111,cekapigc-1,epithelial,1184.423095703125,628.7286987304688,0.3941422998905182
1113,cekhlejp-1,epithelial,1185.3328857421875,642.3770141601562,0.0
1114,cekmlkpp-1,epithelial,1172.8323974609375,637.570556640625,0.4516735076904297
1124,ceopjbba-1,epithelial,1082.77685546875,703.2886962890625,0.3300786018371582
1125,cfaabjfo-1,epithelial,1070.489990234375,712.9450073242188,0.3730999231338501
1127,cfbeklod-1,epithelial,1070.103515625,680.2791137695312,0.517681896686554
1158,cgffmikn-1,epithelial,1155.0765380859375,395.3473510742188,0.38349679112434387
1166,cgiienio-1,epithelial,1226.600830078125,436.4175415039063,0.0
1168,cgkbhdpp-1,epithelial,1223.383056640625,446.6419677734375,0.5922011137008667
1169,cgkmkdpd-1,epithelial,1221.423095703125,432.4622497558594,0.33431124687194824
1172,cgmjcdmb-1,epithelial,1225.4749755859375,465.66259765625,0.6090978980064392
1173,cgnnfdgl-1,epithelial,1203.2392578125,458.1943054199219,0.4000852704048157
1174,cgplhpaf-1,epithelial,1200.958251953125,496.5485534667969,0.0
1178,chcfedlf-1,epithelial,1201.38427734375,436.1656494140625,0.0
1181,chfdpkag-1,fibroblast,1169.28076171875,509.5552062988281,0.4217839241027832
1182,chfmfigp-1,epithelial,1180.6302490234375,505.1145324707031,0.3292433023452759
1183,chfoajpo-1,epithelial,1182.3736572265625,457.7903747558594,0.0
1188,chkmnbjo-1,epithelial,1182.892333984375,436.7584228515625,0.0
1189,chmnniom-1,epithelial,1191.847900390625,434.6957702636719,1.399261236190796
1192,chocnnmh-1,fibroblast,1174.40625,452.4631958007813,0.5310373902320862
1200,cibkkmnj-1,epithelial,1207.658935546875,427.94378662109375,0.55810546875
1201,ciblbdda-1,epithelial,1215.9822998046875,426.8669738769531,0.0
1213,ciggaeop-1,epithelial,1125.0234375,291.2861328125,0.3523459732532501
1215,cigihiob-1,epithelial,1123.5057373046875,307.7673645019531,0.0
1223,cikeelmg-1,epithelial,1113.3421630859375,320.20751953125,0.5090240240097046
1225,cimkolio-1,epithelial,1105.986328125,459.1646728515625,0.4505317807197571
1227,cinmfkma-1,epithelial,1115.7103271484375,467.3247680664063,0.47028055787086487
1228,cipfccam-1,epithelial,1117.01416015625,484.9343566894531,1.314809799194336
1229,ciphdejg-1,epithelial,1109.82666015625,502.5787963867188,0.0
1231,cjanonji-1,epithelial,1110.4066162109375,489.1986083984375,0.43724679946899414
1232,cjanplon-1,epithelial,1139.4169921875,491.5573425292969,0.37205392122268677
1233,cjbiockg-1,epithelial,1132.0938720703125,507.3999938964844,0.0
1235,cjchdmkp-1,epithelial,1129.4156494140625,491.9737854003906,0.3587948679924011
1237,cjcnfojk-1,epithelial,1138.9244384765625,479.5170593261719,0.3959059715270996
1239,cjfapifh-1,fibroblast,1095.19482421875,472.257568359375,0.0
1240,cjfkagdf-1,epithelial,1078.8150634765625,514.2595825195312,1.4949777126312256
1241,cjggfafi-1,epithelial,1086.7586669921875,479.4901428222656,0.0
1242,cjidedmp-1,epithelial,1094.1300048828125,461.2690734863281,0.0
1250,cjknjbei-1,epithelial,1143.537109375,450.8196411132813,0.4357887804508209
1255,cjmeaofn-1,epithelial,1116.572998046875,422.0654296875,0.30723443627357483
1256,cjmgipoe-1,epithelial,1100.7381591796875,423.3590698242188,0.3194962441921234
1264,ckbjlccf-1,epithelial,1143.9208984375,405.8381958007813,0.0
1265,ckbkjlnb-1,epithelial,1126.8270263671875,405.7525024414063,0.2528492212295532
1266,ckbmjbeo-1,epithelial,1139.455810546875,398.821044921875,0.6165151000022888
1267,ckcbpfij-1,epithelial,1100.695068359375,323.1797180175781,0.0
1282,ckgfodlc-1,epithelial,1135.0079345703125,16.917621612548828,0.0
1285,ckiihobk-1,epithelial,1130.370361328125,20.32795524597168,0.0
1286,ckijoogl-1,epithelial,1124.6365966796875,29.331716537475582,0.5449507236480713
1287,ckkdjhmk-1,epithelial,1113.5198974609375,42.748809814453125,0.3064939081668854
1288,cklhelei-1,epithelial,1123.4957275390625,37.06093978881836,0.3638850450515747
1292,ckmfgkgg-1,epithelial,1146.302978515625,29.975004196166992,1.2791528701782227
1293,ckmngjjf-1,epithelial,1144.3394775390625,44.80646896362305,0.5007341504096985
1295,ckolkali-1,fibroblast,1147.9442138671875,38.11193084716797,0.0
1296,ckphdljl-1,epithelial,1122.0966796875,53.822540283203125,0.0
1297,ckplboig-1,epithelial,1114.3358154296875,66.59883880615234,0.0
1298,claflbbi-1,epithelial,1124.0859375,65.06720733642578,0.392975389957428
1306,cldakfen-1,epithelial,1158.10546875,40.35308837890625,0.3730999231338501
1309,clfanfdh-1,epithelial,1183.1298828125,77.04922485351562,0.0
1310,clfceihg-1,epithelial,1191.2216796875,83.09087371826172,0.8214609622955322
1311,clgfgndb-1,epithelial,1189.0030517578125,71.78792572021484,0.0
1315,clhomcil-1,epithelial,1176.95361328125,72.34493255615234,0.47070783376693726
1322,clkfifek-1,epithelial,1192.574462890625,210.3521728515625,0.0
1325,clkpljbh-1,epithelial,1183.086181640625,214.5825653076172,0.7213696241378784
1345,cmhkinhp-1,epithelial,1201.37841796875,212.88287353515625,0.0
1347,cmhlcjbj-1,fibroblast,1211.2235107421875,211.17822265625,0.4245048761367798
1358,cmoamhfp-1,epithelial,1216.3868408203125,105.03466796875,0.41255176067352295
1360,cnalojbj-1,epithelial,1201.196533203125,110.44596862792967,0.0
1361,cnbhncib-1,epithelial,1185.990234375,124.0665512084961,0.0
1363,cnbobdae-1,epithelial,1198.767333984375,118.62560272216795,0.4947400689125061
1369,cnegeeho-1,epithelial,1187.92822265625,174.45928955078125,0.4814322590827942
1377,cnfpolpp-1,epithelial,1198.6444091796875,161.66107177734375,0.42506730556488037
1379,cnghdcgo-1,epithelial,1200.53857421875,175.2183837890625,0.41711270809173584
1380,cnhajdhh-1,epithelial,1181.751708984375,132.5102081298828,0.7105219960212708
1382,cnhgmejb-1,epithelial,1189.9443359375,136.72760009765625,0.3589511513710022
1383,cnigpegj-1,epithelial,1194.686767578125,145.34201049804688,0.0
1385,cnjdamle-1,fibroblast,1194.615478515625,149.9679412841797,0.0
1390,cnlieheo-1,epithelial,1169.8240966796875,133.99905395507812,0.43147987127304077
1395,cnohhbcg-1,epithelial,1175.2977294921875,161.66571044921875,0.5255858898162842
1396,cnpjknkn-1,epithelial,1165.6507568359375,162.32421875,0.7213696241378784
1397,coacfaoe-1,epithelial,1158.7276611328125,114.02156829833984,0.45394212007522583
1398,cocabdoj-1,fibroblast,1175.3399658203125,122.94440460205078,0.0
1399,cocdmipl-1,epithelial,1167.8712158203125,117.6261978149414,0.0
1403,coeaoelm-1,epithelial,1111.6119384765625,76.49210357666016,0.3541414737701416
1404,coedhncp-1,epithelial,1149.954345703125,108.89640808105467,0.39768603444099426
1405,coeioelf-1,epithelial,1145.472412109375,127.33200073242188,0.6986328959465027
1406,coejjkkn-1,epithelial,1149.3089599609375,118.23059844970705,0.3906627297401428
1412,coialjpj-1,epithelial,1132.12744140625,115.0695571899414,0.0
1424,copehpil-1,epithelial,1137.2841796875,283.3466186523437,0.0
1435,cpbnfhlf-1,epithelial,1110.8743896484375,145.5642852783203,0.39185798168182373
1436,cpdgefgn-1,epithelial,1131.0355224609375,138.1649169921875,0.36690765619277954
1437,cpdjcdnl-1,epithelial,1119.836669921875,155.7059783935547,0.3439684212207794
1443,cphfceco-1,epithelial,1127.5762939453125,148.09451293945312,0.0
1445,cphlppbl-1,epithelial,1148.7784423828125,163.93136596679688,0.47869518399238586
1455,cplchddp-1,epithelial,906.4804077148438,36.430206298828125,0.5722076296806335
1459,cpmiiohg-1,epithelial,902.8483276367188,46.10798263549805,0.0
1461,cpnjhike-1,epithelial,905.726806640625,67.80403900146484,0.0
1462,cpomeohe-1,epithelial,897.3533935546875,64.84044647216797,0.37520939111709595
1463,cponinhc-1,epithelial,905.23828125,56.33000564575195,0.0
1464,cppeikoa-1,epithelial,880.4684448242188,80.19518280029297,0.37841761112213135
1467,cppigmbm-1,epithelial,916.5763549804688,73.14738464355469,0.29294854402542114
1471,dachloij-1,epithelial,881.282470703125,70.58745574951172,0.0
1482,dagemhcn-1,epithelial,925.5576782226562,74.45925903320312,0.5546612739562988
1490,daimgjlf-1,epithelial,943.063720703125,42.32722854614258,0.47819948196411133
1495,dalfaajo-1,epithelial,986.7755126953124,55.29148483276367,0.0
1497,daliglhp-1,epithelial,986.0411376953124,42.29072570800781,0.46816107630729675
1504,dbaoiiec-1,epithelial,1080.3594970703125,125.96774291992188,0.0
1508,dbdmdibi-1,epithelial,1067.7939453125,121.6788101196289,0.4300645589828491
1510,dbfkhpjf-1,epithelial,1060.5074462890625,83.12811279296875,0.0
1524,dblglcdn-1,epithelial,1082.7884521484375,231.55198669433597,0.5048350691795349
1542,dcbpknkh-1,epithelial,1059.96484375,182.37815856933597,0.40312713384628296
1543,dcbpnhnm-1,epithelial,1052.5838623046875,201.61715698242188,0.3827805519104004
1544,dcccogna-1,epithelial,1061.87109375,198.88999938964844,0.4969958961009979
1547,dcdhcapd-1,epithelial,1082.0875244140625,149.3441619873047,0.34852543473243713
1549,dcecbfpo-1,epithelial,1098.6497802734375,144.54014587402344,0.0
1554,dcfchccb-1,epithelial,1091.0113525390625,150.47935485839844,0.515481173992157
1558,dcfjokid-1,epithelial,1099.0345458984375,81.45962524414062,0.40129631757736206
1559,dcggafca-1,epithelial,1101.728759765625,107.1275405883789,0.4967176914215088
1562,dcjjknca-1,epithelial,1087.6302490234375,120.50946044921876,0.5370230674743652
1563,dckkcnnp-1,epithelial,1095.0108642578125,119.32111358642578,0.0
1572,dcnglidm-1,epithelial,1082.1689453125,79.22146606445312,0.6503165364265442
1573,dcpipmgg-1,epithelial,1087.4146728515625,75.93540954589844,0.5007341504096985
1574,ddajhekp-1,epithelial,1083.79248046875,64.90847778320312,0.4556555449962616
1580,ddenknnb-1,epithelial,1104.4912109375,41.20421600341797,0.0
1582,ddghbmnp-1,epithelial,1006.4710083007812,33.899436950683594,0.0
1586,ddijncbi-1,epithelial,996.70263671875,37.552528381347656,0.3380371332168579
1587,ddilnica-1,epithelial,990.4039916992188,96.89022064208984,0.29971471428871155
1588,ddjhphjm-1,epithelial,985.8687744140624,107.68089294433594,0.330917626619339
1592,ddlljcpm-1,epithelial,1002.0523071289062,96.36203002929688,0.0
1593,ddmchlbe-1,epithelial,999.2958984375,64.14471435546875,0.5133049488067627
1599,ddonmlhl-1,epithelial,1055.296630859375,126.77562713623048,0.0
1602,deaimcgl-1,epithelial,1043.001953125,102.9400405883789,0.0
1603,debeppdc-1,epithelial,1046.286376953125,123.58008575439452,0.38931429386138916
1604,debnonjc-1,epithelial,1044.154541015625,112.15505981445312,0.0
1608,defhecfn-1,epithelial,1045.0208740234375,94.50814819335938,0.419100821018219
1609,defmcgda-1,epithelial,1036.5233154296875,86.10604095458984,0.29853367805480957
1610,dehcpajj-1,fibroblast,1044.4052734375,80.75897979736328,0.0
1612,dehgdkij-1,fibroblast,1019.45458984375,37.32303237915039,0.0
1614,deihgohf-1,epithelial,1025.582275390625,50.92533493041992,0.0
1618,dejjidpe-1,fibroblast,1035.925048828125,59.004581451416016,0.0
1620,dekbhand-1,epithelial,1040.20947265625,68.27015686035156,0.0
1622,deldcnbb-1,epithelial,1026.3916015625,75.20320892333984,0.34039977192878723
1626,denkphne-1,epithelial,1016.6388549804688,111.754150390625,0.8684430122375488
1628,deofkglk-1,epithelial,1031.9332275390625,110.07052612304688,0.3669593632221222
1633,dfahldbd-1,epithelial,1012.8458862304688,105.89703369140624,0.0
1641,dffcehmn-1,epithelial,927.6515502929688,118.70735168457033,0.6126589179039001
1643,dffdbcpi-1,epithelial,921.0626220703124,123.37725067138672,0.36288803815841675
1644,dfffpifd-1,epithelial,919.080078125,110.40411376953124,0.31635549664497375
1651,dfiaihkh-1,epithelial,932.9926147460938,155.48916625976562,0.41384387016296387
1653,dflcplhe-1,epithelial,943.130859375,159.70082092285156,0.0
1654,dflemaba-1,epithelial,932.7408447265624,142.5980987548828,0.0
1656,dflpbbnm-1,epithelial,929.46435546875,147.30931091308594,0.37841761112213135
1657,dfmepbmb-1,epithelial,923.67919921875,134.60720825195312,0.3194962441921234
1659,dfnbhhla-1,epithelial,940.56103515625,138.64759826660156,0.30797794461250305
1662,dfnlgpmn-1,fibroblast,971.3499755859376,134.32582092285156,0.0
1663,dfnoecoe-1,epithelial,972.531982421875,158.3994903564453,0.28421226143836975
1665,dfodmigp-1,epithelial,973.6456909179688,169.64340209960938,0.34760522842407227
1666,dfokhaeg-1,epithelial,961.832275390625,162.24195861816406,0.44700056314468384
1669,dgadnpfh-1,epithelial,968.65966796875,144.20150756835938,0.34852543473243713
1670,dgaeicpi-1,epithelial,889.9190063476562,86.6230239868164,0.4286596179008484
1686,dgiebidd-1,epithelial,880.6668701171875,282.93707275390625,0.0
1695,dgofidja-1,epithelial,871.5615234375,315.3524475097656,0.0
1698,dgpgblel-1,epithelial,888.3228759765625,369.1513977050781,0.7289309501647949
1701,dhaooame-1,epithelial,908.1106567382812,506.9544982910156,0.3531939387321472
1703,dhcccamj-1,epithelial,918.9252319335938,512.022216796875,0.39649754762649536
1705,dhcijmjh-1,epithelial,891.3873291015625,525.5866088867188,0.0
1706,dhdalbac-1,fibroblast,885.8907470703125,690.3875732421875,0.79865562915802
1707,dhdpfafc-1,fibroblast,884.3687133789062,568.5821533203125,0.7768451571464539
1708,dhebahob-1,fibroblast,896.9990234375,527.9991455078125,0.0
1709,dheddopa-1,epithelial,898.9720458984375,494.6218872070313,1.014174222946167
1713,dhfggpfg-1,epithelial,902.0867309570312,483.5142822265625,0.3762727975845337
1716,dhiblijd-1,epithelial,910.2352905273438,413.2796020507813,0.0
1737,dicnifjj-1,epithelial,871.7699584960938,342.11920166015625,0.0
1738,didbhhhc-1,epithelial,887.2683715820312,433.9890441894531,0.34306997060775757
1739,didbpfnj-1,epithelial,884.3825073242188,481.50006103515625,0.46726053953170776
1741,dienhgmp-1,fibroblast,882.9122314453125,442.9555358886719,0.0
1743,difihkmk-1,epithelial,880.48828125,373.1769409179688,0.0
1746,digkcpfc-1,epithelial,882.263427734375,385.90374755859375,0.5567495822906494
1747,diheafme-1,epithelial,884.15185546875,341.263427734375,0.6503165364265442
1748,dihiiemd-1,epithelial,880.2085571289062,349.2911376953125,0.0
1752,dikkgpjg-1,epithelial,1032.19873046875,390.8937683105469,0.0
1755,dilcghhg-1,epithelial,1012.0130004882812,394.186279296875,1.7034289836883545
1756,dilfncnf-1,epithelial,1019.734375,393.9440612792969,0.0
1763,diondgag-1,epithelial,1019.4893188476562,665.8447875976562,0.0
1765,dipilpcm-1,epithelial,1034.798583984375,660.1731567382812,0.34039977192878723
1766,djafajpg-1,epithelial,1048.837158203125,686.4039306640625,1.1870622634887695
1771,djchmolh-1,epithelial,1023.7166137695312,507.80218505859375,0.43290549516677856
1774,djfngihf-1,epithelial,1032.7789306640625,513.0210571289062,0.4462325870990753
1776,djgiicpa-1,epithelial,1031.5728759765625,498.1859130859375,0.44243761897087097
1779,djgnjcjl-1,immune,991.2557983398438,659.2842407226562,1.4451123476028442
1782,djkbbcbo-1,epithelial,1000.14111328125,517.2921752929688,0.3689495921134949
1783,djkjnjpc-1,immune,986.7378540039062,725.6612548828125,0.7326680421829224
1784,djlnpcch-1,immune,1009.3720092773438,722.7965087890625,1.0650173425674438
1786,djnehbea-1,epithelial,1004.072265625,486.9521789550781,0.0
1787,djofjmon-1,epithelial,995.315185546875,488.0240173339844,0.507055401802063
1788,djokgmfj-1,epithelial,985.897705078125,497.4324340820313,0.32349681854248047
1791,dkalhnla-1,fibroblast,1009.6890258789062,495.19677734375,0.0
1792,dkbilknb-1,epithelial,996.9845581054688,496.6585388183594,0.37841761112213135
1797,dkfpcafh-1,epithelial,1008.8200073242188,462.4522705078125,0.4508867859840393
1799,dkginibe-1,epithelial,1007.5208129882812,470.3243103027344,0.0
1801,dkinlbec-1,epithelial,1012.747314453125,476.0931396484375,0.4851425290107727
1804,dkmchoke-1,epithelial,1009.5067138671876,444.00689697265625,0.3941422998905182
1806,dkmhaiep-1,epithelial,1003.5687255859376,454.75146484375,0.0
1820,dlbgdaim-1,epithelial,977.3938598632812,411.1639709472656,0.0
1823,dlbnbbjo-1,epithelial,983.9843139648438,406.3708190917969,0.0
1825,dlcdfidc-1,epithelial,1005.0807495117188,402.359619140625,0.0
1826,dlcphdhc-1,epithelial,993.6398315429688,398.5104064941406,0.6319630146026611
1833,dlgginch-1,epithelial,936.1423950195312,308.5830383300781,0.0
1835,dlgmodlg-1,epithelial,933.507568359375,315.5586853027344,0.833896279335022
1836,dlgmpbmb-1,epithelial,926.4548950195312,317.5592346191406,0.0
1843,dljhmnhj-1,epithelial,920.1124877929688,306.05194091796875,0.855385422706604
1850,dlpdkilf-1,epithelial,952.3810424804688,533.5546875,0.23187559843063354
1851,dlpmgoep-1,fibroblast,973.222412109375,540.705078125,2.9307512044906616
1852,dlpnbchb-1,fibroblast,964.4697875976562,538.1517944335938,2.883183240890503
1853,dlpocaok-1,epithelial,933.7077026367188,537.0798950195312,0.0
1854,dmbbmnoj-1,epithelial,932.033935546875,511.9648132324219,0.3267591595649719
1856,dmchhkoh-1,epithelial,942.6763916015624,513.3519287109375,0.510019063949585
1857,dmckmhnk-1,epithelial,925.4345092773438,498.8145446777344,0.31679075956344604
1859,dmdckphd-1,epithelial,934.7985229492188,497.6931762695313,0.0
1877,dmpajhec-1,epithelial,972.6195068359376,323.2549133300781,0.0
1878,dmpakcen-1,epithelial,976.1082153320312,353.6374816894531,0.4769183397293091
1881,dmpkolhl-1,fibroblast,963.4652709960938,358.68212890625,0.0
1882,dnaedidc-1,epithelial,963.6539916992188,347.2564697265625,0.0
1886,dnbefdgh-1,epithelial,966.8428344726562,342.77099609375,0.0
1887,dnbjhhnd-1,immune,966.0883178710938,331.94012451171875,0.8016737699508667
1891,dncnfhcg-1,immune,972.2881469726562,614.0853271484375,0.7850180864334106
1892,dncnfmce-1,epithelial,972.5371704101562,742.7453002929688,0.4286596179008484
1894,dnddknfo-1,fibroblast,955.3298950195312,714.1755981445312,1.3948068618774414
1896,dndlopbm-1,fibroblast,979.2249145507812,613.8530883789062,2.5669493675231934
1909,dnjidepd-1,epithelial,950.5467529296876,360.4349670410156,0.7130478620529175
1912,dnkfccfm-1,epithelial,932.2295532226562,400.3301696777344,0.0
1926,dnogfcjo-1,fibroblast,453.1519470214844,269.1236572265625,1.6042463779449463
1936,dodgodad-1,epithelial,416.8584899902344,338.0780029296875,0.381680428981781
1942,doichbhd-1,epithelial,430.6712341308594,285.7821960449219,0.2099391371011734
1943,doihoggk-1,fibroblast,416.8935852050781,283.7411193847656,0.0
1945,dokbgnpn-1,epithelial,422.16845703125,293.994140625,0.0
1946,dokkmddj-1,epithelial,428.4957275390625,302.2982788085937,0.6943054795265198
1949,dommfope-1,epithelial,440.5957946777344,304.3533020019531,0.40872636437416077
1959,dpehihcl-1,epithelial,435.2330017089844,622.9367065429688,0.4477716088294983
1963,dpgnonop-1,epithelial,430.2948913574219,572.4956665039062,0.4357887804508209
1964,dphalelo-1,epithelial,445.2106018066406,574.018310546875,0.4556555449962616
1980,dpohkkjj-1,epithelial,446.31549072265625,674.2876586914062,0.24364373087882996
1981,dppoggme-1,epithelial,442.4300537109375,693.1918334960938,0.0
1982,eaaajaai-1,fibroblast,451.5804138183594,688.5479736328125,0.0
1984,eabcmedj-1,epithelial,425.7984619140625,626.791015625,0.0
1985,eabgpjlp-1,epithelial,407.76556396484375,650.4325561523438,0.2758646011352539
1986,eaclfgie-1,epithelial,413.9281921386719,643.5541381835938,0.0
1987,eacnchdh-1,epithelial,422.85980224609375,637.069091796875,0.3300786018371582
1988,eadffilk-1,epithelial,413.9327697753906,701.3562622070312,0.0
1990,eafpnehg-1,epithelial,414.7297668457031,715.6107177734375,0.3906627297401428
1992,eagolgbn-1,epithelial,422.5453796386719,710.0724487304688,0.0
1994,eajbgkag-1,epithelial,431.4871520996094,738.2005615234375,0.5693048238754272
1997,eajjkmdn-1,epithelial,435.886962890625,709.1385498046875,0.7198336124420166
2007,eaoakpmi-1,epithelial,428.70849609375,601.502197265625,0.0
2008,eaoccibc-1,epithelial,426.0581970214844,594.713134765625,0.4471755027770996
2011,eapcledn-1,fibroblast,421.6491394042969,608.7951049804688,0.0
2012,eapdaanp-1,epithelial,408.8274841308594,614.7433471679688,0.3589511513710022
2014,ebaghkna-1,epithelial,410.5882568359375,581.6507568359375,0.41255176067352295
2017,ebckaadk-1,epithelial,418.60198974609375,588.9169921875,0.0
2019,ebcnkfdm-1,epithelial,493.8483581542969,431.209228515625,0.4647147059440613
2020,ebcpdjge-1,epithelial,487.0747680664063,422.3855590820313,0.37520939111709595
2025,ebghaigo-1,epithelial,454.6313781738281,437.0057373046875,0.0
2027,ebgipmaj-1,epithelial,459.6349792480469,418.14056396484375,0.0
2029,ebicdbic-1,epithelial,469.33245849609375,413.2832336425781,0.4927824139595032
2034,ebkbcgjm-1,epithelial,513.24072265625,502.61761474609375,0.7427397966384888
2035,ebkhpbhk-1,epithelial,513.4996948242188,522.7473754882812,0.546227216720581
2039,eblhdhhm-1,epithelial,500.0416259765625,522.8640747070312,0.762230396270752
2045,ebmohigc-1,epithelial,489.0431213378906,486.8386535644531,0.6965062022209167
2047,eboaiikb-1,epithelial,462.73919677734375,443.5372619628906,0.5111527442932129
2048,eboenenn-1,epithelial,461.3379211425781,453.132080078125,0.3827805519104004
2049,ebojndhh-1,epithelial,472.1763000488281,453.7901306152344,0.33345717191696167
2052,ebpdgmeh-1,epithelial,476.6637573242188,487.1673583984375,0.36792588233947754
2054,ebpjjldg-1,epithelial,468.3314514160156,482.3020629882813,1.2839057445526123
2055,ecbjjehi-1,fibroblast,485.1948852539063,452.99456787109375,0.0
2057,ecdcdefp-1,epithelial,481.7944641113281,463.7093505859375,0.34852543473243713
2058,ecdhdpnb-1,fibroblast,562.7559204101562,388.195556640625,0.0
2060,ecebmbbk-1,epithelial,562.07275390625,404.3837890625,0.46726053953170776
2062,ecgcplee-1,epithelial,570.4545288085938,461.5066833496094,0.0
2066,ecglkmgk-1,epithelial,538.3128051757812,520.015869140625,0.0
2067,ecgmbpib-1,fibroblast,527.1865844726562,519.0046997070312,0.0
2071,echnlfpa-1,epithelial,526.3156127929688,549.384765625,0.0
2078,eckkogno-1,fibroblast,587.5845336914062,473.6564025878906,0.0
2081,ecnabdlo-1,epithelial,570.49462890625,738.2587890625,0.0
2082,ecoibkeh-1,epithelial,574.475341796875,731.4900512695312,0.5949915051460266
2083,ecoopene-1,epithelial,533.6788330078125,729.6461181640625,0.0
2085,ecpfkmjh-1,fibroblast,525.9166870117188,730.5785522460938,0.0
2086,ecpgeoml-1,epithelial,526.5382080078125,724.3801879882812,0.573675274848938
2089,edbohkja-1,epithelial,577.894775390625,716.821044921875,0.47599613666534424
2090,edcfmdio-1,epithelial,570.3621826171875,712.7439575195312,0.35797953605651855
2093,edehfchp-1,epithelial,562.325439453125,741.779296875,0.0
2102,edidpkdc-1,epithelial,535.340087890625,431.61431884765625,0.0
2104,edkbhpmc-1,epithelial,538.2700805664062,471.5665588378906,0.55810546875
2106,edkgepno-1,epithelial,530.9263305664062,479.0090942382813,0.0
2109,edljhdai-1,epithelial,541.68310546875,447.3100280761719,0.0
2111,edmcecch-1,epithelial,537.9609985351562,462.5852355957031,0.0
2112,edmhlaeg-1,epithelial,548.3170166015625,454.8518981933594,0.4889249801635742
2114,ednbdljj-1,epithelial,523.94970703125,444.19769287109375,0.0
2118,edojadle-1,fibroblast,532.09326171875,443.8071594238281,0.0
2119,edoolbol-1,epithelial,429.0941467285156,358.68023681640625,1.043872594833374
2120,eeagdbeb-1,epithelial,422.0255126953125,384.03521728515625,1.209421157836914
2123,eecmjcpi-1,epithelial,427.0317687988281,372.7595825195313,0.37949907779693604
2126,eedibakb-1,epithelial,409.4234008789063,415.646728515625,0.38499975204467773
2128,eeefmfib-1,epithelial,439.6006164550781,400.9329223632813,1.2138595581054688
2132,eegbfjdg-1,fibroblast,425.5397338867188,475.4012756347656,0.0
2134,eegfdgpk-1,epithelial,422.9138793945313,538.3489379882812,0.546227216720581
2137,eehepepf-1,epithelial,419.07275390625,483.83404541015625,0.30428940057754517
2142,eejnaenp-1,epithelial,444.73822021484375,498.8124694824219,0.0
2143,eekklimi-1,epithelial,435.4622802734375,539.9222412109375,0.6199804544448853
2145,eellpcpi-1,epithelial,446.9932861328125,528.073486328125,0.5796582102775574
2147,eemclgfn-1,epithelial,441.898681640625,452.683837890625,0.42313963174819946
2149,eepfincb-1,epithelial,438.1431579589844,460.6195373535156,0.0
2151,efajlppa-1,epithelial,434.5498046875,466.498779296875,0.0
2154,efcbakpf-1,epithelial,407.5392761230469,459.8591003417969,0.0
2163,efgfkhga-1,epithelial,407.5028381347656,444.2109680175781,0.4638734459877014
2164,efghmhmo-1,epithelial,420.5014953613281,443.76080322265625,0.419100821018219
2169,efjddnli-1,epithelial,450.6748352050781,424.0774841308594,0.5766440629959106
2176,efmpbkbj-1,epithelial,468.7677001953125,551.374755859375,0.5069183111190796
2178,efoalehf-1,epithelial,467.61175537109375,532.7908325195312,0.0
2179,efpbehjd-1,epithelial,462.2144775390625,540.33203125,0.626297116279602
2181,egblhhhp-1,epithelial,455.8493347167969,517.5860595703125,0.6295332312583923
2183,egefifbm-1,epithelial,457.6693420410156,524.191162109375,0.5130243301391602
2210,ehbkdaib-1,epithelial,518.6768188476562,543.266845703125,0.25905829668045044
2219,ehelmhdh-1,epithelial,485.8156433105469,659.5775146484375,0.43434178829193115
2226,ehhpofhj-1,epithelial,508.990478515625,662.3493041992188,0.0
2228,ehjbhmme-1,epithelial,519.1942138671875,685.813720703125,0.4353065490722656
2234,ehnlfidb-1,epithelial,497.9806823730469,661.7593383789062,0.0
2245,eicpnhdn-1,epithelial,453.4955139160156,664.768798828125,0.0
2249,eiemoddk-1,fibroblast,462.5368347167969,657.4503784179688,0.0
2250,eifffcdm-1,epithelial,474.9281311035156,656.6778564453125,0.0
2268,eioingpi-1,epithelial,589.4376220703125,619.9049682617188,0.6613348126411438
2271,ejaanpbl-1,epithelial,580.2720947265625,638.7218627929688,0.44940710067749023
2290,ejhlfnlm-1,epithelial,528.3814697265625,690.1903076171875,0.0
2297,ejljanal-1,epithelial,555.4627075195312,597.030029296875,0.47437915205955505
2312,ekdaggnn-1,epithelial,785.3486328125,515.3355712890625,0.0
2313,ekdbpjlm-1,epithelial,774.6502685546875,526.39404296875,0.942602276802063
2314,ekfaknei-1,epithelial,784.8731079101562,524.2312622070312,1.019517421722412
2315,ekfhjokj-1,epithelial,802.629638671875,548.30419921875,0.432182252407074
2317,ekganonp-1,epithelial,803.9243774414062,560.1697387695312,0.0
2320,ekhcojjb-1,fibroblast,794.2007446289062,551.6123657226562,1.527944564819336
2322,ekhienfc-1,epithelial,779.6787109375,548.42919921875,0.31480446457862854
2324,ekicnjdh-1,fibroblast,731.708984375,462.1725769042969,0.0
2325,ekjaihno-1,epithelial,729.3716430664062,454.2280883789063,0.0
2327,ekjdbpco-1,fibroblast,730.4525756835938,539.9802856445312,0.0
2330,ekjplhin-1,epithelial,731.1397094726562,482.6319274902344,0.0
2331,ekkaggfi-1,epithelial,745.009765625,506.3240051269531,0.0
2334,ekkmlpma-1,epithelial,737.4769897460938,490.21282958984375,0.2932928800582886
2340,ekocaojg-1,epithelial,736.84765625,445.0005798339844,0.3028339147567749
2342,ekoknbpo-1,epithelial,726.706787109375,443.8288879394531,0.0
2344,ekpjbiaj-1,epithelial,724.3790283203125,434.62744140625,0.6619716882705688
2348,elcjfgcl-1,immune,777.1215209960938,737.6173706054688,0.0
2349,elekfaki-1,epithelial,756.92578125,574.9564208984375,0.4000852704048157
2353,elgchkei-1,fibroblast,772.1913452148438,560.0958251953125,0.0
2354,elhdfnbg-1,epithelial,767.6387939453125,569.33251953125,0.39768603444099426
2356,elhgcgfn-1,epithelial,762.7050170898438,561.6956787109375,0.0
2359,elhnibdf-1,fibroblast,718.2052612304688,638.8424682617188,0.0
2361,elikeien-1,epithelial,727.4703369140625,628.9318237304688,0.0
2362,elkcjkpp-1,fibroblast,737.4683227539062,671.9071044921875,2.109958201646805
2363,elkdnpbk-1,fibroblast,745.8300170898438,717.1644287109375,2.4378538131713867
2366,elnkehkf-1,fibroblast,721.7129516601562,682.5930786132812,1.7849533557891846
2367,elobnlod-1,epithelial,730.4766845703125,678.8865356445312,0.0
2368,elonefme-1,epithelial,725.292236328125,646.0096435546875,0.48702460527420044
2369,elpdhdio-1,fibroblast,716.5304565429688,661.021240234375,0.0
2370,elpdhgpo-1,epithelial,725.5427856445312,651.9727172851562,0.0
2371,elpejifl-1,epithelial,719.1024169921875,655.1178588867188,0.3368968367576599
2373,emabligi-1,immune,850.8456420898438,559.2549438476562,1.1227807998657227
2374,emadkppf-1,fibroblast,750.9293212890625,564.6340942382812,0.0
2375,embddanc-1,epithelial,744.9227905273438,557.6132202148438,0.0
2378,emdedepo-1,fibroblast,820.592529296875,679.0609130859375,2.553060531616211
2379,emdgccbp-1,fibroblast,824.1320190429688,660.6689453125,2.1540441513061523
2380,emebahpe-1,immune,843.9911499023438,633.8872680664062,2.2311573028564453
2381,emebilpj-1,immune,849.4568481445312,624.5408935546875,0.6707601547241211
2382,emeblhha-1,fibroblast,727.736083984375,616.935546875,0.0
2383,emegbgbo-1,epithelial,733.4800415039062,622.734619140625,0.43724679946899414
2386,emgeeclb-1,epithelial,724.0880126953125,606.5282592773438,0.5650189518928528
2388,emglkfmc-1,epithelial,723.6412963867188,595.56982421875,0.30138957500457764
2391,emjlnndk-1,epithelial,743.853515625,606.3512573242188,1.3110936880111694
2394,emoelkhn-1,epithelial,649.473876953125,483.6316528320313,0.2550831437110901
2395,enakjomc-1,epithelial,651.174072265625,490.99609375,0.3638850450515747
2401,enceppmj-1,epithelial,649.387939453125,535.87451171875,0.5650297403335571
2412,eniplobg-1,fibroblast,618.60009765625,741.9462890625,0.0
2413,enjfapmb-1,epithelial,625.9237670898438,716.56982421875,0.5767396688461304
2417,enkbjbmp-1,epithelial,634.900390625,665.1937866210938,0.6910810470581055
2418,enkddbad-1,fibroblast,629.5733642578125,661.1463012695312,0.0
2419,enkeaelp-1,epithelial,626.3441162109375,654.0682983398438,0.0
2420,enlamana-1,epithelial,631.9882202148438,644.6114501953125,0.36997881531715393
2427,enonpppf-1,epithelial,651.6746215820312,714.5055541992188,0.32188645005226135
2428,enpijdbj-1,epithelial,636.4058227539062,738.7020263671875,0.0
2429,enppndni-1,epithelial,637.3511962890625,726.7702026367188,0.3778371810913086
2430,eoafhaam-1,epithelial,647.9100341796875,725.3422241210938,0.0
2431,eobmnnco-1,epithelial,651.1235961914062,685.93017578125,0.0
2432,eocflona-1,epithelial,657.9927978515625,705.5590209960938,0.762230396270752
2434,eockknbc-1,fibroblast,656.7141723632812,673.8081665039062,0.0
2437,eoeklghd-1,epithelial,638.1729736328125,653.0365600585938,0.0
2438,eoeommcl-1,epithelial,645.1829833984375,669.3317260742188,0.0
2445,eoheockj-1,epithelial,592.7077026367188,658.7327270507812,0.3351691961288452
2446,eohkmkea-1,fibroblast,598.830078125,673.9974365234375,0.0
2447,eoigkmna-1,epithelial,591.8402099609375,668.144775390625,0.0
2459,eooghpfh-1,fibroblast,611.5347290039062,673.6204833984375,0.0
2460,eoohnmof-1,epithelial,619.7470703125,670.5807495117188,0.0
2465,epbcaagj-1,epithelial,602.386962890625,621.4569091796875,0.41126811504364014
2482,epmioboj-1,epithelial,629.2611694335938,510.8274841308594,0.41384387016296387
2485,epnbdelc-1,epithelial,613.53173828125,541.8074951171875,0.4000852704048157
2487,epolglha-1,fibroblast,619.5536499023438,533.7857055664062,0.0
2488,eppdbaia-1,epithelial,631.1382446289062,529.5330810546875,0.900078535079956
2489,eppnelfb-1,epithelial,635.3690795898438,546.7462158203125,0.8502756357192993
2490,faajadlg-1,epithelial,638.3816528320312,534.8421630859375,0.0
2492,fadiedlm-1,epithelial,609.1900024414062,502.2933044433594,0.9056112766265869
2493,fadlfpbi-1,epithelial,618.40673828125,519.3159790039062,0.31036269664764404
2511,faknglpb-1,epithelial,671.6361083984375,718.537841796875,0.4191546142101288
2512,falehcmo-1,fibroblast,659.2457885742188,724.4830322265625,0.0
2514,fanbanbd-1,epithelial,669.1993408203125,703.0345458984375,0.0
2516,fandlnpi-1,epithelial,679.97021484375,719.400390625,0.4851425290107727
2517,fanghkje-1,epithelial,660.6981201171875,742.5546875,0.46555960178375244
2518,fanlcngj-1,epithelial,670.9814453125,740.0809326171875,0.38611900806427
2519,fanodapj-1,epithelial,677.887451171875,732.6531982421875,0.355093777179718
2520,fanoloom-1,epithelial,687.0982055664062,724.2459106445312,1.6376806497573853
2521,faodcibh-1,epithelial,685.4230346679688,689.0894775390625,0.0
2523,fapnncmk-1,fibroblast,677.4898071289062,708.0384521484375,0.4272647202014923
2524,fbaeephg-1,fibroblast,680.2977905273438,697.4000244140625,0.0
2525,fbceophl-1,epithelial,697.1405029296875,632.477783203125,0.7677963972091675
2526,fbdciapj-1,epithelial,702.8737182617188,656.5934448242188,0.3987964987754822
2527,fbddagmc-1,epithelial,688.8699951171875,643.9840087890625,0.8081122636795044
2529,fbeckpjd-1,epithelial,692.9012451171875,638.2469482421875,0.38837742805480957
2535,fbgedfcg-1,epithelial,699.0847778320312,686.8080444335938,0.27090659737586975
2536,fbghbaec-1,epithelial,708.276123046875,676.5101318359375,0.0
2537,fbgnnpdk-1,epithelial,690.8204345703125,651.9246826171875,0.0
2538,fbhngkgl-1,fibroblast,694.0960693359375,677.0598754882812,0.0
2540,fbiokgjh-1,fibroblast,692.2465209960938,661.1716918945312,0.0
2547,fbkpmamg-1,epithelial,666.1314697265625,664.4566650390625,0.47779127955436707
2552,fbnbnncc-1,epithelial,680.633544921875,656.3621215820312,0.43635833263397217
2554,fbnfgmjl-1,epithelial,693.568359375,625.7289428710938,0.8392208218574524
2564,fcaiponk-1,epithelial,674.7923583984375,592.1748046875,0.6776556372642517
2569,fceplakj-1,epithelial,700.4767456054688,571.8592529296875,0.3210863471031189
2570,fcfboppn-1,epithelial,714.37890625,549.8748168945312,0.0
2571,fcfgakde-1,epithelial,707.9747314453125,546.50390625,1.2302627563476562
2596,fdfbodjm-1,epithelial,683.4971923828125,327.5511169433594,0.6183987259864807
2597,fdffpodc-1,epithelial,670.7160034179688,325.06988525390625,0.0
2609,fdpcdbcm-1,epithelial,689.9923095703125,329.79302978515625,0.8461677432060242
2614,fednollb-1,epithelial,709.5501708984375,454.4267883300781,0.510019063949585
2621,feihbbpn-1,epithelial,707.8004760742188,359.9298095703125,0.3466895520687103
2623,fejecaag-1,epithelial,717.4048461914062,371.7703247070313,0.6817231774330139
2624,fejfgkln-1,epithelial,714.906494140625,364.82330322265625,0.0
2629,felfkncf-1,epithelial,618.266845703125,307.3753662109375,0.0
2630,felfnipl-1,fibroblast,626.3720703125,300.7635498046875,0.0
2631,felplpno-1,epithelial,604.3428344726562,327.07110595703125,0.0
2632,femfcgnl-1,epithelial,596.3744506835938,334.9295654296875,0.0
2642,fepnolbh-1,epithelial,650.8843994140625,315.97332763671875,0.0
2649,ffanmjhe-1,epithelial,640.1634521484375,463.6016540527344,0.6275851726531982
2652,ffbnbkno-1,epithelial,650.2754516601562,469.7397766113281,0.0
2662,fffpkgdn-1,epithelial,596.4896850585938,348.19415283203125,0.35562923550605774
2666,ffjfknao-1,epithelial,593.6171875,408.5005493164063,0.39181554317474365
2667,ffjjbaag-1,fibroblast,603.6163940429688,406.3127136230469,0.0
2668,ffkckacm-1,epithelial,590.694580078125,397.4528198242188,0.0
2694,fgipchib-1,epithelial,838.2472534179688,399.9017639160156,0.43147987127304077
2696,fglfnicl-1,epithelial,843.9371337890625,345.2008972167969,1.3188366889953613
2700,fgoadeod-1,epithelial,833.7867431640625,337.3498229980469,0.0
2701,fgoifafj-1,fibroblast,826.4974975585938,338.9066467285156,0.0
2702,fgpcpanc-1,epithelial,827.0869750976562,331.9107666015625,0.0
2703,fhaaencg-1,epithelial,842.1697387695312,329.3161926269531,0.6133175492286682
2716,fhgmapgo-1,epithelial,768.9693603515625,501.5154113769531,0.9971238374710083
2720,fhhgiokn-1,epithelial,766.9906616210938,508.6159057617188,0.6806589961051941
2725,fhjadbne-1,epithelial,789.9201049804688,506.6121520996094,0.6745560169219971
2726,fhjafefk-1,epithelial,798.9823608398438,501.1194152832031,0.42043769359588623
2730,fhlfkane-1,epithelial,802.5028686523438,465.44677734375,0.0
2733,fhmadkfp-1,epithelial,791.1055297851562,478.0110473632813,0.5445915460586548
2738,fhnfhnek-1,epithelial,831.0859375,454.0890502929688,0.5889894366264343
2739,fhnknkpc-1,epithelial,841.9370727539062,470.1264343261719,0.6090978980064392
2740,fhnnojfn-1,fibroblast,840.1383056640625,476.7720947265625,0.5922011137008667
2744,fhpofong-1,epithelial,788.6853637695312,449.099365234375,0.0
2748,fiblclap-1,fibroblast,798.0901489257812,451.07806396484375,0.0
2756,fifgjkhb-1,fibroblast,752.53564453125,378.8317565917969,0.0
2757,fighjmnh-1,fibroblast,774.5069580078125,387.3372497558594,0.0
2758,fighlomm-1,epithelial,764.4911499023438,384.37451171875,0.9685263633728027
2759,figiofbi-1,epithelial,771.1963500976562,380.0525512695313,0.5439050197601318
2775,fiomjmgc-1,epithelial,435.8029174804688,55.499977111816406,0.4987155795097351
2777,fipjakob-1,epithelial,448.5821228027344,33.34328842163086,0.713738203048706
2779,fjahmkbd-1,fibroblast,458.4607238769531,34.61979293823242,0.0
2785,fjeibkbh-1,epithelial,400.5167846679688,217.3789825439453,0.0
2786,fjeofmki-1,epithelial,419.1560363769531,208.68472290039065,0.0
2789,fjhjgbdc-1,epithelial,453.2301940917969,247.16993713378903,0.3970401883125305
2791,fjihdobk-1,epithelial,426.9551696777344,200.3940887451172,0.5488052368164062
2792,fjimahpl-1,fibroblast,404.4981384277344,177.19979858398438,0.7444553971290588
2793,fjioojgb-1,epithelial,410.4832153320313,170.96652221679688,0.0
2798,fjnngpoh-1,fibroblast,441.7033081054688,150.5755615234375,1.8754761219024658
2799,fjodhldg-1,epithelial,433.296630859375,161.29359436035156,0.0
2800,fjogjjle-1,epithelial,450.7798461914063,158.12747192382812,0.7514270544052124
2805,fjpgkihc-1,fibroblast,526.28173828125,248.5624847412109,0.0
2816,fkgdaboa-1,epithelial,591.1080322265625,256.1048278808594,0.37467071413993835
2817,fkgkpkpi-1,fibroblast,587.2464599609375,238.5861968994141,0.0
2818,fkhefgnp-1,epithelial,577.5592041015625,238.7943420410156,0.4967176914215088
2827,fkkalncm-1,epithelial,570.6942138671875,410.2138671875,0.32028961181640625
2828,fkkccple-1,epithelial,577.3627319335938,396.3052368164063,0.27275049686431885
2830,fkklpgdh-1,fibroblast,547.8489379882812,358.6003112792969,0.0
2831,fklhemkk-1,epithelial,544.3278198242188,332.202392578125,0.3522510528564453
2834,fklmndpc-1,immune,522.4066162109375,371.131591796875,0.0
2838,fkodnngo-1,epithelial,565.2710571289062,378.3520202636719,0.5594708919525146
2839,fkofehfd-1,epithelial,571.9077758789062,371.8092346191406,0.0
2840,fkphbbno-1,epithelial,582.5987548828125,354.0362548828125,0.0
2850,flffacge-1,epithelial,570.8113403320312,308.9501342773437,0.4508867859840393
2852,flfnfdfj-1,epithelial,452.4558715820313,229.5408172607422,0.5890275835990906
2853,flfonmll-1,epithelial,450.40631103515625,237.39659118652344,0.5133049488067627
2854,flgageck-1,fibroblast,442.6221008300781,231.85711669921875,0.0
2859,flkiomoc-1,epithelial,461.6213989257813,265.5751953125,0.0
2861,fllilbok-1,epithelial,460.5556945800781,238.9970550537109,1.2138094902038574
2868,flolhpji-1,epithelial,490.0451354980469,371.2737121582031,0.3194962441921234
2869,flpbnoij-1,epithelial,487.6842956542969,358.305908203125,0.5290737152099609
2871,fmdafeje-1,epithelial,478.1335144042969,357.4664001464844,0.4605444073677063
2874,fmemgdec-1,epithelial,463.91839599609375,376.119140625,0.2637077271938324
2880,fmheoooo-1,epithelial,502.7251586914063,358.2079162597656,0.0
2881,fmhhcfom-1,epithelial,510.55767822265625,372.2026062011719,0.4357887804508209
2882,fmhmfmlf-1,epithelial,506.03363037109375,367.5792541503906,0.0
2887,fmkcknhe-1,epithelial,508.691650390625,411.1753845214844,0.8379006385803223
2904,fnemjdhm-1,epithelial,448.6317138671875,301.6099548339844,0.4087286591529846
2914,fnkahkkj-1,epithelial,442.6976318359375,177.3991241455078,0.3741517663002014
2918,fnkgkljk-1,epithelial,457.3573303222656,214.9006500244141,0.37520939111709595
2919,fnkicmfo-1,fibroblast,460.0672912597656,226.01585388183597,0.0
2920,fnkmbkfa-1,fibroblast,468.3966064453125,221.81814575195312,1.6381638050079346
2924,fnmciomf-1,epithelial,486.8351135253906,203.51702880859372,0.0
2925,fnncaepg-1,fibroblast,478.513427734375,215.9323883056641,1.9378674626350403
2926,fnnemlni-1,epithelial,443.01409912109375,200.75662231445312,0.33176037669181824
2927,fnngfhio-1,epithelial,447.4190368652344,216.8793029785156,0.6165151000022888
2930,foamgjbk-1,epithelial,533.2747802734375,84.68605041503906,0.0
2934,fobhkjpi-1,epithelial,532.6165161132812,219.55831909179688,0.22034716606140137
2936,focdpelh-1,epithelial,550.4091796875,230.4611053466797,0.0
2937,focjhkok-1,epithelial,536.4541015625,225.94488525390625,0.26968732476234436
2942,foebmnad-1,immune,539.4761962890625,151.78555297851562,1.3276740312576294
2943,foefaaco-1,fibroblast,497.1427917480469,41.8738899230957,0.0
2945,foflcnak-1,epithelial,486.1266174316406,163.23367309570312,0.0
2948,fohmeafa-1,epithelial,580.0132446289062,86.49397277832031,0.573675274848938
2951,foipakia-1,epithelial,558.910888671875,67.45756530761719,1.651513695716858
2953,fojcnbff-1,epithelial,569.9376831054688,109.93883514404295,0.8511579036712646
2957,fomdngdk-1,epithelial,488.8951721191406,19.788753509521484,0.5766440629959106
2959,fookneio-1,fibroblast,497.2573852539063,18.51886367797852,0.0
2960,foplofnp-1,epithelial,763.4075927734375,76.60257720947266,1.6245548725128174
2963,fpbhdlhg-1,epithelial,773.095947265625,95.91358947753906,0.19354218244552612
2966,fpcoigcn-1,fibroblast,763.8268432617188,68.35978698730469,0.0
2968,fpejakbm-1,epithelial,758.7343139648438,61.75511169433594,0.0
2969,fpekamgn-1,epithelial,781.44970703125,17.851736068725586,0.0
2970,fpfodfgi-1,fibroblast,777.1522827148438,26.679637908935547,0.0
2971,fpfonome-1,epithelial,786.5726928710938,8.832396507263184,0.48235321044921875
2973,fpgehioa-1,epithelial,761.4205322265625,51.85453414916992,0.40325286984443665
2975,fpglohjf-1,epithelial,761.1900024414062,42.71408081054688,0.5199077129364014
2980,fpjchmch-1,epithelial,864.3109130859375,87.26227569580078,0.40621769428253174
2994,fpochbal-1,epithelial,802.937744140625,35.34853744506836,0.0
2995,fpoknlip-1,epithelial,816.186767578125,43.436031341552734,0.0
2996,gaacailc-1,epithelial,808.8201293945312,43.08620071411133,0.0
3002,gacmhkch-1,epithelial,826.820556640625,45.69496154785156,0.4769183397293091
3021,gamongie-1,epithelial,816.0320434570312,117.83279418945312,0.33431124687194824
3035,gbdmfadh-1,epithelial,824.1229858398438,173.77459716796875,0.3267591595649719
3036,gbejbcif-1,epithelial,828.9373168945312,124.3975830078125,0.0
3039,gbfkpbml-1,epithelial,840.3483276367188,127.5429229736328,0.0
3040,gbgfedej-1,fibroblast,845.4656982421875,121.94343566894533,0.0
3058,gccnmndf-1,epithelial,825.2826538085938,195.5677490234375,0.6199804544448853
3074,gckofdmn-1,epithelial,858.94775390625,327.3726806640625,0.7020846605300903
3078,gclmompb-1,epithelial,816.6748046875,327.9832458496094,0.0
3089,gdchchgn-1,fibroblast,823.404296875,267.7477111816406,1.5343033075332642
3091,gdcojloi-1,epithelial,821.3844604492188,284.5869445800781,0.0
3092,gddacokc-1,epithelial,828.1906127929688,278.9275817871094,0.0
3101,gdgonoke-1,epithelial,816.9528198242188,291.5258178710937,0.3513127863407135
3102,gdhingjf-1,epithelial,810.9332885742188,299.16876220703125,0.0
3104,gdhphhif-1,epithelial,808.7233276367188,252.30101013183597,0.0
3105,gdjabacg-1,epithelial,816.596923828125,260.2118225097656,0.0
3112,gdofalgo-1,epithelial,807.3135986328125,235.79116821289065,0.7060023546218872
3114,gdolkfgd-1,epithelial,800.1607055664062,261.4750366210937,0.458901047706604
3121,gebldecc-1,epithelial,852.8873291015625,347.5165100097656,0.0
3124,gedddmpa-1,epithelial,828.59326171875,367.8778381347656,0.785283088684082
3125,gednicja-1,epithelial,828.7379150390625,488.6705322265625,1.8494170904159546
3126,gednmdhj-1,epithelial,826.0599975585938,516.37744140625,0.0
3127,geekcjld-1,epithelial,833.9326782226562,507.66162109375,0.0
3129,gegdibaj-1,epithelial,826.5205688476562,500.73046875,0.2922619581222534
3132,gehfoebo-1,epithelial,836.7127075195312,487.5298461914063,0.0
3138,gelgcldd-1,epithelial,824.3674926757812,440.1897277832031,0.0
3139,gelgfaek-1,epithelial,838.4337158203125,439.1056823730469,0.0
3143,genbmibn-1,epithelial,847.1946411132812,486.059326171875,0.3570127785205841
3145,gennogfm-1,epithelial,855.4672241210938,453.2333984375,0.4164544939994812
3148,gepeabni-1,epithelial,862.8391723632812,456.1842956542969,0.0
3151,gfakgclg-1,epithelial,836.04345703125,409.2521057128906,0.0
3153,gfaoipgj-1,epithelial,853.769775390625,404.2587890625,0.4293607771396637
3157,gfebphne-1,epithelial,803.3387451171875,369.4800720214844,0.42209017276763916
3160,gffddfgl-1,epithelial,809.8024291992188,362.8113098144531,0.0
3170,gfkcdkie-1,epithelial,584.7556762695312,29.85892868041992,0.0
3171,gfkhdlhn-1,epithelial,594.5835571289062,40.27838134765625,0.5389257669448853
3173,gflcjmjp-1,epithelial,658.3004760742188,24.010665893554688,1.1626511812210083
3180,gfpaefmb-1,epithelial,633.97900390625,47.96787643432617,0.0
3184,gfpkfnic-1,fibroblast,690.8394165039062,53.6795654296875,0.0
3185,gfppicoi-1,epithelial,701.4259033203125,108.68022918701172,0.6817231774330139
3186,gfppkaih-1,epithelial,685.65380859375,68.1018295288086,0.0
3195,ggellppc-1,fibroblast,712.789794921875,86.08056640625,2.1005635261535645
3196,ggfoffmd-1,fibroblast,725.3751220703125,80.52847290039062,0.0
3197,gggofpbd-1,epithelial,723.4690551757812,89.54932403564453,0.0
3198,gghedcfj-1,epithelial,716.351806640625,95.3509750366211,0.4556555449962616
3201,gghkiljl-1,epithelial,677.6278686523438,68.12950134277344,0.8124902248382568
3203,ggjdobfp-1,epithelial,602.7677612304688,128.3831329345703,0.0
3204,ggjfgacm-1,epithelial,601.15869140625,120.88816833496094,0.0
3205,ggjgocll-1,epithelial,598.9154663085938,115.7698974609375,0.0
3209,gglhgemb-1,epithelial,646.3497924804688,94.70487213134766,1.6016253232955933
3213,ggnedhbf-1,epithelial,770.7890625,209.9095458984375,0.0
3214,ggnonhee-1,epithelial,777.8768310546875,198.0073699951172,0.6126589179039001
3253,giafjiah-1,epithelial,698.7054443359375,188.5025177001953,0.3895166516304016
3255,gibjampp-1,epithelial,687.0196533203125,146.21469116210938,0.0
3256,gicepeba-1,epithelial,687.2589721679688,153.75318908691406,0.40746790170669556
3257,gicpikdm-1,fibroblast,689.8446655273438,160.72421264648438,0.0
3258,gidbkmgc-1,epithelial,677.7318115234375,187.67578125,0.3589511513710022
3260,giehgief-1,epithelial,659.5487670898438,292.53570556640625,0.4014589190483093
3261,gieihkgi-1,epithelial,659.2583618164062,282.20361328125,0.4096553325653076
3264,gigejlie-1,epithelial,647.8687744140625,289.8924255371094,1.4195300340652466
3266,gigjcooh-1,epithelial,618.3639526367188,253.1844482421875,0.27712488174438477
3268,gihfknbn-1,epithelial,600.0700073242188,283.7610168457031,0.3872448801994324
3269,gihhclkf-1,epithelial,606.7113037109375,277.48394775390625,0.6832132339477539
3270,giijpcgp-1,epithelial,609.42529296875,270.54833984375,0.39768603444099426
3271,giipkbee-1,epithelial,613.468994140625,263.0928649902344,0.29853367805480957
3274,gilfchlb-1,epithelial,704.3491821289062,216.2100524902344,0.3648872971534729
3279,gipclpjc-1,epithelial,690.2117919921875,240.20632934570312,0.29641982913017273
3282,gjabcked-1,epithelial,690.4798583984375,249.79010009765625,0.5069183111190796
3287,gjbknaim-1,epithelial,632.7273559570312,199.37242126464844,0.47599613666534424
3288,gjccegmc-1,epithelial,641.0233764648438,200.6626892089844,0.3466895520687103
3290,gjdmgpbn-1,epithelial,653.1808471679688,182.54774475097656,0.37205392122268677
3292,gjebkpbe-1,epithelial,647.0451049804688,182.16729736328125,0.0
3297,gjflocbg-1,fibroblast,8.011733055114746,251.1448974609375,2.48166561126709
3298,gjhmklhg-1,epithelial,29.10335731506348,287.34112548828125,0.6435680389404297
3300,gjjchpdg-1,epithelial,5.363114833831787,289.1950378417969,0.546227216720581
3303,gjlodpmm-1,epithelial,13.532395362854004,284.5277404785156,0.0
3304,gjmbanen-1,epithelial,37.81528472900391,326.2082214355469,0.0
3310,gjpiffol-1,fibroblast,22.180683135986328,285.36090087890625,0.0
3311,gkaigomn-1,fibroblast,72.03123474121094,425.6834411621094,2.0752410888671875
3312,gkcaoogb-1,immune,77.80839538574219,437.0650024414063,2.465454578399658
3313,gkcffnil-1,immune,71.99850463867188,433.6296081542969,2.012176513671875
3314,gkcgcgna-1,immune,82.05762481689453,429.4384765625,0.7940970659255981
3315,gkcjjnco-1,immune,78.35628509521484,447.4822082519531,1.2233251333236694
3316,gkcknoch-1,immune,72.74144744873047,452.796630859375,1.7013888359069824
3317,gkdegflj-1,fibroblast,85.02144622802734,453.89642333984375,4.229262113571167
3318,gkdjekhe-1,fibroblast,58.818603515625,456.9333801269531,5.315639495849609
3319,gkdojdif-1,fibroblast,109.618408203125,511.35491943359375,3.527322292327881
3320,gkeoelgf-1,immune,116.05889129638672,527.9160766601562,0.5411708354949951
3321,gkepnijm-1,fibroblast,117.94735717773438,515.2658081054688,5.320961236953735
3322,gkfgaamm-1,fibroblast,115.55582427978516,505.7517700195313,2.674772024154663
3323,gkficjdo-1,fibroblast,120.55563354492188,568.6345825195312,4.143050193786621
3324,gkghmcjg-1,fibroblast,110.6596221923828,563.447265625,4.126174092292786
3325,gkgkdhbk-1,fibroblast,139.44064331054688,547.9832763671875,2.5636439323425293
3326,gkgnbeaa-1,fibroblast,146.8560791015625,549.39111328125,2.2876904010772705
3327,gkgpjiic-1,fibroblast,136.71585083007812,561.78369140625,4.9811742305755615
3328,gkidinjo-1,fibroblast,126.81488037109376,528.971435546875,3.587785005569458
3329,gkidkkne-1,fibroblast,142.03648376464844,535.1360473632812,4.495977878570557
3330,gkifggng-1,fibroblast,132.731689453125,540.0299072265625,2.976380944252014
3331,gkijlfia-1,fibroblast,112.66514587402344,550.21142578125,2.2675721645355225
3332,gkipimnn-1,fibroblast,121.29341888427734,558.2376098632812,4.187970161437988
3333,gkjagcea-1,fibroblast,133.0314178466797,556.4139404296875,3.925005555152893
3334,gkkbjgmh-1,fibroblast,128.8481903076172,551.0016479492188,3.0864981412887573
3335,gkkhefil-1,fibroblast,70.75882720947266,466.1397705078125,0.8685906529426575
3336,gkkmkgig-1,immune,81.26998901367188,477.1485290527344,1.4957225322723389
3337,gklhhbjj-1,fibroblast,76.23777770996094,472.1470947265625,2.7262234687805176
3338,gklhlgmf-1,immune,74.3127212524414,515.9925537109375,1.7358992099761963
3339,gkmealcf-1,fibroblast,79.31934356689453,534.7164916992188,4.1850175857543945
3340,gkmoejoa-1,fibroblast,70.03146362304688,527.0556030273438,3.3434407711029053
3341,gknjlcpe-1,fibroblast,84.23265838623047,523.68896484375,4.9519219398498535
3342,gkodadnn-1,immune,80.8603515625,495.396240234375,1.0464296340942383
3344,gkpankjh-1,immune,64.51020050048828,477.2262573242188,2.5330796241760254
3345,gkpkdnjf-1,fibroblast,62.32529067993164,536.9302368164062,2.2981314659118652
3346,gkpkegli-1,fibroblast,63.70941925048828,508.7980041503906,4.200560092926025
3347,gkplfohi-1,immune,64.26122283935547,484.2691955566406,1.1626511812210083
3348,gkplhokk-1,immune,81.05996704101562,553.3753051757812,2.5480146408081055
3349,gkpmgkea-1,fibroblast,102.67191314697266,562.0490112304688,2.912788689136505
3350,glaeamcl-1,immune,92.3549575805664,563.5631103515625,0.9321935176849365
3351,glagejdo-1,immune,97.7117156982422,546.6345825195312,2.1150097846984863
3352,glaghpdp-1,fibroblast,106.7723388671875,522.4263916015625,0.0
3353,glalnhah-1,immune,104.0344009399414,542.0206298828125,2.2562150955200195
3354,glbemkoe-1,immune,103.41275787353516,533.3453979492188,2.1579906940460205
3357,gldenoin-1,fibroblast,90.22062683105467,519.0614624023438,2.48166561126709
3358,gldnldom-1,fibroblast,88.25416564941406,541.1128540039062,1.9423949718475342
3359,gleilldi-1,immune,97.90081787109376,529.6674194335938,0.0
3360,glfgaooa-1,fibroblast,98.25602722167967,511.32470703125,2.3427696228027344
3361,glfkppie-1,fibroblast,96.99412536621094,517.609130859375,2.239130973815918
3362,glggacef-1,fibroblast,87.68175506591797,507.4916076660156,2.6128196716308594
3363,glgiopee-1,immune,102.22557830810548,476.4460754394531,1.033873438835144
3364,glgjejna-1,fibroblast,96.6047592163086,461.266845703125,4.549530982971191
3365,glgpihlk-1,fibroblast,93.48624420166016,470.1607360839844,1.9991894960403442
3366,glihbfbo-1,fibroblast,118.6777114868164,461.3974914550781,2.342247426509857
3367,glimcknc-1,immune,108.10337829589844,480.2430114746094,1.1626511812210083
3368,glioaopi-1,fibroblast,111.4256591796875,470.26123046875,4.861915588378906
3369,gljalkfk-1,fibroblast,119.53125,480.9516296386719,4.756237745285034
3370,gljbjfcg-1,fibroblast,111.62193298339844,500.32177734375,3.5935181379318237
3371,gljlmnnb-1,fibroblast,139.98402404785156,506.3254699707031,5.390681266784668
3372,gljlolij-1,fibroblast,134.11007690429688,491.5182800292969,3.991798996925354
3373,glkkpnmk-1,fibroblast,118.85006713867188,493.2384643554688,2.846853256225586
3374,glkodfkg-1,fibroblast,95.76764678955078,494.2767639160156,4.452450275421143
3375,glmgdaei-1,fibroblast,105.18255615234376,488.1237182617188,5.015467405319214
3376,glmipmep-1,fibroblast,102.78225708007812,502.8914184570313,4.725461006164551
3377,glmjiahc-1,fibroblast,129.57501220703125,461.3572387695313,3.4407862424850464
3378,glmkknce-1,fibroblast,133.3463897705078,475.1441955566406,2.417543649673462
3379,glmlfmih-1,fibroblast,150.13677978515625,471.3234558105469,3.323008179664612
3380,gloegogm-1,immune,144.17469787597656,469.6915893554688,2.1861138343811035
3381,glpaeein-1,fibroblast,137.4202880859375,466.4003601074219,3.669424057006836
3382,glpbagih-1,immune,135.09756469726562,460.4463195800781,1.508804440498352
3383,gmbjdgkp-1,fibroblast,5.270034790039063,385.42584228515625,2.6060631275177
3384,gmbpaocl-1,epithelial,10.737342834472656,382.7792663574219,0.6056002974510193
3386,gmchgpdd-1,epithelial,15.960576057434082,380.15869140625,0.7687524557113647
3394,gmgfnign-1,fibroblast,22.54708480834961,490.0902404785156,2.23457670211792
3395,gmgopdpm-1,fibroblast,13.885893821716309,495.9272766113281,2.3369174003601074
3397,gminkdgl-1,immune,7.322596073150635,556.36083984375,1.1745904684066772
3398,gmjfhnfg-1,immune,12.227930068969728,565.9974365234375,1.019517421722412
3399,gmjgaope-1,immune,16.102346420288086,556.0872802734375,1.338412880897522
3405,gmladbbg-1,fibroblast,26.76464462280273,454.7377624511719,3.195032060146332
3406,gmlceeni-1,fibroblast,55.35781478881836,466.099609375,4.532670974731445
3407,gmlojfck-1,immune,28.97003936767578,464.4949340820313,1.0388281345367432
3409,gmlpeold-1,fibroblast,49.61729049682617,554.02587890625,0.9534173011779785
3410,gmoafbpm-1,fibroblast,57.23419952392578,571.9991455078125,2.1564598083496094
3411,gmoilogp-1,immune,54.0512924194336,557.12109375,1.2884130477905273
3412,gmopiccn-1,immune,48.92610168457031,545.8239135742188,2.173414945602417
3413,gmpefffc-1,fibroblast,26.28315544128418,569.3599243164062,3.2499616146087646
3414,gmpenpbf-1,fibroblast,39.03446578979492,539.95361328125,4.857609748840332
3415,gmphdand-1,immune,41.31028747558594,560.984375,0.990743100643158
3416,gmpnafmh-1,immune,35.541866302490234,550.957275390625,0.5659857988357544
3418,gnagnmke-1,fibroblast,49.97348785400391,513.839599609375,4.259366512298584
3419,gnancncc-1,immune,56.07548904418945,493.4345703125,1.6713874340057373
3420,gnbolheh-1,immune,52.290748596191406,504.19342041015625,0.6437376737594604
3421,gncafjnp-1,fibroblast,52.71183013916016,530.1272583007812,2.1564598083496094
3422,gncdmkie-1,fibroblast,49.887969970703125,523.0667114257812,2.3754711151123047
3423,gncnphnj-1,fibroblast,43.78329086303711,528.2710571289062,0.6437376737594604
3424,gndhbmph-1,fibroblast,39.57838439941406,510.1554870605469,2.277508020401001
3425,gndkhlnl-1,fibroblast,36.38170623779297,485.0630798339844,2.8297643661499023
3426,gnebdikj-1,immune,33.19144821166992,475.550048828125,1.0839526653289795
3428,gnghkbca-1,fibroblast,17.696746826171875,406.7229919433594,2.208263874053955
3429,gngolcdc-1,immune,9.384605407714844,418.5067443847656,1.7946701049804688
3430,gnhalmdi-1,fibroblast,8.247024536132812,402.0306396484375,1.6752387285232544
3431,gnhldmhi-1,immune,19.904447555541992,472.9454956054688,1.8447651863098145
3432,gnhmkdff-1,immune,10.351692199707031,483.3462524414063,2.1057322025299072
3433,gniibdce-1,fibroblast,8.058877944946289,475.2301635742188,2.248394012451172
3434,gnikpeea-1,immune,16.703096389770508,440.8548278808594,1.2594349384307861
3435,gnimaock-1,immune,12.2587890625,465.56884765625,1.297724723815918
3436,gninfnif-1,immune,6.377090930938721,459.7528381347656,0.7373305559158325
3437,gnjblinn-1,immune,5.52971076965332,450.2315368652344,1.4957225322723389
3439,gnjfjajp-1,fibroblast,51.48728942871094,431.7500305175781,1.7616147994995117
3440,gnjgidgm-1,immune,57.8284912109375,443.9865417480469,2.322028398513794
3441,gnjicdgc-1,fibroblast,36.026206970214844,452.54144287109375,0.0
3442,gnjodcac-1,immune,46.75168991088867,440.2290344238281,1.8036248683929443
3443,gnkdedck-1,immune,32.64551544189453,436.2407836914063,3.2389132976531982
3444,gnkmkfke-1,fibroblast,36.870384216308594,418.2694396972656,2.5827975273132324
3445,gnldaikf-1,fibroblast,48.86381912231445,422.48779296875,1.9726579189300537
3446,gnmkjfha-1,fibroblast,22.48391532897949,417.9132385253906,4.234102010726929
3447,gnmmjdkd-1,fibroblast,53.95568084716797,387.7640686035156,2.243736505508423
3449,gnneojek-1,epithelial,42.09917068481445,397.976318359375,0.4000852704048157
3452,gnoibpoo-1,epithelial,28.250545501708984,378.7290649414063,0.0
3455,gnpgcnmo-1,fibroblast,189.8230743408203,265.9507141113281,2.645901679992676
3456,goabbefm-1,fibroblast,208.7266998291016,282.6012878417969,3.6589452028274536
3457,goaedpma-1,fibroblast,192.9692230224609,305.0758056640625,2.6060631275177
3458,goaneclm-1,fibroblast,197.73284912109372,295.45233154296875,2.3928513526916504
3459,goaokoee-1,fibroblast,199.89190673828125,286.31591796875,3.7225931882858276
3460,gobacjbl-1,fibroblast,162.83853149414062,405.14111328125,2.7793080806732178
3461,goccodam-1,fibroblast,181.5045623779297,384.4173583984375,5.187018871307373
3462,goclchbj-1,fibroblast,168.3014678955078,403.7416076660156,2.8762245178222656
3463,gocpcblk-1,fibroblast,166.6644287109375,391.02239990234375,4.842056751251221
3464,godckheo-1,fibroblast,189.3316650390625,365.8262939453125,4.7443976402282715
3466,godgacdm-1,fibroblast,196.75521850585935,425.1604614257813,2.8996212482452393
3467,goecfdnm-1,fibroblast,202.994873046875,451.3601684570313,2.8299384117126465
3469,gofcoeie-1,fibroblast,204.43296813964844,563.4521484375,4.048822283744812
3470,gofpopfp-1,fibroblast,197.65017700195312,564.8209838867188,1.9232754707336426
3471,gogoppbd-1,fibroblast,207.818115234375,505.81298828125,0.833896279335022
3472,gohcabjn-1,fibroblast,167.20643615722656,544.4146728515625,2.272510051727295
3473,gohemkfo-1,fibroblast,195.5458221435547,529.1461181640625,2.7272210121154785
3474,gojbmdic-1,fibroblast,207.72998046875,524.83203125,2.2212095260620117
3475,gojimiam-1,fibroblast,173.26058959960938,416.3179626464844,2.840235710144043
3476,gokbgpdf-1,fibroblast,176.13571166992188,427.9856567382813,2.739382743835449
3477,gokpejjf-1,fibroblast,186.61398315429688,429.9615173339844,3.4553748965263367
3478,gomadmfb-1,fibroblast,160.634521484375,430.7688598632813,3.2102892100811005
3479,gommlajo-1,fibroblast,175.68026733398438,523.5903930664062,2.5896403789520264
3480,gonajmpi-1,fibroblast,155.89117431640625,564.5134887695312,2.661785364151001
3481,gonlpncm-1,fibroblast,163.2777862548828,560.7950439453125,2.668660879135132
3482,gonpnblg-1,fibroblast,182.26834106445312,530.1588134765625,2.584308385848999
3483,goodagge-1,fibroblast,187.6018829345703,464.5921936035156,2.495408535003662
3484,goonglbg-1,fibroblast,165.82666015625,501.7818298339844,2.706763982772827
3485,gopejbgg-1,fibroblast,163.23846435546875,465.7337646484375,4.7109479904174805
3486,gopffdne-1,fibroblast,174.13229370117188,444.8229675292969,4.726901292800903
3487,gopfpakd-1,fibroblast,180.2599334716797,457.6712036132813,4.19649600982666
3488,gopgaibm-1,fibroblast,168.27439880371094,455.9970397949219,4.669708251953125
3489,gpallanl-1,fibroblast,58.910430908203125,360.3603515625,2.3475120067596436
3490,gpbchidj-1,immune,69.83921813964844,402.18994140625,0.7810190916061401
3491,gpcjnjhk-1,fibroblast,68.06354522705078,388.4071350097656,0.0
3492,gpcmcifm-1,fibroblast,76.40850830078125,386.6886291503906,5.2590413093566895
3493,gpdhikla-1,immune,75.91238403320312,400.1336059570313,0.526741623878479
3494,gpdhldfl-1,fibroblast,84.63694763183594,398.7829895019531,2.674772024154663
3496,gpekdmoh-1,fibroblast,81.57691955566406,412.2518310546875,4.53652286529541
3497,gpfffonj-1,fibroblast,84.33567810058594,421.20648193359375,3.9752087593078613
3498,gpffibdm-1,fibroblast,71.99909210205078,413.0140075683594,4.9916417598724365
3499,gpfgighn-1,fibroblast,78.55894470214844,370.8721923828125,4.623959541320801
3500,gphpfkcb-1,fibroblast,73.35527801513672,359.6888427734375,2.384939193725586
3501,gpiebbcj-1,fibroblast,106.21891784667967,399.6417846679688,2.472140312194824
3502,gpijojfi-1,fibroblast,120.25817108154295,396.16650390625,4.954660177230835
3503,gpjgpgfg-1,fibroblast,118.81175994873048,405.9493713378906,3.2280962467193604
3504,gpjnaihe-1,fibroblast,116.4101104736328,386.3926696777344,3.164521813392639
3505,gpjnpidd-1,fibroblast,130.81105041503906,419.19342041015625,4.208959460258484
3507,gpldmmed-1,fibroblast,129.21946716308594,437.1658020019531,4.562095403671265
3508,gpmieakl-1,immune,117.59695434570312,451.3840026855469,0.6315006017684937
3509,gpodjkdg-1,fibroblast,124.17312622070312,451.7539367675781,3.4752895832061768
3510,gpogcnkk-1,fibroblast,111.01671600341795,447.18743896484375,2.3369174003601074
3511,gpphhnkg-1,fibroblast,118.31849670410156,441.6604614257813,4.439334154129028
3512,gpplckkp-1,fibroblast,89.08908081054688,430.354736328125,2.706763982772827
3513,gppmfchh-1,fibroblast,92.0916976928711,418.7365417480469,2.970327377319336
3514,haakcopm-1,fibroblast,92.87107849121094,447.007568359375,2.013864040374756
3515,haamoico-1,fibroblast,120.71895599365234,412.5130310058594,2.434868335723877
3516,habccnnb-1,fibroblast,124.449462890625,422.1270446777344,4.397831201553345
3517,hablhfig-1,fibroblast,122.71465301513672,429.05902099609375,2.4498844146728516
3518,hacehkgj-1,fibroblast,134.23179626464844,405.9816589355469,2.6173863410949707
3519,hacneahf-1,fibroblast,136.74496459960938,425.0296325683594,2.755908489227295
3520,hadhanik-1,fibroblast,139.33213806152344,409.7979431152344,2.9527204036712646
3521,hadmhbjh-1,fibroblast,137.56314086914062,349.2867126464844,2.4156627655029297
3522,haehmkfc-1,fibroblast,135.1938018798828,389.69677734375,2.953007400035858
3524,hafdopfg-1,fibroblast,140.80422973632812,359.399169921875,2.9196081161499023
3525,hafpdbno-1,immune,149.0658416748047,444.4915466308594,0.6523397564888
3526,hafpdiai-1,immune,151.30538940429688,454.1799621582031,0.5090240240097046
3527,hagalpie-1,fibroblast,149.8384246826172,427.7167663574219,4.636906862258911
3529,hagfmgcb-1,fibroblast,159.86740112304688,439.76123046875,2.5790443420410156
3530,hagjcgio-1,fibroblast,151.05136108398438,436.10888671875,2.580791473388672
3531,haglmfgd-1,fibroblast,148.57760620117188,396.9186096191406,0.6567858457565308
3532,hagnhedj-1,fibroblast,154.76571655273438,355.186767578125,2.907844066619873
3533,haidjkid-1,fibroblast,156.8033905029297,371.1471252441406,2.781890869140625
3534,haifplaf-1,fibroblast,155.79104614257812,409.8750915527344,1.9232754707336426
3535,haihkpak-1,fibroblast,144.0510711669922,410.2498779296875,3.245092034339905
3536,hajbhbmf-1,immune,136.58023071289062,437.3204956054688,0.5827196836471558
3537,hajldkkd-1,fibroblast,144.22337341308594,435.5810852050781,2.6596603393554688
3538,hakejdhb-1,immune,143.05931091308594,442.7718200683594,1.2046066522598267
3539,hakgbjml-1,fibroblast,141.66371154785156,422.2181091308594,3.4082345962524414
3540,hakhjeib-1,fibroblast,107.17433166503906,77.43546295166016,6.20018196105957
3542,haloldff-1,fibroblast,104.34578704833984,85.0654296875,2.3311474323272705
3543,hamagaip-1,fibroblast,96.73004913330078,81.11541748046875,2.6533493995666504
3544,hamgkohh-1,fibroblast,98.09225463867188,96.68905639648438,3.041530132293701
3545,hamnhkpi-1,fibroblast,109.21115112304688,110.51896667480467,2.134594440460205
3546,hankpfgb-1,immune,109.37911224365234,101.8786392211914,1.8388395309448242
3547,hanobdck-1,fibroblast,220.0924224853516,98.00611114501952,2.8086495399475098
3548,hapgnfbn-1,fibroblast,198.21849060058597,100.18431854248048,4.74338960647583
3549,hapkbmof-1,fibroblast,228.73594665527344,85.6662826538086,3.999547004699707
3550,hapngcll-1,fibroblast,227.615234375,102.8520050048828,2.7899646759033203
3552,hbangkgf-1,fibroblast,242.67303466796875,111.42342376708984,2.3369174003601074
3555,hbchidni-1,fibroblast,243.6083984375,82.89981079101562,4.337616682052612
3558,hbdepnfn-1,fibroblast,277.64532470703125,88.712158203125,2.0261390209198
3559,hbdhhapn-1,fibroblast,257.820068359375,90.73910522460938,2.903996229171753
3560,hbeepjag-1,fibroblast,259.9847717285156,86.06019592285156,0.0
3561,hbehhpcm-1,fibroblast,268.58807373046875,158.56466674804688,2.48166561126709
3562,hbehlnlh-1,immune,260.52984619140625,161.23641967773438,0.0
3564,hbeobnpe-1,fibroblast,269.50439453125,102.34381866455078,2.4203808307647705
3565,hbfboejm-1,epithelial,266.6468505859375,106.25049591064452,0.0
3566,hbjbnmpi-1,fibroblast,260.99951171875,102.8404541015625,0.0
3567,hbjklbgi-1,fibroblast,255.2180328369141,98.31255340576172,3.2097015380859375
3568,hbkhgiho-1,fibroblast,252.2335968017578,161.0298614501953,2.47837495803833
3569,hbkobmdf-1,fibroblast,252.62196350097656,127.64875793457033,2.7414448261260986
3570,hbldjojk-1,epithelial,249.6898956298828,104.55419158935548,0.7078254222869873
3572,hbmecilo-1,epithelial,249.7008209228516,92.60823822021484,0.0
3575,hbolinjp-1,fibroblast,241.17755126953125,121.93793487548828,3.8907768726348877
3576,hbpnkpan-1,epithelial,239.6973114013672,102.84461975097656,0.950546383857727
3577,hcacobai-1,fibroblast,228.0573272705078,172.35317993164062,2.751913547515869
3578,hcblnklc-1,fibroblast,236.32872009277344,198.51022338867188,2.641010046005249
3579,hccadlck-1,fibroblast,237.1611328125,177.426513671875,2.715407609939575
3580,hcecjcch-1,fibroblast,230.60714721679688,163.8501434326172,2.6491951942443848
3581,hcefjkhh-1,fibroblast,225.6641082763672,134.33497619628906,2.3760793209075928
3582,hcenpkmb-1,fibroblast,222.52200317382807,165.73370361328125,4.424798965454102
3583,hcffbkig-1,fibroblast,233.23460388183597,131.4889678955078,1.936159610748291
3584,hcffdjjj-1,fibroblast,203.27291870117188,128.48486328125,2.3973135948181152
3585,hcghemad-1,fibroblast,215.37252807617188,185.7439422607422,5.3204498291015625
3586,hcgogibj-1,fibroblast,218.6516876220703,149.07553100585938,4.092588186264038
3587,hchcodab-1,fibroblast,216.0905303955078,132.36715698242188,2.6825404167175293
3588,hcibdlaa-1,fibroblast,213.12098693847656,145.15570068359375,2.1643242835998535
3592,hcjfhanf-1,epithelial,226.13121032714844,602.7727661132812,0.0
3594,hcjjjaii-1,fibroblast,233.96011352539065,575.6802368164062,0.0
3597,hckdgldn-1,epithelial,224.2789459228516,663.0375366210938,0.0
3598,hckgcbea-1,epithelial,226.9428253173828,677.5878295898438,0.713738203048706
3600,hckmijgh-1,fibroblast,230.9921722412109,666.7909545898438,0.0
3604,hcmjpifo-1,fibroblast,214.5542907714844,718.9172973632812,2.107146739959717
3607,hcojbnjg-1,epithelial,222.2748565673828,620.4854125976562,0.5827196836471558
3608,hconkgel-1,fibroblast,227.99920654296875,645.6016845703125,0.38837742805480957
3610,hdabljmf-1,fibroblast,222.40968322753903,656.4447631835938,2.9196081161499023
3611,hdbalmgc-1,fibroblast,219.5511779785156,650.0798950195312,2.553687572479248
3612,hdbfoofn-1,epithelial,231.2433013916016,638.9501342773438,0.0
3613,hdcbopfk-1,fibroblast,219.49891662597656,635.366455078125,1.7849533557891846
3614,hdcmagip-1,fibroblast,267.0718078613281,199.67295837402344,2.7672629952430725
3615,hdcmbfbi-1,fibroblast,284.0791931152344,205.9730682373047,2.719168186187744
3616,hdcmhhdp-1,immune,284.1307983398437,193.31216430664065,2.05849552154541
3617,hdcmmmci-1,fibroblast,298.6803894042969,191.7150421142578,2.281550645828247
3618,hdeplmjh-1,immune,293.03466796875,207.02198791503903,1.2486340999603271
3620,hdfgphnm-1,fibroblast,228.31463623046875,380.9710998535156,2.6060631275177
3621,hdfjnkea-1,fibroblast,229.1396484375,485.8166198730469,2.5086891651153564
3623,hdgbbfah-1,fibroblast,232.5001678466797,440.12835693359375,4.139291048049927
3624,hdggmkfp-1,fibroblast,233.7382354736328,407.4316711425781,2.567016839981079
3625,hdgjmoho-1,fibroblast,233.7535095214844,538.5390625,2.3797478675842285
3626,hdgmfagd-1,epithelial,248.30026245117188,542.6058959960938,1.8248831033706665
3627,hdhjioip-1,fibroblast,233.57115173339844,547.3244018554688,2.685914993286133
3628,hdhnegbd-1,fibroblast,224.7439727783203,539.8382568359375,3.832704782485962
3629,hdiigbbb-1,fibroblast,223.4100646972656,523.8487548828125,2.5391898155212402
3630,hdjdhfjg-1,fibroblast,233.4795379638672,526.2890625,3.0557644963264465
3631,hdjodbmg-1,fibroblast,228.0206298828125,533.114501953125,2.498525857925415
3637,hdnmedml-1,epithelial,313.2909545898437,561.687744140625,0.0
3639,hdpdakle-1,fibroblast,293.18377685546875,252.1114959716797,2.641010046005249
3640,hdpjfmia-1,fibroblast,241.2456970214844,240.703857421875,2.6634936332702637
3641,heacgeeg-1,fibroblast,229.6210174560547,275.6228332519531,2.3701868057250977
3642,hebedlfc-1,immune,245.717041015625,266.9748229980469,0.0
3643,heblcghi-1,fibroblast,251.3732147216797,267.4177551269531,2.3588545322418213
3644,hebmmiec-1,fibroblast,238.1796112060547,329.0295715332031,2.591946840286255
3645,hebppmbp-1,fibroblast,249.67333984375,320.8651428222656,2.88163161277771
3646,heclodji-1,epithelial,226.5157928466797,303.9833374023437,0.0
3647,heddbhad-1,fibroblast,234.78656005859372,304.4869689941406,2.800980806350708
3648,heddenob-1,fibroblast,227.68218994140625,293.8737487792969,4.242983818054199
3649,hedgojig-1,fibroblast,192.85145568847656,75.76620483398438,3.5027674436569214
3650,hedhmcnp-1,fibroblast,201.4711151123047,83.62565612792969,4.174922466278076
3651,heffkhfi-1,immune,132.4010009765625,73.51197052001953,2.0266096591949463
3652,hefkhdbb-1,fibroblast,133.6114501953125,116.25845336914062,0.8781694173812866
3653,hegalmij-1,immune,136.78961181640625,105.65528106689452,0.9031273126602173
3656,heijhljk-1,immune,144.47900390625,74.2634048461914,2.437044143676758
3657,heinbckl-1,immune,145.93992614746094,100.4732437133789,0.6090978980064392
3658,hejgbonh-1,immune,149.2742156982422,89.96015167236328,2.159513473510742
3659,hejgpchl-1,fibroblast,160.1237030029297,82.48397064208984,4.391839027404785
3660,hejickic-1,fibroblast,172.96615600585938,471.956298828125,4.032329320907593
3661,hekjbogn-1,fibroblast,175.9757843017578,491.5923461914063,2.6660690307617188
3662,helnibkb-1,fibroblast,205.8871612548828,578.6417236328125,2.761974811553955
3664,hembcbhf-1,fibroblast,219.7397918701172,591.4362182617188,2.4900095462799072
3665,hemleehh-1,fibroblast,214.66075134277344,533.4559936523438,3.2114545702934265
3666,henejenj-1,fibroblast,222.7467803955078,563.9254760742188,2.199855327606201
3667,henhbglk-1,fibroblast,217.7317352294922,555.1944580078125,2.641010046005249
3668,henkknfj-1,fibroblast,211.15318298339844,544.189453125,2.5576415061950684
3669,heognomc-1,fibroblast,213.8056640625,508.6921081542969,2.6173863410949707
3670,heohbpbo-1,fibroblast,199.3827362060547,504.0948791503906,2.8324317932128906
3671,heopacoe-1,fibroblast,221.85638427734372,505.2610473632813,2.2452831268310547
3673,hepfoneg-1,fibroblast,188.99696350097656,198.21694946289065,5.591766357421875
3674,hepkgich-1,fibroblast,183.32986450195312,198.35415649414065,0.8394845724105835
3675,hfapmhil-1,fibroblast,223.2688751220703,299.3878479003906,3.192169427871704
3676,hfcfemjb-1,fibroblast,216.5048065185547,435.7244567871094,3.5230589509010315
3677,hfcjfenl-1,fibroblast,222.57351684570312,420.8674011230469,2.625821113586426
3678,hfdjnfjh-1,fibroblast,212.2884979248047,365.1204833984375,2.8337221145629883
3679,hfebfegl-1,fibroblast,221.09841918945312,312.6868896484375,2.6361758708953857
3680,hfejeldk-1,fibroblast,211.5959625244141,242.69134521484372,2.5636441707611084
3681,hffpklaa-1,fibroblast,214.997314453125,273.47320556640625,2.3487064838409424
3682,hfhgcaok-1,fibroblast,221.4964904785156,243.3394775390625,2.8337221145629883
3683,hfiendlc-1,fibroblast,205.0310211181641,210.97259521484372,1.007666826248169
3685,hfingipg-1,fibroblast,142.90924072265625,192.20318603515625,2.6220040321350098
3686,hfjbkddo-1,fibroblast,148.73435974121094,193.3130645751953,0.9497653245925903
3687,hfkmnkhf-1,fibroblast,152.1860809326172,253.8880157470703,3.4374473094940186
3688,hfkonlbd-1,immune,157.63890075683594,261.97857666015625,2.329763412475586
3689,hflapaoc-1,fibroblast,153.34510803222656,236.9540252685547,2.9994987845420837
3690,hfmfljki-1,fibroblast,161.0440216064453,530.0452270507812,2.689697265625
3691,hfmhokja-1,immune,164.2816925048828,247.11444091796875,0.0
3692,hfmopjhf-1,fibroblast,176.11399841308594,247.7904357910156,2.3797478675842285
3693,hfnebdjh-1,fibroblast,172.03216552734375,263.5531005859375,2.7083511352539062
3694,hfngomoe-1,immune,147.44241333007812,240.8387756347656,2.2292494773864746
3695,hfnnbckg-1,fibroblast,146.18971252441406,569.3218383789062,2.864572525024414
3696,hfoghdfk-1,fibroblast,131.8483123779297,575.5419311523438,3.408571720123291
3698,hgagllan-1,immune,142.71661376953125,115.39978790283205,2.3533034324645996
3699,hgahfdjk-1,fibroblast,131.60263061523438,147.168701171875,0.7416276335716248
3700,hgaocelc-1,fibroblast,151.06056213378906,140.56582641601562,2.5636439323425293
3701,hgbcieip-1,fibroblast,150.0657501220703,126.86919403076172,3.1111843585968018
3702,hgcbmpko-1,fibroblast,222.9112548828125,190.5872802734375,2.4498844146728516
3703,hgccpbkj-1,epithelial,191.37063598632807,181.8125915527344,2.0808539390563965
3704,hgdobahk-1,fibroblast,143.28599548339844,157.43321228027344,2.4203808307647705
3705,hgehldpl-1,fibroblast,154.35023498535156,172.7538604736328,4.810050010681152
3706,hgelkcli-1,fibroblast,136.03822326660156,158.4057159423828,3.8045294284820557
3707,hgenfjnc-1,fibroblast,170.75262451171875,163.6366729736328,4.524456977844238
3708,hgfegfdg-1,fibroblast,185.84930419921875,153.89862060546875,2.1678478717803955
3709,hgfinfna-1,fibroblast,178.60409545898438,176.98648071289062,3.450603723526001
3710,hggbjlnp-1,fibroblast,177.9615936279297,168.2264862060547,2.406385898590088
3711,hggbpkmg-1,fibroblast,196.27435302734372,151.60684204101562,4.826843500137329
3712,hgghcgli-1,fibroblast,190.5098419189453,140.4315185546875,3.468513607978821
3713,hggpgmlj-1,fibroblast,164.6465301513672,108.13982391357422,2.592332363128662
3714,hghjhdmo-1,fibroblast,170.4429473876953,146.33444213867188,2.5963234901428223
3715,hghpfnce-1,fibroblast,173.93994140625,16.973674774169922,2.427561044692993
3716,hginhchn-1,fibroblast,210.11851501464844,9.184688568115234,2.9156494140625
3717,hgjpbcjf-1,fibroblast,175.94627380371094,7.51442289352417,2.715407609939575
3718,hgkabgkj-1,fibroblast,208.6884613037109,47.0861701965332,2.510161876678467
3719,hgkclneb-1,epithelial,224.7813262939453,19.45290756225586,0.950546383857727
3720,hgkjmcmb-1,fibroblast,223.5296936035156,25.38091468811035,0.7462905049324036
3721,hgkmocbl-1,fibroblast,217.50352478027344,29.036062240600582,2.6173863410949707
3722,hglbncaf-1,fibroblast,213.73851013183597,26.815128326416016,2.907844066619873
3723,hglllchn-1,fibroblast,176.94540405273438,45.73846054077149,2.4448180198669434
3724,hglmjaap-1,fibroblast,191.6521453857422,52.513973236083984,4.668104648590088
3725,hgmmlpjm-1,fibroblast,191.1601104736328,37.70058822631836,5.375732660293579
3726,hgnademh-1,fibroblast,179.52200317382812,57.051116943359375,2.5738468170166016
3727,hgnfcbah-1,fibroblast,130.78604125976562,48.88323593139648,2.970327377319336
3728,hgnfidin-1,fibroblast,146.30653381347656,57.4915885925293,2.5152084827423096
3729,hgnhmpjk-1,fibroblast,164.27685546875,36.6026725769043,2.852224826812744
3730,hgnilaih-1,fibroblast,151.81399536132812,29.40625762939453,2.7363085746765137
3731,hgocpife-1,fibroblast,170.2771759033203,70.38098907470703,2.998229503631592
3732,hgpiohab-1,fibroblast,172.12437438964844,62.07611846923828,2.827215313911438
3733,hhblcemo-1,fibroblast,133.96168518066406,8.724884033203125,2.7262234687805176
3734,hhcfnikk-1,fibroblast,156.52976989746094,13.4511079788208,2.7363085746765137
3735,hhchboif-1,fibroblast,154.73768615722656,6.918190002441406,2.239130973815918
3736,hhdidgch-1,fibroblast,167.92840576171875,8.382170677185059,2.983379364013672
3738,hhepobke-1,immune,12.412373542785645,576.1530151367188,1.3470592498779297
3739,hhfdelap-1,fibroblast,19.93305969238281,594.1859130859375,2.5221359729766846
3740,hhfnkcgl-1,fibroblast,20.599327087402344,582.4765014648438,2.078622579574585
3742,hhhncmfi-1,immune,12.456759452819824,600.5941772460938,0.8231713771820068
3743,hhhnogla-1,immune,56.13921737670898,634.9963989257812,2.061237335205078
3744,hhiheflo-1,immune,56.42019271850586,653.4556884765625,2.450294017791748
3745,hhipcpin-1,immune,57.08407211303711,647.414306640625,1.3420857191085815
3746,hhkaomgb-1,fibroblast,44.1936149597168,640.0093383789062,2.465468645095825
3747,hhljlekl-1,immune,57.61711120605469,612.2538452148438,1.2486340999603271
3749,hhlkoood-1,fibroblast,55.54463958740234,618.037109375,2.846853256225586
3750,hhlmiccc-1,immune,29.702301025390625,612.1698608398438,1.3450593948364258
3751,hhlofhmn-1,fibroblast,34.34339141845703,637.6339721679688,2.3973135948181152
3752,hhlplhic-1,fibroblast,32.703338623046875,625.4981079101562,2.684948205947876
3753,hhmacmbm-1,fibroblast,42.08981323242188,616.7039184570312,1.9145045280456543
3754,hhmbenmk-1,immune,38.59120941162109,609.7784423828125,0.7393367886543274
3755,hhmfcaeb-1,fibroblast,42.40346908569336,579.5721435546875,4.0437726974487305
3756,hhmholfp-1,fibroblast,54.83858871459961,596.8075561523438,2.204038143157959
3757,hhmkdjaf-1,immune,34.91605758666992,599.2146606445312,1.0719681978225708
3758,hhnbohjn-1,fibroblast,33.1594352722168,586.5740356445312,4.853000640869141
3759,hhnffike-1,immune,122.86221313476562,635.8615112304688,2.132038116455078
3760,hhoiobeo-1,fibroblast,124.5964126586914,666.555908203125,2.2270965576171875
3761,hhojmbcc-1,immune,126.43970489501952,640.844482421875,3.1237144470214844
3763,hhpgjmbi-1,fibroblast,93.76306915283205,653.4883422851562,3.2028545141220093
3764,hhpmlaeh-1,fibroblast,102.61998748779295,646.6244506835938,2.6893177032470703
3765,hhpoddkc-1,immune,105.1731414794922,634.9566650390625,2.0217394828796387
3766,hiamndeo-1,fibroblast,122.07343292236328,606.2342529296875,5.083083152770996
3767,hiaolaol-1,immune,120.41372680664062,626.882080078125,0.9685263633728027
3768,hibaclha-1,fibroblast,132.52430725097656,629.8555297851562,4.298673629760742
3769,hibdhocp-1,fibroblast,75.05609130859375,610.91455078125,4.700016498565674
3771,hicabpam-1,immune,69.79508209228516,613.9844970703125,1.35727858543396
3772,hicgnoab-1,immune,65.89797973632812,610.5509033203125,2.309842348098755
3773,hicpomji-1,fibroblast,74.54850769042969,603.400634765625,2.5116395950317383
3774,hidkchhn-1,immune,66.71755981445312,600.7884521484375,2.0179057121276855
3775,hielikkm-1,fibroblast,89.23474884033203,601.2168579101562,1.7845609188079834
3777,hiflfpjn-1,immune,76.26217651367188,591.3444213867188,1.67912757396698
3778,hihcmhmi-1,immune,80.79354095458984,594.836669921875,0.0
3780,hiimipki-1,immune,69.95066833496094,581.8761596679688,1.3234573602676392
3781,hikbmcoi-1,immune,96.3823471069336,590.0797729492188,0.8940800428390503
3782,hikpiobi-1,immune,83.8026123046875,586.8024291992188,0.43290549516677856
3783,himmhobo-1,immune,91.1031265258789,577.8471069335938,0.7343209981918335
3784,himpimak-1,immune,9.6631441116333,651.2740478515625,0.8354911208152771
3785,hineiaoj-1,fibroblast,8.904278755187988,666.998779296875,2.844193458557129
3786,hingljdb-1,fibroblast,21.31924819946289,664.923583984375,3.468812584877014
3788,hinkohmf-1,fibroblast,57.71174621582031,679.8677368164062,2.685914993286133
3790,hjajmnbo-1,epithelial,41.48980331420898,686.8543090820312,1.7059047222137451
3791,hjbbkabi-1,immune,40.2001838684082,660.315673828125,1.9997777938842773
3792,hjbobgfa-1,fibroblast,36.074649810791016,674.019287109375,4.159287214279175
3793,hjcbnalj-1,epithelial,31.85484504699707,740.3876953125,0.0
3794,hjcnlhkp-1,epithelial,42.39681625366211,740.1829833984375,1.475892186164856
3795,hjdbpfih-1,fibroblast,33.45828628540039,735.681884765625,0.0
3796,hjdpakpe-1,fibroblast,59.28153610229492,739.3311767578125,0.6315006017684937
3797,hjeccmof-1,immune,60.32902908325195,700.3792114257812,0.9971238374710083
3799,hjeijlpp-1,fibroblast,59.43537902832031,710.6753540039062,2.362901449203491
3801,hjfabjik-1,epithelial,5.859116554260254,714.6748046875,0.0
3804,hjfmpcbe-1,fibroblast,23.7573184967041,739.490478515625,2.5738468170166016
3807,hjgbgdhl-1,fibroblast,21.489198684692383,718.4754638671875,2.3547301292419434
3809,hjhimplh-1,fibroblast,13.555109977722168,722.1177978515625,2.5738468170166016
3810,hjjjcelb-1,immune,96.98469543457033,714.5743408203125,2.0987253189086914
3811,hjjlejni-1,immune,101.08849334716795,735.0723876953125,0.0
3812,hjldfbep-1,fibroblast,107.43093872070312,654.8594970703125,2.9121522903442383
3813,hjleidjh-1,immune,96.71322631835938,723.7166748046875,1.3420857191085815
3814,hjmcghmk-1,fibroblast,113.30510711669922,665.3338623046875,0.5449507236480713
3816,hjmiojih-1,immune,66.98979949951172,737.6004638671875,1.9647059440612793
3817,hjmjmeie-1,immune,64.82176971435547,732.1091918945312,1.3495793342590332
3818,hjnfibeo-1,immune,75.66636657714844,720.8197021484375,0.6354957222938538
3819,hjnkkoik-1,fibroblast,124.34538269042967,698.03857421875,2.567985773086548
3820,hjnlhjnd-1,fibroblast,118.32928466796876,733.3126220703125,2.5161056518554688
3821,hjodaebn-1,fibroblast,124.99503326416016,738.2799682617188,0.9685263633728027
3822,hjoijofh-1,fibroblast,119.1894073486328,711.4869384765625,4.17741847038269
3823,hjoioiob-1,fibroblast,74.75115966796875,661.35693359375,2.0217394828796387
3824,hjpgkdpd-1,immune,73.66873168945312,674.0657958984375,1.1956968307495117
3825,hkabpcoe-1,fibroblast,66.85993194580078,670.8936767578125,2.0752410888671875
3826,hkakgabk-1,immune,84.701904296875,664.1873779296875,1.0524888038635254
3827,hkakkpbk-1,fibroblast,106.50300598144533,681.0213012695312,4.513894319534302
3828,hkbjclpm-1,fibroblast,109.28328704833984,739.5145874023438,3.9125983715057373
3829,hkblecip-1,fibroblast,111.57624816894533,712.751953125,2.239130973815918
3830,hkcaadla-1,immune,100.12110137939452,692.2068481445312,1.6730623245239258
3831,hkdbpcpi-1,fibroblast,143.97174072265625,684.7598876953125,0.0
3832,hkdpapjp-1,immune,165.84320068359375,691.2139282226562,0.942602276802063
3833,hkdpicii-1,immune,157.7021484375,688.5674438476562,2.087439775466919
3834,hkfnklnc-1,fibroblast,150.893798828125,686.094970703125,3.741121768951416
3835,hkgpbbkj-1,fibroblast,149.6557159423828,723.5286865234375,0.4889249801635742
3836,hkhpfcab-1,fibroblast,162.51080322265625,736.2033081054688,1.133102536201477
3838,hkjcmfbd-1,immune,152.2960968017578,706.3924560546875,2.070333242416382
3840,hkjkmgfk-1,immune,152.64833068847656,734.4492797851562,1.1956968307495117
3841,hkjknhco-1,fibroblast,66.86212921142578,720.6436767578125,2.8889529705047607
3846,hklkekhd-1,fibroblast,138.23382568359375,699.6709594726562,2.685914993286133
3847,hklmkcdi-1,fibroblast,138.43948364257812,689.2939453125,2.6349759101867676
3848,hknlifbf-1,fibroblast,134.60304260253906,678.3861694335938,2.706763982772827
3850,hkoeienk-1,fibroblast,94.41112518310548,697.5660400390625,2.5251846313476562
3851,hkokkigi-1,immune,170.3466033935547,701.139892578125,1.6957926750183105
3852,hkpecjpn-1,fibroblast,196.71067810058597,693.0180053710938,5.74823522567749
3854,hlbaaidi-1,epithelial,211.35745239257807,684.5261840820312,1.243385910987854
3856,hlbmhffa-1,fibroblast,215.891357421875,697.100341796875,0.6056002974510193
3857,hlcgfndl-1,fibroblast,210.28990173339844,739.27294921875,2.751913547515869
3859,hldkhhbl-1,epithelial,212.29132080078125,709.67236328125,0.0
3860,hlghgpbl-1,immune,176.22438049316406,711.8811645507812,0.9390890598297119
3861,hlglinmk-1,fibroblast,167.2732696533203,741.942138671875,2.3311474323272705
3862,hlgopioh-1,fibroblast,177.22267150878906,738.199462890625,2.6411086320877075
3863,hlhcobob-1,fibroblast,189.79348754882807,709.0703735351562,0.0
3864,hlhpdfik-1,fibroblast,188.66213989257807,741.3130493164062,2.4498844146728516
3865,hliaagap-1,immune,177.5614013671875,724.659912109375,0.7567876577377319
3866,hljbdpfn-1,epithelial,189.4105987548828,645.2055053710938,0.5386907458305359
3867,hljlcdpm-1,epithelial,188.1495361328125,623.34375,0.4556555449962616
3868,hljmpamm-1,fibroblast,197.59326171875,625.0486450195312,2.534468412399292
3870,hlkbegmp-1,fibroblast,216.28440856933597,626.9002075195312,0.0
3875,hlnmhbco-1,fibroblast,175.55715942382812,674.1384887695312,1.890791893005371
3876,hlohflhd-1,immune,183.75152587890625,676.8430786132812,1.1474864482879639
3877,hlpdbdjj-1,fibroblast,170.32293701171875,641.6928100585938,2.6060631275177
3878,hmadmnbp-1,fibroblast,168.62481689453125,653.40478515625,2.6836624145507812
3879,hmblmhfj-1,fibroblast,170.92337036132812,624.1251220703125,2.567016839981079
3880,hmcabhpd-1,fibroblast,157.79742431640625,580.1249389648438,2.6601643562316895
3881,hmceiiae-1,fibroblast,150.6888427734375,586.957275390625,3.240102767944336
3882,hmcinddd-1,fibroblast,141.34393310546875,590.3601684570312,2.747394561767578
3883,hmclippb-1,fibroblast,146.61614990234375,581.0994262695312,2.7212719917297363
3884,hmcpmaod-1,fibroblast,193.05221557617188,608.2677001953125,3.7961456775665283
3885,hmdlacnj-1,fibroblast,212.70526123046875,602.388427734375,3.381172001361847
3886,hmdpdnjn-1,fibroblast,185.4720764160156,614.1834106445312,2.4133238792419434
3887,hmgagkco-1,epithelial,210.1177978515625,618.1260375976562,2.380628824234009
3888,hmgdcbip-1,fibroblast,149.46018981933594,604.9031372070312,4.201167583465576
3889,hmgebkoj-1,fibroblast,128.84107971191406,596.2168579101562,3.9480568170547485
3890,hmgkibhi-1,immune,141.68096923828125,612.98291015625,0.0
3891,hmhjeikj-1,fibroblast,133.39739990234375,607.299560546875,4.305587530136108
3892,hmhofgde-1,fibroblast,190.39404296875,580.6116943359375,1.970278263092041
3893,hmjhkklo-1,fibroblast,194.92623901367188,594.4439086914062,1.9026706218719482
3894,hmkocnog-1,fibroblast,183.5306854248047,592.564697265625,4.470178842544556
3895,hmlpkfje-1,fibroblast,163.2588653564453,604.4984741210938,2.2212095260620117
3896,hmmcokhg-1,fibroblast,176.93215942382812,606.644775390625,2.912705183029175
3897,hmmdddjm-1,fibroblast,168.58897399902344,588.0927734375,3.4932996034622192
3899,hmmenipd-1,fibroblast,155.2573699951172,622.3471069335938,2.0513973236083984
3900,hmmnijnh-1,fibroblast,136.39015197753906,619.7467651367188,3.0867483615875244
3901,hmngchfc-1,immune,107.79147338867188,619.75146484375,0.0
3902,hmoclhpc-1,immune,136.68618774414062,659.1985473632812,0.5842684507369995
3903,hmoeoklm-1,fibroblast,157.51913452148438,671.220703125,4.2114328145980835
3904,hmopclie-1,fibroblast,137.771484375,668.7455444335938,2.260274887084961
3905,hmpkbgoe-1,fibroblast,93.77629089355467,640.485107421875,2.0877060890197754
3907,hnalkgkp-1,fibroblast,80.9717025756836,644.8776245117188,5.11893630027771
3908,hnanlmkb-1,fibroblast,155.18170166015625,630.7049560546875,1.9707002639770508
3909,hnbdgcni-1,fibroblast,146.8418426513672,651.4518432617188,2.5977699756622314
3911,hnciblnk-1,fibroblast,94.85074615478516,613.6676635742188,2.2981314659118652
3912,hncjipli-1,immune,76.925048828125,632.6738891601562,1.026602864265442
3913,hndbdofj-1,immune,94.08122253417967,620.9100952148438,1.0290052890777588
3914,hndfddje-1,fibroblast,65.82173919677734,106.61821746826172,2.3507044315338135
3915,hndjjenl-1,fibroblast,64.93441009521484,116.99129486083984,2.7212719917297363
3916,hndjjmbi-1,fibroblast,75.24923706054688,116.43592834472656,2.718329429626465
3917,hnelplbc-1,fibroblast,79.74075317382812,111.80633544921876,2.257871150970459
3918,hnempgdj-1,fibroblast,66.8232650756836,125.8595199584961,2.6673642992973328
3919,hnfagfbk-1,immune,85.5066909790039,189.47010803222656,3.2885348796844482
3920,hngdgnoi-1,immune,79.39380645751953,183.1104736328125,2.9973537921905518
3921,hngjpenb-1,fibroblast,79.27005004882812,177.5472412109375,2.257871150970459
3922,hngphcgo-1,immune,83.51406860351562,135.36581420898438,2.3688361644744873
3923,hnhnbaih-1,epithelial,99.14501190185548,117.39656829833984,0.0
3924,hninakkk-1,fibroblast,105.94554901123048,125.97996520996094,2.277508020401001
3925,hnjbdmfc-1,fibroblast,97.03743743896484,116.4250259399414,2.257871150970459
3927,hnjclnlp-1,fibroblast,79.05706024169922,84.36429595947266,2.3547301292419434
3928,hnjffgnp-1,immune,112.75824737548828,94.78509521484376,2.476832389831543
3929,hnjmbbhl-1,immune,78.82904052734375,100.38804626464844,0.0
3930,hnjpnfmj-1,immune,71.7319564819336,94.2490234375,1.154965877532959
3931,hnlmgbga-1,immune,86.30248260498047,92.35166931152344,0.912480890750885
3933,hnnpcaap-1,endothelial,113.79755401611328,229.8966522216797,0.6512436866760254
3934,hnnphjno-1,fibroblast,116.9385986328125,208.19906616210935,2.5596323013305664
3935,hnobdnnk-1,fibroblast,122.79841613769533,201.71153259277344,2.292877674102783
3936,hnokiojo-1,fibroblast,200.76119995117188,220.82916259765625,1.0490102767944336
3937,hnpijkoa-1,fibroblast,195.1033172607422,239.82586669921875,2.6508517265319824
3938,hoacmkja-1,fibroblast,176.91151428222656,231.7472686767578,2.141753911972046
3939,hobcimkp-1,fibroblast,192.4680328369141,225.53819274902344,2.960174560546875
3940,hobmbhoh-1,fibroblast,184.53216552734372,222.76641845703125,3.062009334564209
3941,hoddcfac-1,fibroblast,207.39356994628903,173.33470153808594,3.1320159435272217
3942,hoeipclb-1,fibroblast,171.0723419189453,217.0160675048828,2.485816478729248
3943,hofgcofo-1,fibroblast,172.66354370117188,197.0324859619141,2.534468412399292
3946,hohidnna-1,fibroblast,106.09378814697266,235.792724609375,2.204038143157959
3947,hohimggf-1,fibroblast,104.93693542480467,212.93734741210935,0.6806589961051941
3948,hohjfjnn-1,fibroblast,99.58765411376952,228.7010498046875,3.7069493532180786
3949,hohmdjoa-1,fibroblast,128.62237548828125,206.9387664794922,2.852224826812744
3950,hohmeaed-1,fibroblast,161.0843048095703,207.02264404296875,2.928916096687317
3952,hoigaocp-1,fibroblast,142.63119506835938,209.0047607421875,2.1564598083496094
3954,hojbljoj-1,fibroblast,16.83879852294922,184.5597686767578,2.685914993286133
3955,hojkcona-1,fibroblast,10.900842666625977,174.6909637451172,2.2954959869384766
3956,hokcomde-1,fibroblast,24.464460372924805,170.67308044433594,2.4872095584869385
3957,hokmcdab-1,fibroblast,30.44701766967773,220.83778381347656,2.701317071914673
3958,hokoddhd-1,fibroblast,31.90793228149414,229.80015563964844,2.401824951171875
3959,holhahhm-1,fibroblast,40.721805572509766,215.50677490234372,2.8957228660583496
3960,hollllck-1,epithelial,30.80414581298828,210.5530242919922,0.8180195093154907
3961,honjihjg-1,fibroblast,11.32774543762207,221.95343017578125,2.2675721645355225
3962,hoojglbl-1,immune,5.628566741943359,203.56805419921875,0.0
3963,hooogemn-1,fibroblast,61.63818740844727,187.03677368164065,2.840235710144043
3964,hopdnnff-1,fibroblast,49.54010391235352,225.98724365234372,2.8327293395996094
3965,hpahpoba-1,fibroblast,57.646461486816406,222.09613037109372,2.540775775909424
3966,hpaomfbj-1,fibroblast,79.9666748046875,199.4244842529297,2.526498317718506
3967,hpbaclbj-1,fibroblast,74.93750762939453,225.7748565673828,2.442307949066162
3968,hpbbajbd-1,fibroblast,60.61311721801758,200.1794586181641,2.8558449745178223
3969,hpbipgbe-1,fibroblast,118.0676727294922,108.33458709716795,2.692748546600342
3970,hpcgfjgc-1,fibroblast,123.2224578857422,102.71878051757812,4.338164806365967
3972,hpdfmmdd-1,fibroblast,119.97081756591795,125.3180923461914,3.903889775276184
3974,hpdpjhad-1,fibroblast,111.75784301757812,178.066162109375,2.248394012451172
3975,hpejfheb-1,immune,99.3492660522461,186.7054901123047,0.8394845724105835
3976,hpfmbcln-1,fibroblast,113.35227966308594,187.6358795166016,2.5161056518554688
3977,hpgfmfih-1,immune,123.22406005859376,136.72235107421875,0.8940800428390503
3978,hpggfgml-1,fibroblast,109.90692901611328,165.8857421875,2.543966054916382
3979,hpgihonl-1,fibroblast,102.759765625,146.67526245117188,2.8278889656066895
3980,hpgjblkh-1,immune,121.96261596679688,148.5778350830078,1.8234055042266846
3981,hpgjelip-1,fibroblast,103.68021392822266,138.55416870117188,3.913062572479248
3982,hpgmghdo-1,fibroblast,117.99524688720705,248.3185272216797,4.619149446487427
3983,hpgplcbi-1,epithelial,105.28844451904295,256.2277526855469,0.7609782218933105
3984,hpgpnnje-1,fibroblast,175.7083282470703,286.9644775390625,2.0485124588012695
3985,hphhfojd-1,fibroblast,166.8400421142578,300.3067932128906,2.6609339714050293
3986,hpiiempd-1,fibroblast,127.87339782714844,268.2562866210937,3.7981457710266113
3987,hpipmnce-1,fibroblast,99.10691833496094,299.99591064453125,2.74839448928833
3988,hpippoog-1,immune,121.49573516845705,293.4540100097656,2.0789389610290527
3989,hpjbbpoa-1,fibroblast,111.1180191040039,284.85650634765625,2.4498844146728516
3990,hpjcjmmm-1,immune,120.63304138183594,279.67303466796875,0.0
3991,hpjldkgg-1,fibroblast,180.02783203125,268.40576171875,2.280874013900757
3992,hpkaollh-1,immune,141.5321807861328,269.90850830078125,2.272867202758789
3993,hpkhkphb-1,fibroblast,140.67044067382812,299.6505432128906,2.6660690307617188
3994,hpknhdkp-1,fibroblast,157.14752197265625,277.14404296875,4.082935929298401
3995,hpkocopn-1,fibroblast,149.3979949951172,282.45184326171875,4.724786758422852
3997,hplidoic-1,fibroblast,102.31082916259766,312.8512268066406,2.3198447227478027
3998,hpmnbomo-1,fibroblast,113.4616470336914,327.21905517578125,4.7376673221588135
3999,hpngmiig-1,fibroblast,110.16903686523438,358.52130126953125,3.4486163854599
4000,hpnjkhej-1,epithelial,129.79261779785156,374.3511352539063,0.0
4001,hpnkmkcj-1,fibroblast,121.04510498046876,371.3356323242188,2.113837957382202
4002,hpnnofdb-1,immune,128.9716796875,363.1599426269531,0.526741623878479
4003,hpnopado-1,fibroblast,85.33946990966797,341.5730285644531,3.2487887144088745
4004,hpobmkbh-1,fibroblast,90.15190887451172,372.1295776367188,2.7850120067596436
4005,hpoipfok-1,fibroblast,95.46176147460938,364.3581237792969,2.8673670291900635
4006,hppahcbd-1,fibroblast,100.09590911865234,344.2052307128906,4.231977939605713
4007,hpplbolo-1,fibroblast,94.14197540283205,352.8999328613281,4.2108073234558105
4008,hpplgllh-1,fibroblast,136.94454956054688,310.3144226074219,2.259791374206543
4009,hppmhocn-1,immune,156.5211181640625,314.4286499023437,1.1626511812210083
4010,iabbmiib-1,fibroblast,151.88473510742188,318.228759765625,2.7312352657318115
4011,iabchbpn-1,fibroblast,129.35238647460938,316.2461853027344,1.8129332065582275
4012,iabiganl-1,immune,143.329833984375,306.0693054199219,0.0
4014,iabopemo-1,immune,182.8264617919922,340.33758544921875,1.0360848903656006
4015,iacfcnij-1,fibroblast,162.464599609375,342.5768127441406,2.74839448928833
4016,iadhhcok-1,immune,134.4690704345703,324.2103576660156,2.127450942993164
4017,iaehkenc-1,immune,138.485107421875,331.57177734375,0.8632324934005737
4019,iafmencm-1,fibroblast,81.19245910644531,294.3874816894531,2.5506718158721924
4020,iafmlehl-1,epithelial,54.38869094848633,296.50323486328125,0.0
4021,iageimca-1,fibroblast,56.74501800537109,373.9794921875,2.447977066040039
4023,iahpfgfl-1,immune,49.51380920410156,590.0322875976562,1.294586181640625
4024,iakhhebl-1,immune,57.589115142822266,603.8347778320312,2.047210216522217
4025,ialbijoj-1,fibroblast,61.54690170288086,324.0553894042969,2.243736505508423
4027,ialmbkcf-1,fibroblast,67.19524383544922,332.4357604980469,2.4835054874420166
4028,iamofhmn-1,epithelial,57.42144775390625,334.80926513671875,0.0
4029,iampghfm-1,fibroblast,40.890228271484375,67.21764373779297,2.894904613494873
4030,ianielhi-1,fibroblast,24.622472763061523,95.5791244506836,2.239130973815918
4031,ianlhnem-1,fibroblast,53.04352569580078,94.50299835205078,2.6791932582855225
4032,iaohghcl-1,fibroblast,22.075796127319336,80.61670684814453,5.155761480331421
4033,iapfpfnk-1,fibroblast,21.74996566772461,139.60061645507812,2.7363085746765137
4034,ibbaoeka-1,fibroblast,18.5009765625,152.0247344970703,2.641010046005249
4035,ibcfgehe-1,immune,47.22913360595703,159.3621063232422,0.6858011484146118
4036,ibcfpgdl-1,fibroblast,45.89384841918945,148.07797241210938,2.149040699005127
4037,ibcmlacf-1,immune,40.40304946899414,153.50674438476562,0.5889894366264343
4038,ibcoddml-1,fibroblast,51.656734466552734,134.60011291503906,3.089878261089325
4039,ibdaekjg-1,fibroblast,57.64002990722656,124.36380004882812,5.065945625305176
4040,ibdlnbgk-1,fibroblast,52.40641784667969,129.26551818847656,3.2567301988601685
4041,ibdnagel-1,immune,8.88301944732666,116.93846893310548,1.087899088859558
4043,ibfdomli-1,fibroblast,8.448884963989258,86.49695587158203,2.706763982772827
4044,ibgfgaol-1,fibroblast,12.491743087768556,126.9837875366211,2.860415458679199
4045,ibgknjdi-1,fibroblast,78.18138122558594,8.200451850891113,2.651563882827759
4046,ibgpcchg-1,fibroblast,77.03421783447266,32.974937438964844,2.9794201850891113
4047,ibickeii-1,fibroblast,67.06047821044922,31.954139709472656,2.899838924407959
4048,ibigpdje-1,fibroblast,97.69625854492188,17.102466583251953,2.7287216186523438
4049,ibjfkelf-1,fibroblast,87.71171569824219,25.54928398132324,3.3519487380981445
4050,ibjlclog-1,fibroblast,83.0787582397461,15.1039400100708,5.419683933258057
4051,ibjplgii-1,fibroblast,108.27272033691406,34.37309265136719,2.3457274436950684
4052,ibkbnndh-1,fibroblast,114.22967529296876,77.1085433959961,2.5636439323425293
4053,ibkgfmjl-1,fibroblast,101.63641357421876,69.22501373291016,4.618466854095459
4054,iblbgkkc-1,fibroblast,125.14118194580078,56.013668060302734,2.543966054916382
4055,iblpokhj-1,fibroblast,120.20159149169922,37.42889022827149,2.9948809146881104
4056,ibmcemgl-1,fibroblast,54.074195861816406,66.11518096923828,2.6791932582855225
4057,ibmgkico-1,immune,76.60784912109375,75.86344909667969,0.0
4058,ibnkcnbe-1,fibroblast,87.19328308105469,69.57496643066406,2.8260393142700195
4059,iboffbpi-1,immune,66.75093078613281,88.09243774414062,0.6567858457565308
4060,iboikkpm-1,fibroblast,65.77157592773438,49.9893684387207,3.1757419109344482
4061,ibojlokb-1,fibroblast,68.09395599365234,70.22859954833984,4.809756398200989
4062,ibompmim-1,fibroblast,118.06341552734376,12.425037384033203,3.291371464729309
4063,icaapoca-1,fibroblast,115.5391082763672,21.048460006713867,2.48166561126709
4064,icancgjn-1,fibroblast,127.06659698486328,23.2103271484375,2.893906593322754
4065,icblfdok-1,fibroblast,23.28863906860352,25.360286712646484,5.641082286834717
4066,icceaido-1,fibroblast,48.9464111328125,36.0369758605957,2.4498844146728516
4067,iccipkcg-1,fibroblast,42.13921737670898,36.24584579467773,2.5950422286987305
4068,icdkedge-1,fibroblast,10.069452285766602,34.60874557495117,2.9631943702697754
4069,icejpgei-1,fibroblast,9.396571159362791,22.679576873779297,2.692748546600342
4070,icfaoffb-1,fibroblast,38.89249801635742,40.96238708496094,3.0984511375427246
4071,icffpckb-1,fibroblast,15.040146827697754,54.32601165771485,2.7212719917297363
4072,icffpofg-1,fibroblast,66.26739501953125,41.72748565673828,2.744037389755249
4073,icfjealo-1,fibroblast,59.71090698242188,45.85614776611328,2.685914993286133
4074,icgcilol-1,fibroblast,54.15415954589844,42.01324462890625,4.6147377490997314
4075,icgcnolf-1,fibroblast,44.70859909057617,53.32132339477539,5.034546136856079
4076,ichlknla-1,fibroblast,10.505393028259276,9.42457389831543,2.406385898590088
4078,icibgclp-1,fibroblast,32.611663818359375,11.843096733093262,1.8947129249572754
4079,iciddfgl-1,fibroblast,20.24246406555176,11.999600410461426,4.463366866111755
4088,icompgob-1,fibroblast,594.52197265625,296.9462890625,2.0814263820648193
4090,icphijgp-1,fibroblast,566.7493286132812,321.8031005859375,0.37949907779693604
4091,idajhghn-1,fibroblast,589.161376953125,331.2617492675781,2.442307949066162
4092,idaommoe-1,fibroblast,588.5426025390625,324.0118713378906,2.7153077125549316
4093,idblaeeh-1,epithelial,543.2894897460938,350.84771728515625,0.44061893224716187
4094,idbnjlak-1,epithelial,537.90283203125,347.4062805175781,0.0
4095,idcdeknk-1,fibroblast,583.1351928710938,338.389892578125,3.583560049533844
4096,idcefiko-1,fibroblast,575.1802368164062,340.139892578125,2.4769725799560547
4097,idcejdfd-1,fibroblast,572.625732421875,351.2376708984375,3.154232919216156
4098,idceomfl-1,epithelial,565.801513671875,336.48468017578125,0.0
4099,idcfjhge-1,epithelial,556.0946655273438,323.55133056640625,0.40746790170669556
4103,iddcacle-1,fibroblast,546.199951171875,385.13092041015625,2.208263874053955
4104,iddfdkpd-1,fibroblast,526.8701782226562,403.4016723632813,2.6735174655914307
4105,ideabolc-1,fibroblast,530.8092651367188,407.1296081542969,0.0
4107,idffdikg-1,epithelial,538.3746337890625,394.08697509765625,1.9707002639770508
4111,idhpbbin-1,fibroblast,542.2366943359375,401.9830627441406,2.641010046005249
4112,idilipol-1,epithelial,531.2704467773438,368.8592224121094,1.033873438835144
4113,idjbflko-1,fibroblast,538.0650634765625,371.4899291992188,0.0
4115,idjeplld-1,epithelial,561.2733764648438,415.8845520019531,0.46726053953170776
4116,idkdpggm-1,fibroblast,556.279541015625,368.63037109375,1.9922130107879639
4117,idknoohe-1,endothelial,563.7671508789062,359.822509765625,0.6108703017234802
4118,idmdbbdf-1,fibroblast,553.2758178710938,363.4792175292969,2.164015531539917
4119,idnaafkj-1,fibroblast,568.53759765625,362.26947021484375,2.069148540496826
4126,iedcjpao-1,epithelial,554.0082397460938,392.9195556640625,0.0
4130,iedofaph-1,epithelial,577.3240356445312,363.43463134765625,0.41514474153518677
4138,iegdfbbf-1,epithelial,492.04888916015625,442.6421203613281,0.6607049703598022
4140,ieginhde-1,epithelial,481.1033935546875,435.08441162109375,0.4230778217315674
4144,ieikdded-1,epithelial,448.179931640625,397.0877685546875,0.5781452655792236
4150,iemacnei-1,fibroblast,510.662109375,436.3967895507813,2.9677655696868896
4151,iemakaka-1,fibroblast,516.549560546875,437.9359436035156,2.815251588821411
4152,iemcmchc-1,fibroblast,516.8826293945312,424.5390930175781,3.026087760925293
4161,ifgapnek-1,epithelial,525.8175048828125,348.39044189453125,0.44546765089035034
4166,ifmindhg-1,fibroblast,497.0066833496094,347.79315185546875,0.0
4173,igbejhgj-1,epithelial,454.1241760253906,366.8190307617188,0.2829035520553589
4184,igjaioeg-1,epithelial,562.06396484375,605.8324584960938,0.0
4202,ihbcbgpf-1,fibroblast,535.86181640625,546.5479125976562,0.0
4204,ihbpjall-1,epithelial,529.34619140625,533.200927734375,0.0
4208,ihclkohp-1,fibroblast,517.4606323242188,555.2937622070312,0.0
4210,ihdfpamk-1,epithelial,606.0797729492188,678.4094848632812,0.0
4214,ihhflhep-1,epithelial,583.7349853515625,736.3933715820312,0.0
4215,ihhocanf-1,epithelial,590.9339599609375,740.0682373046875,0.0
4218,ihijnmce-1,epithelial,549.659912109375,742.5302734375,0.7505719661712646
4219,ihjcgppd-1,epithelial,604.1695556640625,741.7526245117188,0.546227216720581
4221,ihkchkhc-1,fibroblast,539.30712890625,724.6900024414062,0.0
4223,ihldhcgc-1,epithelial,540.7764282226562,731.5814208984375,0.0
4225,ihlmaham-1,epithelial,539.8023071289062,716.9096069335938,0.0
4235,iiblpoej-1,epithelial,570.8428955078125,613.2969970703125,0.4258798360824585
4237,iidblnec-1,epithelial,581.8643188476562,617.5904541015625,0.0
4238,iidehdnf-1,epithelial,585.3649291992188,628.10205078125,0.0
4252,iilappfl-1,epithelial,585.7636108398438,650.1207275390625,0.0
4273,ijiefkdc-1,fibroblast,519.9348754882812,663.268310546875,0.0
4276,ijjhknmj-1,epithelial,530.1544189453125,663.5377197265625,0.6806589961051941
4278,ijljojie-1,epithelial,536.427490234375,708.8106079101562,0.0
4280,ijnnnfgf-1,epithelial,533.2457885742188,700.4370727539062,0.3513127863407135
4282,ijokgiga-1,epithelial,523.9279174804688,671.53564453125,0.0
4303,ikhfobeg-1,epithelial,455.1189880371094,732.9727783203125,0.0
4304,ikjfjkoj-1,epithelial,465.8671875,740.1835327148438,0.5718801617622375
4306,ikkpoecl-1,epithelial,443.38226318359375,736.8033447265625,0.0
4308,iklhhdbc-1,fibroblast,445.87249755859375,725.7476196289062,0.0
4326,ilgbkigm-1,fibroblast,524.3423461914062,423.6363525390625,2.991764187812805
4327,ilggfpca-1,endothelial,529.9053344726562,414.85394287109375,0.7020846605300903
4328,ilgkglfe-1,epithelial,604.16064453125,423.1542663574219,0.8926005363464355
4329,iliicmee-1,epithelial,610.702880859375,417.3960571289063,0.0
4335,ilkjndlp-1,epithelial,581.6332397460938,463.4523010253906,0.0
4345,imbhefnj-1,fibroblast,611.0555419921875,479.2085266113281,0.0
4352,imecglao-1,epithelial,560.2510986328125,459.6036376953125,0.3941422998905182
4357,imhiaifk-1,epithelial,596.3363037109375,483.7823181152344,0.419100821018219
4358,imhllnmo-1,epithelial,602.9784545898438,489.34814453125,0.0
4376,inbmcedd-1,epithelial,550.8057861328125,511.1283874511719,0.5659857988357544
4377,inbngklh-1,epithelial,544.456298828125,498.0247497558594,0.3826788663864136
4380,indhenjc-1,epithelial,518.0137939453125,490.8573303222656,0.0
4381,indmeaei-1,epithelial,522.2249145507812,481.59130859375,1.0103424787521362
4382,ineflplf-1,epithelial,520.5377197265625,512.1851196289062,0.0
4386,infoijnm-1,epithelial,471.6150817871094,437.0921325683594,0.5488052368164062
4388,inhlpmma-1,fibroblast,466.142578125,524.2752685546875,0.0
4389,inimcaml-1,fibroblast,450.2339172363281,489.3299255371094,0.0
4390,injahfaj-1,epithelial,460.5351867675781,491.76849365234375,0.0
4391,injlfcfp-1,epithelial,453.73638916015625,454.96978759765625,0.5199077129364014
4417,iofgljjc-1,fibroblast,284.2497863769531,299.70166015625,0.0
4418,iofipmof-1,fibroblast,248.67437744140625,311.4361267089844,2.4537253379821777
4419,iofnfchl-1,fibroblast,280.16510009765625,303.6034240722656,0.0
4420,iogbejle-1,fibroblast,271.63104248046875,306.8614807128906,2.5089833736419678
4421,iogniieo-1,fibroblast,244.52288818359372,348.2230834960937,2.3973135948181152
4424,iohjkmph-1,fibroblast,249.76431274414065,353.8553466796875,2.5197131633758545
4427,iojcmaco-1,epithelial,267.7638854980469,377.92669677734375,0.0
4428,iojfjngk-1,fibroblast,255.94212341308597,358.8126525878906,2.802612066268921
4429,iokppmgi-1,epithelial,268.50885009765625,363.8780212402344,0.6613348126411438
4436,iophjjbb-1,epithelial,324.4497985839844,367.4686279296875,0.0
4441,ipboohop-1,fibroblast,320.9052429199219,478.868408203125,2.993446111679077
4442,ipclceil-1,fibroblast,316.34033203125,474.9020690917969,3.502447724342346
4443,ipcppokb-1,fibroblast,319.8906555175781,491.3958435058594,0.0
4444,ipddmapg-1,epithelial,299.1016540527344,459.38568115234375,0.0
4449,ipfbgadi-1,epithelial,307.6072998046875,437.1514892578125,0.0
4451,iphgmoli-1,fibroblast,305.3619689941406,468.4331665039063,2.2876904010772705
4456,ipkmajkh-1,fibroblast,252.8375701904297,469.1253967285156,1.8849804401397705
4458,ipldepbb-1,epithelial,254.3200225830078,461.1158752441406,0.0
4463,ipobhefj-1,fibroblast,245.7731170654297,434.0638122558594,2.277508020401001
4464,ipoefcnc-1,epithelial,255.83726501464844,439.01763916015625,0.5326248407363892
4466,ippcnkjp-1,fibroblast,259.8958740234375,447.292236328125,0.0
4468,jaadjkee-1,epithelial,248.43218994140625,443.8857421875,0.5111527442932129
4469,jaafknei-1,fibroblast,239.87271118164065,447.6888122558594,2.4251537322998047
4471,jabdljog-1,epithelial,266.9248352050781,388.16650390625,0.0
4474,jaclkpaa-1,epithelial,250.08636474609372,423.9043273925781,0.515481173992157
4476,jadngghe-1,epithelial,253.99240112304688,413.7193908691406,0.0
4477,jadnmnmn-1,epithelial,262.2590026855469,409.445556640625,0.3689495921134949
4481,jagfkmhn-1,epithelial,290.3326416015625,401.5155334472656,0.36090952157974243
4486,jajjccgd-1,epithelial,332.533935546875,519.1342163085938,0.0
4488,jajkdlef-1,epithelial,326.527099609375,588.358642578125,0.713738203048706
4509,jbhbleop-1,epithelial,411.2049560546875,689.8931884765625,0.7310249209403992
4510,jbhkohae-1,epithelial,441.4327697753906,713.7130737304688,0.0
4512,jbilaijf-1,epithelial,438.1894836425781,699.3312377929688,0.0
4514,jbjdpalk-1,epithelial,368.875732421875,743.2523193359375,0.6912105679512024
4515,jbjmbaac-1,epithelial,366.6098327636719,737.1159057617188,0.0
4517,jbkmnjlh-1,epithelial,366.4712829589844,725.7953491210938,0.48873597383499146
4523,jbnplknh-1,epithelial,372.5879211425781,720.4710083007812,0.0
4531,jcaahonm-1,epithelial,368.96685791015625,683.1090087890625,0.0
4536,jcchlfde-1,epithelial,328.67755126953125,640.6862182617188,0.6437376737594604
4537,jcefphid-1,epithelial,326.6986999511719,645.5983276367188,0.0
4541,jcgmhinj-1,epithelial,346.18524169921875,680.6131591796875,0.6295332312583923
4542,jcicohnf-1,epithelial,355.2715148925781,684.1224975585938,1.0542445182800293
4550,jcmgnflk-1,epithelial,327.0128173828125,672.8233642578125,0.0
4551,jcmnmfac-1,epithelial,329.6130676269531,665.6029663085938,0.585829496383667
4557,jcphmncb-1,epithelial,431.9438171386719,610.691650390625,0.0
4561,jdadmajk-1,epithelial,443.2095031738281,615.7422485351562,0.458901047706604
4566,jddbghha-1,epithelial,398.1213989257813,607.947509765625,0.0
4582,jdklname-1,epithelial,379.5822143554688,525.0374755859375,0.41514474153518677
4586,jdnmdlmo-1,epithelial,378.368408203125,534.46826171875,0.9143538475036621
4591,jebeeapl-1,epithelial,412.2756652832031,551.3086547851562,0.0
4592,jebgolbj-1,epithelial,418.3175964355469,558.71044921875,0.47437915205955505
4594,jebpemgb-1,epithelial,427.15338134765625,547.5125732421875,0.0
4595,jecfikfn-1,epithelial,429.2457885742188,554.5575561523438,1.924629807472229
4596,jecigenm-1,epithelial,429.0363464355469,537.9132080078125,0.0
4602,jehefekj-1,fibroblast,417.6977844238281,502.4761962890625,3.5209624767303467
4605,jejlbiga-1,epithelial,427.7529296875,507.9329223632813,0.0
4616,jepncfdf-1,epithelial,414.5890808105469,572.1688232421875,0.6567858457565308
4617,jfacdfca-1,epithelial,421.0975646972656,573.7384033203125,0.0
4624,jffleiej-1,epithelial,366.9235229492188,533.788330078125,0.4037412405014038
4634,jfkgpepa-1,epithelial,237.8478240966797,492.4066162109375,0.7810190916061401
4635,jfkocekb-1,epithelial,244.13638305664065,511.56646728515625,1.3230301141738892
4636,jfmolpej-1,fibroblast,234.10870361328125,512.6060791015625,2.1875572204589844
4637,jfnbhala-1,immune,246.71929931640625,505.4794616699219,1.087899088859558
4639,jfneohhj-1,epithelial,244.628173828125,585.44384765625,0.0
4643,jfpdecgo-1,epithelial,245.5315399169922,556.0296630859375,0.0
4645,jfppjpmh-1,epithelial,253.16163635253903,512.2125244140625,0.7696772813796997
4648,jgampdjp-1,epithelial,251.47756958007807,526.2789306640625,1.0939252376556396
4649,jganokde-1,epithelial,252.22586059570312,520.7255249023438,0.8940800428390503
4650,jgaodmoi-1,immune,237.5745086669922,515.962158203125,2.300135850906372
4651,jgbdopdg-1,fibroblast,239.62342834472656,546.5418090820312,2.827310085296631
4652,jgcabnoo-1,fibroblast,240.41966247558597,536.1895751953125,3.8961267471313477
4653,jgcipdgl-1,epithelial,244.06919860839844,517.7691650390625,1.154965877532959
4655,jgdmklle-1,fibroblast,237.9028167724609,654.6260986328125,0.0
4657,jgehkeno-1,epithelial,237.8221435546875,643.4057006835938,0.0
4661,jgfhbbhg-1,epithelial,267.1450500488281,730.0205078125,0.6965062022209167
4664,jghekeho-1,fibroblast,259.0923156738281,710.45654296875,0.0
4665,jgjnpden-1,epithelial,258.0350036621094,722.1652221679688,0.0
4666,jgkbihag-1,epithelial,240.48577880859372,662.9713134765625,0.43871569633483887
4671,jgmdhfjl-1,epithelial,246.31495666503903,737.6818237304688,0.7940970659255981
4674,jgnhffni-1,epithelial,252.23057556152344,687.940673828125,0.0
4676,jgpbcoai-1,epithelial,263.31591796875,661.2266845703125,0.355093777179718
4684,jhcpahco-1,epithelial,276.3161926269531,732.3853149414062,0.5759016871452332
4686,jhebgjjj-1,epithelial,294.9092712402344,731.890625,0.3872448801994324
4699,jhmkagfo-1,epithelial,312.99542236328125,692.5263671875,0.6523397564888
4700,jhofmmek-1,fibroblast,318.47662353515625,695.87744140625,0.0
4705,jhpoblki-1,fibroblast,318.5511474609375,514.8814697265625,2.113837957382202
4706,jiabebcn-1,epithelial,318.574462890625,543.9446411132812,0.3589511513710022
4708,jiaggmeh-1,epithelial,284.6383972167969,527.0928955078125,0.7020846605300903
4711,jicgbjpn-1,epithelial,289.86700439453125,528.0800170898438,0.0
4712,jichdbfm-1,fibroblast,299.35760498046875,523.9769287109375,0.0
4722,jiiefheo-1,epithelial,269.2669372558594,597.8871459960938,0.0
4726,jikpniag-1,fibroblast,351.48095703125,325.79119873046875,0.0
4727,jilakahl-1,endothelial,345.84796142578125,319.9111633300781,0.6910810470581055
4732,jimlegdg-1,fibroblast,332.8135986328125,472.1577453613281,0.0
4735,jiokakih-1,epithelial,326.10693359375,482.292724609375,0.0
4739,jjaneane-1,fibroblast,344.9869689941406,433.9071044921875,2.543966054916382
4740,jjbajpgc-1,endothelial,349.28424072265625,418.7736511230469,0.704934298992157
4742,jjbjampm-1,epithelial,328.7209777832031,442.2999267578125,0.0
4743,jjbjgapn-1,fibroblast,332.4262084960937,435.4117736816406,2.1564598083496094
4751,jjgeolfh-1,epithelial,331.0403137207031,371.0636291503906,0.4814322590827942
4758,jjldhdbm-1,epithelial,446.7262573242188,520.1517944335938,0.4508867859840393
4761,jjlnkbjh-1,epithelial,442.27825927734375,535.0880126953125,0.0
4763,jjnbplmn-1,epithelial,448.5481262207031,476.24365234375,0.7245500087738037
4767,jjpiglab-1,epithelial,441.9536743164063,511.3518371582031,0.0
4770,jkallhff-1,fibroblast,434.1438903808594,501.9776306152344,0.0
4772,jkbgeola-1,epithelial,378.97369384765625,335.78057861328125,0.40621769428253174
4774,jkbnaapc-1,fibroblast,378.23724365234375,373.2852478027344,2.773681879043579
4775,jkcagfoc-1,epithelial,362.3680725097656,384.5897216796875,1.3420857191085815
4776,jkckbnkk-1,fibroblast,368.4751281738281,379.2380981445313,2.3427696228027344
4778,jkefddbo-1,epithelial,412.3226623535156,383.4375,0.0
4781,jkffhpek-1,epithelial,435.8779296875,387.0595397949219,0.0
4783,jkgcngdc-1,epithelial,441.7118835449219,390.9651489257813,0.5244369506835938
4785,jkhomfgl-1,fibroblast,406.8928527832031,391.0052795410156,0.0
4786,jkiakhjj-1,fibroblast,396.6734313964844,394.05474853515625,0.0
4792,jkkogfog-1,epithelial,389.51702880859375,390.635498046875,0.4769183397293091
4793,jklapjfn-1,fibroblast,376.1056518554688,389.2410888671875,2.692748546600342
4795,jklegged-1,epithelial,420.234619140625,365.5981750488281,0.85334312915802
4796,jklgolop-1,epithelial,421.1072692871094,358.9693603515625,0.0
4797,jknheeed-1,epithelial,445.5495910644531,353.9971008300781,0.3638850450515747
4798,jknlfjco-1,epithelial,444.0748596191406,363.2454528808594,0.6073412299156189
4804,jlabjbac-1,fibroblast,437.30322265625,360.7317810058594,0.0
4805,jlaehmio-1,epithelial,434.3155517578125,367.83880615234375,0.44019585847854614
4806,jlahhabe-1,fibroblast,384.9473571777344,363.853515625,0.0
4808,jlblcfhn-1,epithelial,391.0365295410156,368.2542724609375,0.6315006017684937
4809,jlcngmnd-1,fibroblast,390.66204833984375,380.2588806152344,2.0180559158325195
4810,jldnjfoa-1,fibroblast,383.044677734375,377.868408203125,2.9794201850891113
4811,jlebblmf-1,epithelial,396.8536071777344,361.4248046875,0.7198336124420166
4819,jljdkbln-1,fibroblast,352.2812194824219,410.1204223632813,2.248394012451172
4820,jljofgie-1,epithelial,441.3952026367188,473.707763671875,0.7326194643974304
4824,jlmbghna-1,epithelial,420.18853759765625,460.9665222167969,0.41126811504364014
4825,jlmebpdk-1,epithelial,421.7362060546875,452.2591552734375,0.0
4832,jmajldeb-1,epithelial,417.466064453125,351.457763671875,0.65445876121521
4834,jmbbabkn-1,epithelial,389.4363098144531,288.5218200683594,0.7768451571464539
4836,jmgjddpl-1,epithelial,387.7193603515625,300.5407409667969,0.31635549664497375
4837,jmhaljke-1,fibroblast,237.74766540527344,19.631919860839844,2.8806862831115723
4838,jmhclpbl-1,fibroblast,270.1786193847656,26.788654327392575,4.418406248092651
4839,jmhpjipi-1,epithelial,261.369384765625,70.0339584350586,1.1870622634887695
4840,jmiinhbj-1,fibroblast,269.5396728515625,78.98763275146484,0.0
4841,jmjkpmin-1,epithelial,262.2875671386719,75.62848663330078,0.0
4842,jmjlnfog-1,fibroblast,254.5001678466797,53.2808952331543,2.3928513526916504
4843,jmlgkiof-1,fibroblast,254.93785095214844,63.07338333129883,2.3198447227478027
4844,jmlpeeof-1,epithelial,270.4005432128906,53.89567184448242,0.0
4846,jmnhmphd-1,fibroblast,282.1319885253906,9.512794494628906,2.2911410331726074
4847,jmnhpppj-1,fibroblast,282.279541015625,53.83391952514648,2.0456478595733643
4848,jmpjgjbp-1,fibroblast,277.7574768066406,46.98982238769531,2.473487615585327
4850,jmpmhfcc-1,fibroblast,238.17056274414065,46.617374420166016,2.8086495399475098
4851,jnafmkcj-1,fibroblast,239.6075592041016,70.53688049316406,2.957761764526367
4852,jnaipipb-1,fibroblast,245.24122619628903,72.99773406982422,1.0242209434509277
4853,jnaphlik-1,fibroblast,243.76956176757807,42.56684875488281,2.2884347438812256
4854,jnbcenla-1,fibroblast,238.8218688964844,59.51152420043945,1.812552809715271
4855,jncembne-1,epithelial,456.7153930664063,46.12905502319336,0.0
4856,jncfaiem-1,epithelial,450.8110961914063,57.37327194213867,0.0
4857,jncmcefp-1,epithelial,444.20843505859375,56.17750549316406,0.0
4860,jneejnnf-1,fibroblast,458.9372863769531,67.23558044433594,2.491698741912842
4861,jnepggkg-1,fibroblast,451.6477661132813,65.23091125488281,0.0
4864,jnggppjl-1,epithelial,411.86572265625,11.430469512939451,0.0
4871,jnkmmnik-1,epithelial,421.2294616699219,6.775722503662109,0.47245460748672485
4878,jnolcgnj-1,epithelial,316.1518249511719,35.352577209472656,0.942602276802063
4880,jnpefnig-1,fibroblast,429.01025390625,61.36031723022461,0.0
4881,jnpejmaj-1,epithelial,441.7737121582031,37.651611328125,0.0
4882,jnpiicgn-1,epithelial,424.69873046875,44.39614868164063,0.0
4884,joaageff-1,fibroblast,431.8443603515625,37.55709457397461,0.0
4886,jocehjmn-1,epithelial,405.0327758789063,37.44694900512695,0.8074631094932556
4888,jodblhec-1,epithelial,329.4456787109375,59.528568267822266,1.6215291023254395
4890,joejeekm-1,epithelial,300.6761474609375,58.47450637817383,1.1956968307495117
4891,jofcpneb-1,epithelial,297.737060546875,64.1800537109375,0.0
4893,jogablnb-1,epithelial,326.1924743652344,65.02764892578125,0.0
4894,jogbjfoh-1,epithelial,305.99444580078125,50.65512847900391,0.0
4895,jogbmlai-1,fibroblast,414.8892822265625,128.94924926757812,4.473016262054443
4899,joldcpkl-1,epithelial,418.1260070800781,180.6589813232422,0.458901047706604
4900,jomckipp-1,epithelial,412.1497497558594,186.37057495117188,0.5270979404449463
4902,jonlmgmh-1,fibroblast,415.34613037109375,160.27139282226562,0.0
4904,jpamnhfk-1,fibroblast,435.8925476074219,223.9676971435547,1.3774518966674805
4905,jpbdepkf-1,fibroblast,432.2336730957031,154.14739990234375,1.984769344329834
4907,jpblfjpo-1,epithelial,433.8359069824219,209.92791748046875,0.0
4908,jpcgpajj-1,epithelial,444.0014953613281,166.79876708984375,0.0
4912,jpfdacgo-1,epithelial,367.9898681640625,65.14337158203125,0.515481173992157
4914,jpgfjkhd-1,fibroblast,359.4120483398437,121.70002746582033,2.1441826820373535
4915,jpgmneia-1,fibroblast,361.3921203613281,163.60679626464844,2.239130973815918
4916,jpgogdpj-1,fibroblast,357.0623779296875,156.75152587890625,3.559553623199463
4917,jphdicje-1,immune,365.8789367675781,143.36927795410156,0.0
4918,jphjbjja-1,immune,362.5822448730469,106.00326538085938,0.9497653245925903
4919,jphkhmep-1,fibroblast,364.5035095214844,74.4750747680664,0.0
4920,jpjcnlen-1,immune,359.6845092773437,82.40592956542969,1.1402019262313843
4921,jpjiblip-1,immune,374.2581787109375,74.4415283203125,1.9438753128051758
4922,jpjikgjj-1,fibroblast,372.60888671875,122.91685485839844,4.162524223327637
4931,jpphojlb-1,immune,431.13427734375,123.34382629394533,1.238234519958496
4933,jppmflag-1,fibroblast,450.3983154296875,111.42423248291016,1.9318194389343262
4941,kadpeknm-1,epithelial,424.3591003417969,55.18524169921875,0.7078254222869873
4943,kaegdlmg-1,epithelial,421.8900451660156,63.55405807495117,0.9356197714805603
4944,kahiglpe-1,fibroblast,411.1805725097656,61.28277587890625,0.0
4945,kahmjcpc-1,fibroblast,419.0934753417969,55.109493255615234,0.0
4952,kalbcdea-1,fibroblast,385.8734436035156,7.317155838012695,2.3928513526916504
4953,kalmomgk-1,fibroblast,374.6002502441406,58.30588150024414,2.2192951440811157
4954,kamjlkmn-1,epithelial,367.712158203125,50.66285705566406,0.0
4957,kapjkhdh-1,immune,333.4136657714844,90.92200469970705,2.077481269836426
4958,kbakagcm-1,fibroblast,334.0062561035156,126.14868927001952,4.263201713562012
4959,kbakeeoh-1,fibroblast,339.4563903808594,123.864013671875,4.693158507347107
4961,kbdefadc-1,fibroblast,343.9262390136719,106.94000244140624,3.646737575531006
4962,kbdholme-1,fibroblast,345.1849975585937,87.80565643310547,3.6929452419281006
4963,kbecjpmk-1,fibroblast,340.5904846191406,75.11772155761719,2.0940842628479004
4964,kbeiijob-1,fibroblast,331.8985900878906,76.87727355957031,2.5950422286987305
4965,kbfdpaff-1,fibroblast,351.82568359375,80.13733673095703,2.465468645095825
4966,kbfobmmo-1,fibroblast,354.488525390625,72.79943084716797,2.0234270095825195
4969,kbhhpllb-1,epithelial,342.3464050292969,17.980289459228516,0.0
4974,kbiomifl-1,epithelial,330.3952941894531,13.627126693725586,1.4712555408477783
4975,kbjohcgb-1,fibroblast,334.763671875,13.65511989593506,2.7212719917297363
4976,kbkhiebo-1,epithelial,529.0547485351562,129.11940002441406,0.0
4977,kbljmgmh-1,fibroblast,524.6837158203125,142.42510986328125,2.5802873373031616
4978,kbmdjmha-1,epithelial,531.7168579101562,137.0828094482422,0.9828134179115295
4979,kbmeecli-1,fibroblast,543.6187744140625,125.56053924560548,0.0
4981,kbmjfeme-1,epithelial,535.842529296875,142.74578857421875,0.0
4982,kbmlfkgo-1,fibroblast,545.4444580078125,151.76402282714844,0.0
4983,kbmpandb-1,immune,532.9312133789062,154.20169067382812,0.6395735740661621
4984,kbmpjpbi-1,epithelial,550.5307006835938,144.7964324951172,0.0
4985,kbnhcgaj-1,fibroblast,554.1659545898438,131.25621032714844,0.0
4992,kbpdkiab-1,epithelial,559.3160400390625,224.74327087402344,0.5133049488067627
4997,kcckjdid-1,epithelial,600.7421264648438,248.2427520751953,0.0
5003,kcggmnom-1,fibroblast,658.9447021484375,309.60968017578125,0.0
5004,kchadngc-1,epithelial,660.8251342773438,317.026123046875,0.0
5005,kcheojfh-1,fibroblast,645.3085327148438,308.1375427246094,0.0
5008,kcibiado-1,epithelial,635.451416015625,309.8722839355469,0.34039977192878723
5009,kcikbkfk-1,epithelial,625.6732788085938,314.30389404296875,0.3171358108520508
5010,kcikhahp-1,fibroblast,613.6437377929688,293.0380554199219,2.4872095584869385
5011,kcjfmhim-1,fibroblast,597.4109497070312,310.6658630371094,2.3467180728912354
5012,kcjlpmdd-1,fibroblast,628.8091430664062,263.2926025390625,1.8395440578460693
5023,kcpkifgi-1,epithelial,580.14697265625,159.52572631835938,0.6569399833679199
5027,kdcdklkp-1,epithelial,561.1884765625,139.0784454345703,0.5111527442932129
5029,kdcmlfee-1,epithelial,576.0128784179688,133.0775146484375,2.0610806941986084
5030,kdeaofgk-1,epithelial,567.1455078125,148.1919708251953,0.0
5031,kdebofnn-1,epithelial,622.82763671875,199.0077362060547,0.6810650825500488
5038,kdfohofo-1,epithelial,653.6622314453125,204.0783233642578,0.5314339995384216
5041,kdhcaggn-1,epithelial,566.6016235351562,227.8815155029297,0.0
5042,kdiadajk-1,epithelial,572.6832885742188,231.6751251220703,0.0
5046,kdjjljeb-1,epithelial,614.7987670898438,199.1363677978516,0.0
5050,kdlohbli-1,epithelial,604.7955322265625,215.6455078125,0.35605084896087646
5051,kdlphfpj-1,epithelial,608.8153686523438,208.10659790039065,0.0
5052,kdmnpnil-1,epithelial,607.0977783203125,201.85943603515625,0.8102924823760986
5062,kebgdhei-1,epithelial,518.6747436523438,227.29086303710935,0.33477163314819336
5063,kebjncgo-1,epithelial,513.2759399414062,237.4881134033203,0.0
5065,kecfkjdb-1,epithelial,513.4334716796875,248.1968231201172,0.32028961181640625
5067,kecmepca-1,epithelial,518.4520874023438,258.4953308105469,0.4605444073677063
5073,keieeief-1,fibroblast,474.9471740722656,235.73275756835935,3.507444739341736
5074,keiioahp-1,fibroblast,473.6090698242188,264.4720153808594,2.3995630741119385
5075,kejgdngj-1,epithelial,458.8581237792969,280.6927185058594,0.47070783376693726
5076,kekapneg-1,fibroblast,468.0729675292969,235.46868896484372,0.8632324934005737
5077,kekmjefi-1,fibroblast,464.2095947265625,256.8471984863281,2.8086495399475098
5078,kembklcl-1,fibroblast,470.4946899414063,247.5583038330078,2.758324146270752
5083,kenpnino-1,epithelial,547.2030029296875,190.79318237304688,0.6143791079521179
5087,kepmjijh-1,epithelial,498.1167297363281,183.26626586914065,0.0
5088,kepnidfo-1,fibroblast,494.7596740722656,192.6468963623047,1.6238460540771484
5090,keppannn-1,epithelial,535.7583618164062,186.86907958984372,0.0
5091,kfblgdll-1,epithelial,527.0438842773438,193.49432373046875,0.0
5092,kfdfioge-1,fibroblast,518.90673828125,206.5532684326172,1.5837483406066895
5095,kffckghd-1,fibroblast,504.0114135742188,220.30126953125,1.5423985719680786
5096,kffkplhg-1,epithelial,509.5104370117188,208.49212646484372,0.0
5097,kfhbhhdf-1,epithelial,505.2408142089844,178.74639892578125,0.0
5098,kfhlgife-1,epithelial,517.5491333007812,184.7554473876953,0.0
5099,kfhmgldi-1,fibroblast,503.3795776367188,187.6092071533203,0.0
5105,kfknffgf-1,epithelial,559.0311279296875,215.5367889404297,0.44319069385528564
5110,kfobnapj-1,epithelial,520.5592651367188,136.98741149902344,0.6806589961051941
5113,kfonfika-1,fibroblast,513.0704956054688,199.02163696289065,0.0
5116,kfpkneeg-1,fibroblast,500.677001953125,162.71437072753906,0.30723443627357483
5118,kgbmnpbm-1,epithelial,501.8053894042969,129.9396514892578,0.0
5119,kgboiejf-1,epithelial,511.5639343261719,147.83506774902344,0.5514177083969116
5121,kgcooaam-1,fibroblast,512.4148559570312,142.4081268310547,0.0
5122,kgdedmmk-1,epithelial,510.6626281738281,152.55575561523438,0.0
5123,kgebojaj-1,epithelial,502.16302490234375,138.178466796875,0.0
5126,kgfjakok-1,fibroblast,491.5218505859375,131.24276733398438,0.35992783308029175
5127,kggcjdcm-1,fibroblast,479.30999755859375,227.33392333984372,4.786887168884277
5128,kghejnee-1,immune,472.1765747070313,229.1628875732422,2.3573997020721436
5135,kgnlbign-1,epithelial,462.9656677246094,186.2644195556641,0.7105219960212708
5136,kgoeomoe-1,epithelial,472.8163146972656,169.03085327148438,0.6756474375724792
5137,kgogjefb-1,epithelial,470.453857421875,175.86720275878906,0.0
5139,kgpaecmf-1,epithelial,457.7738952636719,151.8257598876953,0.39768603444099426
5151,kheahjob-1,epithelial,481.5638732910156,35.11233139038086,0.0
5152,khefifkh-1,epithelial,459.2477416992188,27.156599044799805,0.7695833444595337
5153,khfkjkcl-1,epithelial,464.30364990234375,21.90927505493164,0.9777296781539917
5155,khfpmolk-1,epithelial,462.4559326171875,10.636157035827637,0.5362417697906494
5156,khimmken-1,fibroblast,467.05224609375,11.75146770477295,0.0
5157,khipkbnl-1,epithelial,477.3298950195313,18.261096954345703,0.3762727975845337
5159,khjpgaln-1,fibroblast,538.1334838867188,11.745200157165527,2.553687572479248
5160,khkbbffm-1,immune,562.7583618164062,15.81075954437256,0.8700687885284424
5161,khknfgja-1,fibroblast,552.930908203125,15.373016357421877,1.1438202857971191
5162,khlbonpe-1,fibroblast,542.2327270507812,55.13285827636719,3.7425286769866943
5164,khmacnkc-1,fibroblast,574.266357421875,26.583478927612305,2.6791932582855225
5165,khmakaam-1,fibroblast,572.852294921875,4.764273643493652,3.64370596408844
5166,khmhlmco-1,epithelial,505.6453857421875,22.44696807861328,0.8231713771820068
5167,khmicknn-1,epithelial,499.7036743164063,5.068152904510498,0.0
5169,khnahdjh-1,fibroblast,506.5392761230469,13.285048484802246,2.534468412399292
5170,khnnnlld-1,fibroblast,509.9071960449219,6.228374004364014,2.134594440460205
5171,khohghke-1,fibroblast,504.0614318847656,29.91175842285156,2.3547301292419434
5172,khojlpeg-1,epithelial,492.2799682617188,34.50271224975586,0.0
5173,kiabgcjk-1,fibroblast,482.60650634765625,50.975074768066406,2.803933620452881
5175,kiajpmad-1,fibroblast,480.3271484375,64.90132904052734,2.755310297012329
5176,kianhlpn-1,fibroblast,470.4202270507813,50.75849914550781,1.963221788406372
5177,kicamlef-1,fibroblast,470.4583129882813,106.91768646240234,3.3922582864761353
5178,kidkghnk-1,epithelial,473.407470703125,121.1817855834961,1.3903803825378418
5179,kidoomef-1,immune,458.0997009277344,119.27410888671876,0.8853194713592529
5180,kiecfebd-1,epithelial,492.8736267089844,47.305965423583984,0.0
5181,kienlbnm-1,fibroblast,494.3838195800781,95.9697494506836,2.48166561126709
5182,kieoceba-1,fibroblast,494.3006896972656,64.65727233886719,2.6712687015533447
5183,kifhmfid-1,epithelial,492.8445739746094,52.33989334106445,0.0
5185,kighaldb-1,fibroblast,519.921630859375,72.09982299804688,2.171713352203369
5186,kignmado-1,fibroblast,542.7879638671875,78.57138061523438,0.0
5187,kiigdobp-1,epithelial,538.3531494140625,90.74075317382812,0.0
5194,kimcdmdn-1,epithelial,543.48095703125,100.70240020751952,0.44940710067749023
5195,kimeikgm-1,fibroblast,550.56103515625,111.51809692382812,0.0
5197,kiobihmc-1,immune,585.6621704101562,117.8743896484375,1.1870622634887695
5199,kionpkeb-1,immune,573.0609741210938,119.78660583496094,1.0290052890777588
5201,kjaenmjn-1,epithelial,541.353515625,114.1458511352539,0.0
5203,kjbangob-1,epithelial,514.9319458007812,100.20906066894533,0.833896279335022
5205,kjbfmcpj-1,fibroblast,506.9707946777344,118.19084930419922,1.550663709640503
5207,kjbgnopb-1,epithelial,519.3462524414062,107.09540557861328,0.0
5208,kjccmiee-1,epithelial,307.7691345214844,99.42072296142578,0.7326194643974304
5209,kjdmiljb-1,fibroblast,311.0496826171875,93.6305923461914,1.3139668703079224
5211,kjgddial-1,immune,299.6250915527344,116.7161102294922,1.7410557270050049
5212,kjgehhbl-1,fibroblast,287.6077575683594,111.85980224609376,2.584308385848999
5213,kjgkdknf-1,fibroblast,316.5625915527344,102.98464965820312,4.103079795837402
5214,kjhlnffn-1,fibroblast,318.3385314941406,113.01172637939452,2.692748546600342
5215,kjhnapnj-1,fibroblast,325.88641357421875,108.67505645751952,2.543966054916382
5216,kjhoehkg-1,fibroblast,324.97021484375,102.75506591796876,0.0
5217,kjiemnmh-1,fibroblast,292.5628662109375,93.53404998779295,2.5996192693710327
5219,kjiijcmg-1,immune,294.0828552246094,165.0079345703125,3.0166239738464355
5220,kjiijcoi-1,fibroblast,282.72528076171875,184.65663146972656,2.947690725326538
5221,kjioddic-1,immune,296.2171936035156,175.88853454589844,1.8502532243728638
5223,kjipniah-1,immune,276.267333984375,259.1140441894531,1.243385910987854
5224,kjjonmma-1,immune,281.1551513671875,252.37615966796875,1.191346287727356
5225,kjkdcapo-1,fibroblast,282.89263916015625,265.5048522949219,2.6502299308776855
5226,kjklkcpk-1,fibroblast,308.9727478027344,234.01458740234372,2.710343360900879
5227,kjljdjlc-1,fibroblast,288.2278137207031,219.16867065429688,4.317542552947998
5228,kjmagfhl-1,immune,291.0614929199219,237.34478759765625,0.49282580614089966
5229,kjmgfdnl-1,immune,286.4550476074219,229.5343780517578,1.8627219200134277
5230,kjmndoal-1,fibroblast,272.8729553222656,212.2360076904297,2.328861713409424
5231,kjnbcidj-1,fibroblast,274.598876953125,229.7041015625,3.966654419898987
5232,kjnbefei-1,immune,300.6267395019531,210.54132080078125,0.9221618175506592
5233,kjohabhg-1,immune,314.46490478515625,177.59896850585938,1.8158740997314453
5234,kjphannm-1,fibroblast,320.3172607421875,224.92645263671875,2.465468645095825
5236,kkagdjho-1,immune,312.8324279785156,189.02679443359372,1.135448932647705
5237,kkbjlppc-1,immune,322.65899658203125,187.7037811279297,0.0
5238,kkcgcdpo-1,fibroblast,322.8031311035156,178.99185180664062,4.278083801269531
5239,kkcnjgmc-1,fibroblast,327.5705261230469,125.7085418701172,2.6660690307617188
5240,kkefamjm-1,fibroblast,307.879150390625,118.74549102783205,4.467291831970215
5241,kkeoggld-1,fibroblast,284.1194152832031,147.37049865722656,2.8583619594573975
5242,kkfffcml-1,fibroblast,282.7633361816406,159.26217651367188,2.063145399093628
5243,kkfipkad-1,fibroblast,297.8277587890625,154.49378967285156,2.117225170135498
5244,kkfobbcf-1,fibroblast,324.5999450683594,136.4141845703125,3.3322877883911133
5245,kkggkbgj-1,fibroblast,325.26953125,167.23147583007812,3.9718810319900513
5246,kkgpidbj-1,immune,316.6351623535156,162.40792846679688,2.433570623397827
5247,kkhaekck-1,fibroblast,314.9665222167969,152.95443725585938,4.571604490280151
5248,kkiajbmj-1,epithelial,264.39263916015625,112.60872650146484,0.833896279335022
5250,kkibbcdk-1,fibroblast,260.82403564453125,118.95343017578124,2.2825675010681152
5251,kkicdado-1,fibroblast,267.6011657714844,258.3607177734375,2.542048931121826
5252,kkiflamb-1,fibroblast,259.304931640625,276.7746887207031,1.9405467510223389
5253,kkjledhm-1,fibroblast,260.5752868652344,293.8052673339844,3.9634652137756348
5254,kkkcnaib-1,fibroblast,252.964111328125,286.5329284667969,4.213932037353516
5255,kkkejlkp-1,fibroblast,241.04281616210935,294.2078552246094,2.676803946495056
5256,kkkhhilh-1,fibroblast,241.0903167724609,286.12554931640625,0.0
5257,kkkjofcm-1,immune,253.75999450683597,212.9390869140625,0.515481173992157
5258,kkkmncgl-1,fibroblast,242.3954315185547,217.32925415039065,2.859617590904236
5259,kklfoono-1,immune,261.47576904296875,204.69384765625,2.1934118270874023
5260,kklgjobh-1,fibroblast,257.8792419433594,229.63653564453125,4.146987795829773
5261,kklkahbb-1,fibroblast,262.53570556640625,215.624755859375,5.345174789428711
5262,kkllbkfi-1,fibroblast,259.4020080566406,209.4972076416016,2.0618810653686523
5265,kkoheaao-1,fibroblast,258.68731689453125,147.12088012695312,2.498525857925415
5266,kkopeofm-1,immune,265.2666015625,147.15809631347656,1.2138094902038574
5267,kkphodgc-1,fibroblast,427.2998352050781,216.59869384765625,0.0
5268,kkpkkflp-1,epithelial,414.4036254882813,216.39930725097656,0.7768451571464539
5269,klajdnki-1,fibroblast,418.4363403320313,221.71044921875,2.3928513526916504
5270,klapkefe-1,fibroblast,420.6500244140625,235.736572265625,0.0
5271,klbklaok-1,fibroblast,413.7089538574219,237.82534790039065,1.8535363674163818
5272,klbnonff-1,endothelial,423.3279418945313,226.2376251220703,0.8734039068222046
5273,klcobboa-1,fibroblast,390.718994140625,215.8603363037109,0.5007341504096985
5274,kldafplj-1,epithelial,409.78948974609375,218.909423828125,1.276459813117981
5277,kldmageo-1,fibroblast,401.4521789550781,250.7197113037109,5.504356145858765
5278,kledjnca-1,epithelial,420.4741821289063,246.18014526367188,0.6582905054092407
5279,klegigpb-1,epithelial,414.8156127929688,273.9107360839844,0.0
5280,klfoaegj-1,epithelial,413.8479309082031,257.6162109375,1.4321459531784058
5281,klgdfphp-1,epithelial,407.8564758300781,266.6415710449219,0.3466895520687103
5282,klgikjcc-1,epithelial,422.8995056152344,261.5285949707031,0.3351691961288452
5284,klglbeml-1,epithelial,366.6515502929688,272.5209350585937,0.0
5286,klhfnbgm-1,immune,399.18206787109375,85.97840881347656,0.4037412405014038
5287,klhjnaan-1,fibroblast,393.6204528808594,118.98402404785156,2.4604159593582153
5288,kliddaec-1,epithelial,393.1821899414063,100.48963165283205,0.0
5289,klihajak-1,epithelial,393.720458984375,89.58908081054688,0.0
5291,kljomljk-1,fibroblast,398.3029479980469,95.60066223144533,0.0
5292,klkajbnb-1,epithelial,404.4951171875,206.3666229248047,0.3448711633682251
5293,klkbfahi-1,immune,384.5076293945313,199.2615203857422,0.7261231541633606
5294,klkhhchd-1,immune,375.4098205566406,148.75396728515625,0.0
5295,klkmihbg-1,immune,381.0669860839844,150.77713012695312,1.4712555408477783
5296,klllgbjb-1,epithelial,371.6029968261719,164.3424835205078,0.0
5297,klnggcjc-1,epithelial,368.59185791015625,153.14828491210938,2.111525058746338
5298,klnoamfm-1,fibroblast,367.2661437988281,232.5466461181641,2.3311474323272705
5299,klnpapfh-1,fibroblast,356.9552001953125,267.3924255371094,0.0
5300,klnpmhji-1,epithelial,373.5806274414063,264.76885986328125,0.5187916159629822
5301,klofojla-1,fibroblast,370.1789855957031,212.15670776367188,0.0
5302,kloongmg-1,immune,360.5125732421875,225.8331298828125,0.42313963174819946
5304,kmagbgia-1,epithelial,365.5227966308594,217.72525024414065,0.0
5305,kmajkicm-1,fibroblast,369.5863342285156,176.7891845703125,2.8942832350730896
5307,kmbbcbkb-1,immune,373.95648193359375,202.5839691162109,0.3648872971534729
5308,kmbchmaj-1,fibroblast,360.79339599609375,183.96519470214844,2.204038143157959
5310,kmcaegli-1,immune,403.8949890136719,128.13427734375,0.805949330329895
5311,kmcfndka-1,epithelial,395.8951110839844,131.85287475585938,0.6613348126411438
5313,kmcngkme-1,fibroblast,402.1994018554688,145.93179321289062,3.059109687805176
5314,kmdedphl-1,epithelial,396.1839904785156,142.98863220214844,1.2539825439453125
5316,kmeedgfa-1,fibroblast,403.936767578125,158.7445831298828,2.7850120067596436
5317,kmfdeolk-1,immune,381.2290954589844,138.4479522705078,1.3733415603637695
5321,kmjckknj-1,endothelial,348.6784362792969,134.05712890625,0.7609782218933105
5322,kmjdcaeo-1,immune,336.9451904296875,150.26260375976562,0.564056396484375
5324,kmjlmede-1,fibroblast,360.2822570800781,137.72755432128906,2.9390883445739746
5326,kmlkjbng-1,immune,339.8719482421875,215.61431884765625,2.0241730213165283
5327,kmncifmd-1,fibroblast,353.5353088378906,199.56573486328125,2.3547301292419434
5328,kmngkmcg-1,fibroblast,338.5595703125,174.92803955078125,4.444214940071106
5329,kmngplgh-1,fibroblast,355.1447448730469,189.36778259277344,2.239130973815918
5330,kmnhkagb-1,fibroblast,344.4071655273437,185.3292388916016,2.7937183380126953
5333,knaajlid-1,fibroblast,343.2402038574219,291.0613098144531,0.0
5334,knbbcoip-1,epithelial,358.2310791015625,274.8910217285156,0.4300645589828491
5336,knbpgelp-1,fibroblast,328.256591796875,225.8281097412109,4.0262720584869385
5337,kndbcaob-1,immune,332.1480407714844,228.6981201171875,0.6613348126411438
5338,kndfpkcn-1,fibroblast,326.5859375,215.30294799804688,1.3391435146331787
5340,kndiaecj-1,epithelial,342.0045471191406,253.79107666015625,0.8502756357192993
5341,knfbclhm-1,epithelial,330.1744079589844,260.7094116210937,0.7289309501647949
5342,kngkbila-1,fibroblast,351.7760925292969,233.2254180908203,3.001448631286621
5343,kngkolhm-1,epithelial,563.7595825195312,111.12835693359376,0.8452353477478027
5344,kngnokan-1,fibroblast,583.7039184570312,105.1954345703125,2.308844566345215
5351,knledoac-1,epithelial,617.186767578125,137.24032592773438,0.7444553971290588
5352,knlnneln-1,endothelial,611.276611328125,132.22911071777344,0.7687524557113647
5355,knndalfk-1,immune,577.33984375,115.52120971679688,0.0
5359,knoahnnl-1,epithelial,678.0861206054688,141.63975524902344,0.0
5360,knoggpha-1,epithelial,673.25732421875,137.30453491210938,0.558370053768158
5363,koaipjke-1,epithelial,658.2088623046875,167.9560089111328,0.4447057247161865
5377,koghafnh-1,fibroblast,666.5097045898438,125.71451568603516,2.6818690299987793
5379,koianinn-1,epithelial,666.3811645507812,131.93890380859375,0.0
5380,koifnemd-1,fibroblast,666.3870849609375,119.1253433227539,2.534468412399292
5381,kojanggl-1,fibroblast,671.6969604492188,114.78057098388672,2.473487615585327
5382,kojcbcnd-1,fibroblast,659.38427734375,119.41959381103516,3.189569354057312
5386,koklmcaj-1,epithelial,637.2671508789062,122.2832489013672,0.0
5387,koknfmgo-1,epithelial,624.6065673828125,131.74545288085938,0.0
5389,konfmohl-1,epithelial,628.7504272460938,122.14085388183594,0.517681896686554
5402,kpdkbegk-1,epithelial,627.1046752929688,504.1961059570313,0.0
5403,kpekelbo-1,epithelial,623.5067749023438,546.2649536132812,0.5972211360931396
5406,kpffbflh-1,epithelial,638.7491455078125,500.211669921875,0.0
5441,lafllamb-1,fibroblast,711.143798828125,166.8667755126953,0.0
5442,lafpecic-1,epithelial,716.7864379882812,159.63568115234375,0.507055401802063
5443,laghiemd-1,epithelial,701.0498657226562,157.15545654296875,0.0
5446,lahhbnmo-1,epithelial,699.3106079101562,177.7487030029297,0.0
5452,lakgijkk-1,epithelial,689.7642822265625,225.6016998291016,0.47245460748672485
5457,lamamhpn-1,epithelial,659.9005737304688,223.0032958984375,0.44606852531433105
5459,lampjkbc-1,epithelial,672.5220947265625,232.47366333007807,0.30581140518188477
5460,lanbjejj-1,epithelial,679.4908447265625,225.58084106445312,0.0
5462,lancfemj-1,epithelial,703.93212890625,205.5529022216797,0.7496672868728638
5463,laohnoke-1,fibroblast,695.1712036132812,196.51109313964844,0.0
5465,lapbflmp-1,epithelial,691.730712890625,206.71913146972656,0.28095752000808716
5466,lapjdkne-1,epithelial,686.9368896484375,197.69688415527344,0.0
5470,lbbmmkno-1,epithelial,715.6918334960938,353.3229064941406,0.5949915051460266
5511,lcgkggej-1,epithelial,599.06884765625,267.0068664550781,0.0
5512,lcgkkdfb-1,fibroblast,606.6771240234375,306.20391845703125,2.7850120067596436
5514,lchieoie-1,fibroblast,604.2872314453125,297.6428527832031,2.3475120067596436
5516,lchobjfo-1,epithelial,659.180419921875,180.29649353027344,0.0
5521,lckfgcjn-1,epithelial,637.2025146484375,190.24713134765625,0.6479916572570801
5524,lclhogdm-1,epithelial,661.8626098632812,214.8756561279297,0.0
5531,ldaahaei-1,fibroblast,745.590576171875,45.57167434692383,2.5458920001983643
5532,ldboejlo-1,fibroblast,744.5863037109375,35.837493896484375,2.3547301292419434
5533,ldciaglc-1,epithelial,775.9668579101562,13.894055366516112,0.0
5534,ldcjcoon-1,fibroblast,766.3668212890625,26.73000144958496,0.0
5535,ldcnheje-1,fibroblast,759.35302734375,10.394530296325684,2.4537253379821777
5536,lddanmkf-1,fibroblast,767.7640380859375,17.25200653076172,2.367048740386963
5537,lddhccmn-1,epithelial,768.8134765625,84.31739044189453,0.0
5540,ldenbkhh-1,fibroblast,756.6664428710938,23.154603958129883,2.1381583213806152
5541,ldfdhhgn-1,epithelial,788.3934326171875,23.007429122924805,0.0
5546,ldicobik-1,epithelial,800.21875,43.23329162597656,0.43434178829193115
5548,ldkdhejk-1,fibroblast,802.5731201171875,25.832921981811523,0.0
5550,ldlinfbe-1,epithelial,801.5747680664062,12.996044158935549,0.49084413051605225
5563,ledcmfjd-1,fibroblast,811.4373779296875,247.3096160888672,0.0
5576,lekeppjb-1,epithelial,863.8487548828125,324.1999206542969,0.0
5581,lenljlpi-1,epithelial,809.0159301757812,320.5662841796875,0.43871569633483887
5585,lepkbnbc-1,fibroblast,863.5184326171875,303.9646911621094,2.48166561126709
5589,lfbnhmda-1,epithelial,802.3553466796875,303.6097717285156,0.0
5598,lficandm-1,epithelial,819.5079956054688,183.9343414306641,0.585829496383667
5600,lfjhggkd-1,epithelial,804.72412109375,184.98838806152344,0.0
5607,lflhbelh-1,epithelial,855.125,106.15786743164062,0.0
5608,lfmmhgoo-1,epithelial,853.5274047851562,95.2984848022461,0.0
5612,lfnocfji-1,epithelial,844.6779174804688,114.11852264404295,0.5048350691795349
5614,lfpacpha-1,fibroblast,854.5043334960938,117.58592987060548,0.0
5615,lfpgocdl-1,epithelial,805.3348388671875,126.87417602539062,0.4124603271484375
5629,lggmoini-1,epithelial,779.9371948242188,118.6574249267578,0.21439191699028015
5630,lggnnnng-1,fibroblast,787.9777221679688,132.22732543945312,2.3935147523880005
5631,lghfbmdh-1,fibroblast,777.345458984375,133.37789916992188,2.3807921409606934
5632,lghfhhjh-1,epithelial,793.6488647460938,125.16597747802734,0.0
5634,lghipaao-1,fibroblast,796.9520874023438,133.47486877441406,0.0
5637,lgiopehf-1,epithelial,781.1766967773438,160.55674743652344,0.0
5638,lgjjpadn-1,endothelial,784.6949462890625,142.00958251953125,0.6354957222938538
5649,lgnlndnj-1,fibroblast,772.978515625,146.8222198486328,2.3995630741119385
5674,lhmlcjbk-1,epithelial,796.2407836914062,320.5067749023437,0.0
5681,lhpaialc-1,epithelial,792.057861328125,307.2923583984375,0.6308295726776123
5703,lilimodc-1,epithelial,773.4180908203125,226.21180725097656,0.8940800428390503
5710,lioffjhh-1,epithelial,785.2454223632812,230.9063720703125,0.0
5711,lipheecd-1,epithelial,795.4624633789062,232.3168487548828,0.0
5725,ljifeoep-1,epithelial,785.8870239257812,174.992431640625,0.0
5730,ljkaibpg-1,epithelial,786.0411376953125,197.44830322265625,0.33431124687194824
5732,ljlloeih-1,epithelial,790.9041137695312,190.42971801757807,0.21620383858680725
5738,ljmgnigc-1,fibroblast,603.1239624023438,66.33647918701172,0.0
5739,ljncpbda-1,epithelial,592.1629638671875,66.65386962890625,0.5567495822906494
5741,ljnphndi-1,epithelial,599.7033081054688,57.74713134765625,0.0
5743,ljoigikf-1,fibroblast,591.60791015625,89.80875396728516,0.0
5747,ljpdnkcc-1,fibroblast,666.5032958984375,112.16378784179688,2.292877674102783
5748,lkabjgca-1,epithelial,654.7179565429688,106.11131286621094,0.6126589179039001
5749,lkafoepd-1,epithelial,655.5142822265625,96.79157257080078,0.0
5750,lkaljobo-1,epithelial,656.8019409179688,110.31082153320312,0.6162855625152588
5753,lkbpkice-1,epithelial,640.6712036132812,113.37825012207033,0.6199804544448853
5755,lkckjgen-1,epithelial,648.0060424804688,112.85226440429688,0.0
5757,lkdjjihm-1,epithelial,657.1986083984375,61.924354553222656,0.4508867859840393
5774,lkkncbkk-1,epithelial,600.6952514648438,100.53346252441406,1.2138094902038574
5778,lklpcmkk-1,fibroblast,603.419677734375,108.12480926513672,0.0
5787,llahiomj-1,fibroblast,611.7720336914062,59.32198715209961,0.0
5789,llcfppnf-1,endothelial,607.0225219726562,76.47811889648438,0.668838620185852
5790,lleaedhc-1,fibroblast,622.944580078125,63.80295181274414,0.7707449197769165
5796,llhlnkan-1,epithelial,772.2053833007812,105.8649444580078,0.41514474153518677
5798,lljmficl-1,fibroblast,747.70703125,56.866947174072266,2.6440606117248535
5801,llkigpnp-1,epithelial,735.7408447265625,76.92070007324219,0.5641124248504639
5802,llklnkpf-1,fibroblast,721.3087768554688,55.21505355834961,3.043966233730316
5803,lllcchni-1,fibroblast,712.0520629882812,64.11466217041016,2.7302279472351074
5808,llmlbnjn-1,epithelial,689.3141479492188,76.26640319824219,0.0
5809,llnollmd-1,fibroblast,701.0065307617188,80.96170806884766,2.5072221755981445
5810,llomnnjd-1,fibroblast,669.17138671875,103.14269256591795,2.277508020401001
5811,llpcjlod-1,epithelial,704.331298828125,102.94732666015624,0.0
5812,llpidjfi-1,epithelial,661.2371215820312,98.23258209228516,0.0
5813,llppljkj-1,fibroblast,693.6153564453125,68.23721313476562,0.0
5814,lmagioho-1,epithelial,693.2451171875,62.51420211791992,1.264995813369751
5822,lmeligob-1,epithelial,605.7208251953125,48.5217170715332,0.0
5825,lmgpgokj-1,epithelial,625.0153198242188,53.86540222167969,0.0
5838,lnaagnbb-1,epithelial,695.19580078125,40.85896301269531,0.0
5840,lndicaek-1,fibroblast,709.937255859375,35.560726165771484,2.780117988586426
5841,lnehhcdi-1,fibroblast,721.19873046875,38.04690933227539,4.487606525421143
5842,lnehoapk-1,fibroblast,736.400634765625,37.30379486083984,2.661785364151001
5843,lnemejgo-1,fibroblast,736.3501586914062,22.162425994873047,5.026565790176392
5844,lnfhhlng-1,fibroblast,728.7677612304688,31.616350173950195,2.4872095584869385
5845,lnhapkem-1,fibroblast,701.13037109375,23.83631896972656,2.48166561126709
5846,lnhhnabo-1,fibroblast,698.5545654296875,32.710208892822266,2.239130973815918
5847,lnhnggpc-1,fibroblast,690.947021484375,24.977787017822266,0.0
5849,lniobdch-1,immune,685.0145263671875,18.46231842041016,0.0
5850,lnipmoid-1,fibroblast,673.2754516601562,25.929174423217773,0.0
5852,lnkibpdk-1,epithelial,669.5606079101562,22.77123641967773,0.0
5853,lnlljpah-1,epithelial,665.9757690429688,14.15337371826172,0.5386907458305359
5855,lnodbdmb-1,epithelial,680.6937866210938,24.9647216796875,1.276459813117981
5865,loimciep-1,fibroblast,657.4341430664062,11.432022094726562,0.0
5866,lojbngfj-1,immune,661.740478515625,42.65786361694336,1.0542445182800293
5868,lokhfhml-1,epithelial,665.60791015625,35.60953903198242,0.0
5870,lolaocpl-1,epithelial,655.3447265625,50.46875,0.0
5871,loldkobf-1,fibroblast,647.7764282226562,50.43257141113281,0.0
5874,londomng-1,epithelial,923.4928588867188,178.73846435546875,0.7020846605300903
5884,lpdaolff-1,epithelial,943.2530517578124,290.97869873046875,0.34217575192451477
5893,lpijjjhm-1,epithelial,952.9663696289062,310.468017578125,0.419100821018219
5901,lplibfje-1,epithelial,887.4992065429688,291.8551025390625,0.0
5902,lplidlee-1,fibroblast,898.6312866210938,227.8621368408203,0.0
5903,lpmahaeb-1,epithelial,891.576171875,235.10401916503903,0.7169110774993896
5905,lpmicidj-1,epithelial,872.1781616210938,305.5385437011719,0.0
5906,lpmikapo-1,epithelial,882.620849609375,299.3913269042969,0.6102776527404785
5917,maejicef-1,epithelial,1057.505615234375,400.06829833984375,0.0
5918,maenbibb-1,epithelial,1096.95654296875,439.342529296875,0.0
5923,majegjmo-1,epithelial,1097.5338134765625,486.6749877929688,0.3730999231338501
5924,majfbfbg-1,epithelial,1091.92236328125,503.5966796875,0.3730999231338501
5925,maldlpel-1,fibroblast,1101.6619873046875,496.3775634765625,0.0
5926,malfohjd-1,fibroblast,1097.33984375,512.7110595703125,1.0705640316009521
5929,mammaeob-1,epithelial,1023.0828247070312,494.4922790527344,0.0
5930,mamodkal-1,epithelial,1019.3563232421876,515.0614013671875,0.6056002974510193
5933,mapbjpfj-1,fibroblast,1000.3671264648438,480.1756591796875,0.0
5935,mapocpjk-1,fibroblast,1010.4520263671876,487.1265869140625,0.0
5937,mbbmgfpi-1,epithelial,1007.8953247070312,489.4445190429688,0.0
5940,mbffbabo-1,fibroblast,1067.698486328125,634.4810180664062,2.7295960187911987
5944,mbhaigna-1,immune,1087.1409912109375,730.4882202148438,1.1261790990829468
5954,mbmkjgmh-1,epithelial,1086.784423828125,718.9590454101562,0.0
5958,mbpdmajp-1,epithelial,1099.3155517578125,703.0614013671875,0.9093277454376221
5959,mbpiaeai-1,immune,1007.8538818359376,628.7564697265625,3.1733579635620117
5960,mcajmgll-1,immune,994.23681640625,631.4507446289062,0.0
5961,mcajpejn-1,immune,1011.7642822265624,653.8436889648438,0.785283088684082
5962,mcakgmca-1,fibroblast,1001.9644775390624,648.4451904296875,3.5283159017562866
5963,mcamlclc-1,fibroblast,1016.4329833984376,646.1458740234375,1.9242525100708008
5964,mcapmcgl-1,fibroblast,1011.5288696289062,637.3757934570312,3.525045394897461
5965,mcbgcjab-1,fibroblast,1013.4710693359376,677.338623046875,3.270002841949463
5966,mcbpbmem-1,fibroblast,1009.4988403320312,670.03515625,3.1010727882385254
5967,mccljofg-1,fibroblast,1009.9619750976562,661.2581787109375,1.1474864482879639
5972,mcdjhioe-1,epithelial,1004.9221801757812,662.6320190429688,0.0
5973,mcdkijie-1,fibroblast,1001.4221801757812,668.4525756835938,1.8213164806365967
5977,mceomefn-1,epithelial,1045.347412109375,680.068115234375,0.9646713137626648
5978,mcfkmpnn-1,immune,1044.9425048828125,694.5824584960938,1.3276740312576294
5981,mcgpmdal-1,fibroblast,1049.637451171875,700.6566162109375,0.0
5982,mchnhiio-1,fibroblast,1049.3953857421875,727.3545532226562,0.0
5983,mcigmifg-1,epithelial,1046.04150390625,719.4299926757812,0.0
5984,mcihipdo-1,epithelial,1044.8062744140625,710.7411499023438,0.0
5985,mcjkdoec-1,epithelial,1058.99658203125,707.2623291015625,0.0
5986,mcjofocn-1,epithelial,1054.4149169921875,670.2161865234375,0.7198336124420166
5988,mclheddg-1,epithelial,1059.5909423828125,672.4790649414062,0.0
5989,mclobjai-1,immune,1044.2935791015625,742.7640991210938,1.1786861419677734
5992,mcnjedpl-1,fibroblast,1022.8731079101562,689.8362426757812,3.7248839139938354
5993,mcolfoed-1,fibroblast,1037.583984375,722.694580078125,0.0
5994,mconidbn-1,epithelial,1039.2122802734375,693.7845458984375,0.7261231541633606
5996,mcpchloh-1,immune,1026.300537109375,737.8046875,1.864182472229004
5999,mdbbkblg-1,immune,1031.7969970703125,745.001708984375,1.2539825439453125
6000,mdblbaah-1,immune,1003.6165771484376,600.7952880859375,0.9156703948974609
6001,mdbnochf-1,immune,1011.3536987304688,596.3413696289062,0.6162855625152588
6002,mdcgajfm-1,fibroblast,1011.5877075195312,584.01513671875,2.809586524963379
6003,mdcmjhne-1,fibroblast,1003.8812866210938,552.1158447265625,2.6596603393554688
6004,mddcogmk-1,epithelial,1012.8278198242188,524.324951171875,0.0
6005,mddmggna-1,fibroblast,1006.528076171875,534.1583862304688,2.3823351860046387
6006,mddomipa-1,fibroblast,1004.0313720703124,564.3816528320312,3.4023278951644897
6007,mdehgioh-1,fibroblast,1000.7224731445312,558.7179565429688,2.7212719917297363
6009,mdepbhdk-1,fibroblast,1073.6256103515625,575.5404663085938,2.465468645095825
6010,mdgghhpf-1,fibroblast,1085.5257568359375,573.2476196289062,3.202845275402069
6011,mdhhemil-1,fibroblast,1095.8330078125,572.4679565429688,2.0234270095825195
6012,mdhmlhan-1,immune,1104.218505859375,565.3439331054688,0.0
6013,mdhnmfbn-1,endothelial,1057.354248046875,568.536865234375,0.6090978980064392
6014,mdhnnjof-1,immune,1101.7347412109375,627.1461181640625,2.8149967193603516
6015,mdhpobff-1,immune,1102.8614501953125,590.5489501953125,1.782236099243164
6016,mdieebpo-1,immune,1105.2979736328125,604.00146484375,0.9534173011779785
6017,mdigjbfh-1,immune,1102.222900390625,614.3269653320312,0.912480890750885
6018,mdiimmdb-1,immune,1121.662109375,622.3872680664062,0.6756474375724792
6019,mdjcdalo-1,fibroblast,1077.17822265625,595.6970825195312,2.1602203845977783
6020,mdjdmiil-1,immune,1083.47998046875,622.6484375,1.894822120666504
6021,mdjppkcg-1,immune,1089.495361328125,618.8563232421875,0.8102924823760986
6022,mdkiobbo-1,fibroblast,1073.2149658203125,589.491943359375,3.2665048837661743
6023,mdlifomg-1,immune,1069.390380859375,623.4266357421875,1.1013331413269043
6024,mdlilhcj-1,fibroblast,1061.130126953125,544.6329345703125,2.820995807647705
6025,mdllmnah-1,endothelial,1073.775146484375,561.8695068359375,0.3953162431716919
6026,mdmlaobe-1,fibroblast,1086.0111083984375,552.6918334960938,4.150360941886902
6027,mdnbbcao-1,epithelial,1023.4273071289062,521.6919555664062,0.4447057247161865
6028,mdneemje-1,fibroblast,1034.0340576171875,525.1882934570312,0.0
6029,mdnkpmhi-1,fibroblast,1029.2520751953125,542.0595092773438,2.2800300121307373
6031,meakdagd-1,immune,1035.1090087890625,598.530517578125,0.6644266843795776
6032,meamjolk-1,fibroblast,1042.0965576171875,611.4341430664062,1.630914330482483
6033,mebbbcdb-1,fibroblast,1035.9903564453125,628.1105346679688,2.796661853790283
6034,mebpgccp-1,immune,1019.9989624023438,629.296630859375,0.0
6036,medkkihc-1,fibroblast,1023.3675537109376,654.5079956054688,1.8547959327697754
6037,medmhnka-1,fibroblast,1028.3350830078125,570.0994873046875,1.8535363674163818
6039,meebnpmc-1,fibroblast,1024.8428955078125,579.7614135742188,3.083104908466339
6040,meemihip-1,fibroblast,1050.7569580078125,559.09765625,2.744037389755249
6041,mefnmfem-1,epithelial,1069.1051025390625,552.0654907226562,0.9607298374176025
6042,mehlhcbi-1,fibroblast,1073.87646484375,547.7044677734375,2.744037389755249
6043,meidcakd-1,fibroblast,1065.9298095703125,538.4658203125,2.636977434158325
6044,mejonpic-1,immune,1062.8927001953125,521.2493286132812,0.0
6045,mekinhjj-1,fibroblast,1103.874267578125,518.0277099609375,2.46945858001709
6046,mekipaka-1,fibroblast,1094.2138671875,523.6444091796875,2.2825675010681152
6047,melhfonp-1,fibroblast,1118.963134765625,516.3419799804688,2.3840694427490234
6050,mepjjpff-1,fibroblast,1123.1502685546875,559.9265747070312,5.126319885253906
6051,mepkjmpm-1,fibroblast,1107.19189453125,540.0656127929688,2.2842679023742676
6052,mepmknoe-1,fibroblast,1103.427978515625,557.7327270507812,4.339250564575195
6053,mepnppbp-1,epithelial,929.9848022460938,328.11505126953125,0.8324884176254272
6065,mfgeebnj-1,epithelial,878.8646240234375,358.5922546386719,0.0
6068,mfgogdci-1,fibroblast,948.39013671875,507.0195617675781,0.0
6069,mfhfcamd-1,fibroblast,944.117919921875,499.2746276855469,2.3369174003601074
6070,mfhjgkpd-1,fibroblast,883.7406005859375,706.0335083007812,3.6448779106140137
6071,mfhomaag-1,immune,872.241455078125,743.8831787109375,2.2733006477355957
6072,mfighmhj-1,fibroblast,894.4166870117188,742.9942016601562,0.0
6073,mfigphia-1,fibroblast,888.9067993164062,720.380859375,2.010129451751709
6074,mfihlgeh-1,immune,877.2271118164062,715.6420288085938,0.5007341504096985
6078,mfjhacif-1,immune,916.4093627929688,718.0842895507812,0.9534173011779785
6080,mflmeekn-1,immune,901.2940673828124,728.6593627929688,2.087660312652588
6081,mfmaajaf-1,fibroblast,907.3363037109376,719.553466796875,3.150959849357605
6082,mfmmcmdf-1,epithelial,936.3086547851562,707.0369262695312,2.3688361644744873
6083,mfnephda-1,immune,942.295166015625,690.1673583984375,0.0
6084,mfobijnm-1,fibroblast,935.4631958007812,689.7734985351562,0.0
6085,mfoihkeo-1,fibroblast,919.9166870117188,695.7135620117188,2.7681312561035156
6088,mfpchdid-1,epithelial,952.2702026367188,736.6305541992188,0.42506730556488037
6089,mfpmbhmp-1,epithelial,939.421142578125,738.8757934570312,1.047287106513977
6090,mfpmclah-1,epithelial,924.6934814453124,739.0848999023438,0.34128570556640625
6091,mgagggac-1,fibroblast,928.9431762695312,725.950927734375,0.0
6092,mgamfnme-1,fibroblast,930.4725952148438,721.5875854492188,0.0
6094,mgbpcohp-1,immune,933.386962890625,731.64111328125,2.1579906940460205
6095,mgclffmd-1,fibroblast,928.1406860351562,718.052978515625,0.0
6096,mgfilmde-1,epithelial,953.888427734375,723.6320190429688,0.8033219575881958
6098,mgflggjh-1,fibroblast,948.1253051757812,716.4437866210938,2.088268280029297
6099,mgfohghp-1,fibroblast,951.5859375,561.9097900390625,4.965238809585571
6100,mggagkif-1,immune,954.4449462890624,608.8047485351562,0.0
6101,mgggghjh-1,fibroblast,947.791015625,593.1898193359375,0.0
6103,mghdodik-1,epithelial,947.6356811523438,521.2688598632812,0.6943054795265198
6104,mghegogh-1,fibroblast,939.69287109375,656.37109375,2.8086495399475098
6105,mghkoghj-1,fibroblast,955.0272216796876,668.1448974609375,2.1393532752990723
6106,mgimnnpl-1,immune,953.9816284179688,646.9375610351562,2.1954562664031982
6107,mgkenlko-1,fibroblast,925.5549926757812,645.8582153320312,3.135707914829254
6108,mgkhgomb-1,fibroblast,919.4960327148438,650.3092041015625,2.4498844146728516
6109,mglbcfmc-1,fibroblast,945.5733642578124,662.9874267578125,1.9275248050689697
6110,mgmfmdfc-1,epithelial,935.7697143554688,524.7490844726562,0.3513127863407135
6111,mgmjbcpn-1,epithelial,922.391357421875,536.5061645507812,0.0
6112,mgmofbbn-1,fibroblast,917.1707763671876,544.4357299804688,2.149040699005127
6114,mgnocihb-1,endothelial,873.931396484375,537.1671752929688,0.6458532214164734
6115,mgoddfph-1,fibroblast,898.6591186523438,541.540283203125,2.672579050064087
6116,mgodepcl-1,fibroblast,884.727294921875,534.988037109375,2.406385898590088
6117,mgpcfhon-1,fibroblast,881.859375,540.836669921875,1.9679126739501953
6118,mgpjdlhg-1,epithelial,911.5069580078124,538.8776245117188,1.707366943359375
6119,mgpjdnji-1,fibroblast,937.2059326171876,547.8560180664062,0.0
6121,mhbadell-1,immune,937.9778442382812,567.0470581054688,0.5594708919525146
6122,mhbfnclm-1,immune,876.4429931640625,575.9513549804688,0.713738203048706
6123,mhbgdmlg-1,fibroblast,884.0093383789062,591.06689453125,2.3388590812683105
6124,mhbhkiie-1,fibroblast,881.514892578125,556.9778442382812,3.120483875274658
6125,mhbngjid-1,fibroblast,888.077880859375,552.7177124023438,3.1910455226898193
6126,mhcfoobc-1,fibroblast,870.4022827148438,560.6248779296875,2.406385898590088
6127,mhchnfjj-1,fibroblast,909.8566284179688,551.55712890625,2.852224826812744
6128,mhcpaboh-1,fibroblast,924.6959838867188,551.7250366210938,2.6173863410949707
6129,mhdliicn-1,fibroblast,910.1818237304688,561.4461059570312,2.7850120067596436
6130,mhekcfdl-1,fibroblast,901.4173583984376,553.4302978515625,2.711543560028076
6131,mhfahbjf-1,immune,896.6791381835938,635.0910034179688,0.8366707563400269
6132,mhfmlepn-1,fibroblast,896.6943359375,659.9425659179688,2.7681312561035156
6133,mhggbgeh-1,fibroblast,882.8720703125,650.88623046875,2.6502299308776855
6134,mhggkhnf-1,fibroblast,902.3630981445312,649.9642333984375,3.0930932760238647
6135,mhgkalki-1,fibroblast,913.9918823242188,693.0706176757812,2.434868335723877
6137,mhgldien-1,fibroblast,897.9402465820312,696.1680908203125,3.2202173471450806
6138,mhhihdjh-1,immune,907.4891357421876,697.0645141601562,0.0
6139,mhiablho-1,fibroblast,875.0020751953125,689.6779174804688,2.239130973815918
6140,mhikdlgp-1,epithelial,874.0904541015625,699.1708374023438,1.8712166547775269
6141,mhiodkge-1,fibroblast,868.786865234375,668.3245849609375,2.6791932582855225
6143,mhjobmdf-1,fibroblast,891.8618774414062,678.8023681640625,1.87925124168396
6144,mhlgldgi-1,fibroblast,899.9285888671875,672.122802734375,2.543966054916382
6145,mhmgcndg-1,fibroblast,883.985595703125,670.9273071289062,2.3928513526916504
6147,mhmlkiki-1,endothelial,879.0353393554688,625.3107299804688,1.7362561225891113
6148,mhmlmnch-1,fibroblast,905.9756469726562,577.1571044921875,3.221810817718506
6149,mhneahei-1,immune,882.7354125976562,641.5271606445312,1.7358992099761963
6150,mhnfakga-1,fibroblast,907.3189086914062,640.280517578125,3.5440725088119507
6151,mhnhakio-1,immune,874.2474365234375,495.5835266113281,1.6002428531646729
6153,mhogaakd-1,epithelial,879.6681518554688,461.5348205566406,0.554065465927124
6154,mhogcecd-1,epithelial,881.1480712890625,470.8140563964844,1.4199652671813965
6155,mhpjkknb-1,epithelial,876.6876831054688,455.1661376953125,0.6479916572570801
6159,miadliha-1,fibroblast,871.44921875,530.7030029296875,2.840235710144043
6163,midajmjo-1,epithelial,905.2412109375,532.115478515625,0.3439684212207794
6166,mieomnmb-1,fibroblast,883.2161254882812,491.1380920410156,0.595466136932373
6169,migcinjl-1,epithelial,891.2822875976562,459.6245422363281,0.9804241061210632
6173,miijaogd-1,epithelial,894.4297485351562,475.6626281738281,0.2613684833049774
6174,miildddo-1,epithelial,890.1585083007812,488.1321105957031,0.6275851726531982
6176,mijlamka-1,fibroblast,914.3141479492188,611.8456420898438,2.9136417508125305
6177,mijobhlm-1,fibroblast,917.4796752929688,639.450439453125,2.820995807647705
6178,mikkglao-1,fibroblast,915.2902221679688,626.0509033203125,3.3596644401550293
6179,milakooh-1,epithelial,933.5015258789062,480.9457702636719,0.4272647202014923
6180,milhfkok-1,epithelial,945.72412109375,482.0357666015625,0.6237460374832153
6182,mimempdn-1,epithelial,936.8995361328124,488.2669982910156,1.8078029155731201
6183,mimicbgd-1,epithelial,953.43212890625,473.4989929199219,1.731715440750122
6185,mindpgab-1,fibroblast,926.732421875,580.7906494140625,2.696704626083374
6186,minmbelj-1,fibroblast,917.2256469726562,574.491455078125,3.668771743774414
6190,mipplkko-1,epithelial,875.4932861328125,364.8083190917969,0.5678693652153015
6202,mjgkpnim-1,epithelial,918.3701171875,404.5536193847656,0.4177730679512024
6210,mjjpegcf-1,epithelial,891.3258056640625,424.3798522949219,0.0
6211,mjjppioo-1,epithelial,899.7637329101562,423.2494201660156,0.3710135817527771
6216,mjmlffem-1,epithelial,943.1114501953124,406.23388671875,0.585829496383667
6220,mjobljeo-1,epithelial,951.057861328125,412.0751647949219,0.0
6230,mkdobngp-1,epithelial,1040.5435791015625,238.21473693847656,0.4416874945163727
6232,mkelhcpo-1,epithelial,1042.837646484375,341.15447998046875,0.7020846605300903
6235,mkfaibih-1,epithelial,1050.349609375,260.7340393066406,0.0
6238,mkgabdlj-1,epithelial,1036.95849609375,383.9298400878906,0.0
6241,mkgmiion-1,epithelial,996.2539672851562,313.6288757324219,0.41152113676071167
6251,mklopfep-1,epithelial,1041.5084228515625,377.7614135742188,0.4967176914215088
6260,mkpjhaji-1,epithelial,986.9910278320312,312.13360595703125,0.0
6261,mkpplehe-1,epithelial,980.9992065429688,303.26300048828125,0.5436826944351196
6271,mldamgnk-1,immune,975.793701171875,595.0045166015625,2.6778903007507324
6272,mldccmhj-1,fibroblast,969.1033935546876,630.4754638671875,2.775923013687134
6273,mledmgim-1,fibroblast,964.3179931640624,608.2045288085938,0.704934298992157
6277,mlilphlk-1,epithelial,963.4139404296876,739.0036010742188,0.4851425290107727
6278,mljbmhad-1,fibroblast,977.3137817382812,703.4194946289062,2.2981314659118652
6279,mljchooh-1,fibroblast,976.0499877929688,664.7407836914062,1.836120367050171
6280,mllipbgh-1,immune,973.6304931640624,688.079833984375,0.44319069385528564
6282,mlmcmhob-1,fibroblast,962.0532836914062,659.6409912109375,2.512528896331787
6283,mlmeibpn-1,fibroblast,960.0653686523438,683.8973388671875,2.1835384368896484
6284,mlmldagd-1,fibroblast,966.8853149414062,668.9788818359375,3.500810980796814
6285,mlnocnbk-1,endothelial,976.4475708007812,527.3952026367188,0.9764008522033691
6286,mlnolppd-1,fibroblast,961.8347778320312,528.3814086914062,0.0
6287,mlpilhjd-1,fibroblast,965.26123046875,503.1552429199219,2.820995807647705
6288,mmafccmj-1,fibroblast,962.5848999023438,558.0859985351562,3.9155502319335938
6289,mmalodco-1,immune,960.4021606445312,575.4534912109375,2.2675371170043945
6290,mmambpai-1,immune,966.468505859375,569.7157592773438,1.731715440750122
6291,mmcecbai-1,fibroblast,977.1538696289062,561.080322265625,4.1684606075286865
6292,mmchenom-1,fibroblast,986.095458984375,552.1203002929688,4.223157525062561
6293,mmdgoiaj-1,fibroblast,993.1240844726562,555.660888671875,2.538241386413574
6294,mmdkjipk-1,fibroblast,988.9679565429688,563.024169921875,4.621372938156128
6295,mmegciem-1,immune,995.2806396484376,541.3193359375,1.276459813117981
6296,mmgcmcnk-1,fibroblast,988.713134765625,539.3316040039062,2.553687572479248
6297,mmgjnmoh-1,immune,980.493896484375,546.6226196289062,0.7289309501647949
6308,mmjmmclh-1,epithelial,965.5299072265624,415.2510986328125,0.4947400689125061
6314,mmniejeg-1,epithelial,984.4124755859376,327.24176025390625,0.38611900806427
6317,mmonchhg-1,epithelial,988.1358032226562,319.3051147460937,0.0
6327,mnglfkhd-1,epithelial,932.3871459960938,41.53116226196289,0.0
6334,mnllaalk-1,epithelial,923.8231201171876,43.82944488525391,0.5353365540504456
6335,mnmhephn-1,epithelial,921.7203369140624,31.746585845947266,0.330917626619339
6341,mnpafojl-1,epithelial,1066.02099609375,137.6697540283203,0.44932299852371216
6353,modpkhlh-1,epithelial,1068.63623046875,86.89283752441406,0.573675274848938
6356,mofeicfm-1,epithelial,1076.24267578125,84.19342803955078,0.0
6370,mokdadom-1,fibroblast,1023.7861938476562,14.443194389343262,2.3547301292419434
6373,molbahnp-1,epithelial,994.7166748046876,7.623578071594238,0.4851425290107727
6377,mongalgb-1,fibroblast,1011.0154418945312,13.038188934326172,2.4203808307647705
6378,monjcjda-1,epithelial,1002.4533081054688,25.99312973022461,0.0
6396,mpiilbid-1,epithelial,1154.607666015625,284.0077819824219,0.7151179909706116
6397,mpimbaij-1,epithelial,1159.0938720703125,292.9847717285156,0.0
6400,mpkheklb-1,fibroblast,1207.1368408203125,619.819580078125,0.44546765089035034
6402,mpldponc-1,epithelial,1215.4398193359375,654.4512939453125,0.44319069385528564
6403,mplfhmah-1,epithelial,1205.5794677734375,677.374755859375,0.0
6404,mplhbcbe-1,fibroblast,1220.232666015625,672.5203247070312,2.351266026496887
6405,mpmcmdag-1,fibroblast,1222.6435546875,682.5446166992188,2.6225350499153137
6410,mpnpffmd-1,fibroblast,1213.787841796875,606.5863037109375,3.097009062767029
6414,mppcphna-1,epithelial,1193.003662109375,727.5150146484375,0.0
6416,nabbhkii-1,epithelial,1223.92724609375,707.1881713867188,0.4286596179008484
6420,nacjjcpd-1,epithelial,1198.8505859375,711.583740234375,0.0
6421,nadehcih-1,fibroblast,1205.83984375,697.0772705078125,2.4417834281921387
6424,naehbial-1,epithelial,1161.5863037109375,743.5798950195312,1.0820001363754272
6427,naelhecf-1,fibroblast,1166.1817626953125,606.0963745117188,2.6596603393554688
6428,naeohecc-1,epithelial,1159.6392822265625,625.9468383789062,0.6479916572570801
6429,nafgghei-1,fibroblast,1175.044677734375,623.98681640625,2.257871150970459
6430,nagknhcg-1,fibroblast,1159.6734619140625,608.651123046875,2.5738468170166016
6436,naiebbnh-1,epithelial,1198.230224609375,647.6215209960938,0.0
6438,nakffkln-1,fibroblast,1187.55615234375,656.3193359375,0.6569399833679199
6439,nakhckki-1,fibroblast,1194.8648681640625,668.2591552734375,2.2291165590286255
6440,namckfga-1,epithelial,1182.871337890625,668.4305419921875,0.5685535073280334
6442,nankocjo-1,epithelial,1181.6087646484375,488.8242492675781,1.2233251333236694
6443,nanpfkpb-1,fibroblast,1188.11669921875,488.936767578125,0.0
6447,napgdiin-1,fibroblast,1205.2496337890625,528.9489135742188,2.0940842628479004
6448,napomnoc-1,immune,1216.494384765625,543.4932250976562,2.7156331539154053
6449,nappnllf-1,immune,1201.541015625,552.496826171875,2.0331034660339355
6450,nbailjke-1,fibroblast,1199.0985107421875,538.4348754882812,2.129889965057373
6451,nbaooklg-1,immune,1186.9285888671875,543.8035888671875,2.1412227153778076
6452,nbboccfi-1,fibroblast,1174.2138671875,546.3245239257812,2.6660690307617188
6453,nbbomcmb-1,fibroblast,1178.4029541015625,528.9913330078125,2.3198447227478027
6455,nbdcdmfo-1,fibroblast,1195.5797119140625,517.3089599609375,2.434868335723877
6456,nbdhgioh-1,epithelial,1222.608154296875,498.8489074707031,0.35797953605651855
6457,nbdiobad-1,fibroblast,1202.05126953125,508.4175720214844,0.0
6461,nbgcklpe-1,epithelial,1167.568359375,464.7561340332031,0.0
6462,nbgkhinh-1,epithelial,1161.1602783203125,449.9464111328125,0.0
6470,nbldnbil-1,epithelial,1144.0755615234375,656.3031005859375,0.3979164958000183
6480,nbpikhaf-1,fibroblast,1164.0780029296875,596.18701171875,0.6884234547615051
6481,ncabddka-1,epithelial,1157.3809814453125,613.635498046875,0.0
6482,ncbfklea-1,fibroblast,1180.76025390625,614.8026123046875,3.2806957960128784
6483,ncbkkeoc-1,fibroblast,1171.3187255859375,617.3737182617188,3.627285599708557
6484,ncbmccpj-1,fibroblast,1132.157470703125,617.0699462890625,0.0
6485,ncbpiabh-1,fibroblast,1134.91357421875,598.98291015625,2.7899646759033203
6486,ncbplofa-1,fibroblast,1149.431640625,613.5510864257812,0.0
6488,nccbabhf-1,fibroblast,1143.7335205078125,603.0686645507812,2.590715169906616
6489,ncccglfg-1,epithelial,1135.92919921875,544.10009765625,0.0
6490,nccdmgkg-1,fibroblast,1134.65576171875,569.5958251953125,2.692748546600342
6491,ncchgige-1,fibroblast,1134.2474365234375,587.6477661132812,2.5107524394989014
6492,nccmjjfc-1,fibroblast,1125.646728515625,598.4346923828125,0.0
6493,ncdkabhk-1,fibroblast,1143.9803466796875,550.5399169921875,0.0
6494,ncfikomc-1,immune,1163.1551513671875,576.5021362304688,0.7734783887863159
6495,ncfnbmad-1,immune,1173.5521240234375,577.9500732421875,2.21600341796875
6496,ncfpcfbb-1,fibroblast,1151.5709228515625,582.0835571289062,4.349609851837158
6498,nchenpno-1,immune,1163.8680419921875,569.7852783203125,2.921034097671509
6499,nchgennf-1,immune,1160.689453125,562.6279296875,2.1408820152282715
6500,nchkclij-1,fibroblast,1168.6336669921875,481.244873046875,0.0
6501,nciaebfn-1,endothelial,1158.4014892578125,478.9418640136719,0.8261768817901611
6504,ncjibodg-1,fibroblast,1135.1112060546875,527.43603515625,0.6567858457565308
6506,nclbpogm-1,fibroblast,1165.8427734375,535.476806640625,1.9026706218719482
6508,ncmbbhim-1,fibroblast,1172.7335205078125,495.0456237792969,1.4875186681747437
6511,ncnemfje-1,epithelial,1192.425048828125,457.7541198730469,0.4177730679512024
6512,ncnmdofa-1,epithelial,1176.6407470703125,470.283203125,0.37520939111709595
6517,ncpkamig-1,fibroblast,1159.2628173828125,405.6358947753906,0.0
6524,ndekdcpo-1,epithelial,1204.3603515625,315.9331970214844,0.5026859641075134
6543,ndlinpio-1,epithelial,1035.843994140625,169.22723388671875,0.0
6553,ndppahog-1,epithelial,1018.27783203125,155.36846923828125,0.5501070618629456
6554,neadebkb-1,epithelial,1008.2496337890624,149.4105987548828,0.37205392122268677
6559,nebpboia-1,fibroblast,1102.2432861328125,451.0409240722656,0.0
6563,nednigij-1,epithelial,1027.778564453125,243.32894897460935,0.43741554021835327
6568,nehjdbgi-1,epithelial,1047.514404296875,313.8554382324219,0.4416874945163727
6570,neiehldf-1,fibroblast,1081.6317138671875,290.7618103027344,0.0
6579,nelanipi-1,epithelial,1067.8323974609375,256.3031921386719,0.46897655725479126
6598,nfgimcfn-1,epithelial,997.0612182617188,233.41140747070312,0.458901047706604
6600,nfjjeagk-1,epithelial,1020.7758178710938,211.6650390625,0.0
6601,nfjphfoo-1,epithelial,1031.9178466796875,206.6459503173828,0.35305267572402954
6603,nflajljf-1,epithelial,1033.4814453125,232.2855987548828,0.34760522842407227
6612,ngahdkbp-1,epithelial,970.5919189453124,125.79813385009766,0.0
6614,ngamhejj-1,fibroblast,974.0418090820312,112.4729461669922,0.0
6629,ngihjoem-1,epithelial,1102.4793701171875,115.829833984375,0.0
6634,nglckmem-1,fibroblast,1070.3714599609375,152.5148162841797,0.0
6643,nhabaodm-1,epithelial,1104.2021484375,125.3763427734375,0.37841761112213135
6646,nhbaigfh-1,epithelial,1224.4405517578125,201.78858947753903,0.39181554317474365
6648,nhcbmibb-1,epithelial,1219.7042236328125,213.03929138183597,0.3251210153102875
6651,nheffoha-1,fibroblast,1138.432373046875,208.2312774658203,0.0
6655,nhfkfpdk-1,epithelial,1173.8006591796875,201.32025146484372,0.0
6658,nhglebab-1,fibroblast,1179.3424072265625,206.480712890625,0.0
6663,nhjfpanc-1,endothelial,1076.2362060546875,297.4742736816406,1.6757614612579346
6664,nhkdhkij-1,epithelial,1090.6424560546875,257.1865234375,0.4834023714065552
6665,nhkjejpm-1,epithelial,1087.9210205078125,249.05992126464844,0.0
6666,nhkmekgg-1,epithelial,1087.674072265625,240.0829620361328,0.0
6683,nieceeoc-1,fibroblast,1188.317138671875,193.9560546875,2.134594440460205
6684,niepicgj-1,fibroblast,1176.287841796875,186.8856506347656,1.797149896621704
6688,nifngego-1,epithelial,1154.1207275390625,183.2735595703125,0.0
6689,nigeplke-1,epithelial,1140.2261962890625,171.2617950439453,0.5210303068161011
6693,nikeioib-1,fibroblast,1159.943115234375,197.27001953125,0.7549808621406555
6695,nikomnmf-1,epithelial,1134.80810546875,214.4841766357422,0.5048350691795349
6696,nilbmjoe-1,epithelial,1144.95068359375,204.9855194091797,0.0
6698,nilgeaip-1,epithelial,1131.717041015625,221.60829162597656,0.6237460374832153
6701,nimiaibm-1,epithelial,1135.2451171875,129.26051330566406,0.36189621686935425
6702,nimkallc-1,fibroblast,1155.709228515625,172.98512268066406,0.0
6704,ninejcom-1,epithelial,1137.6810302734375,146.0094451904297,0.2950236201286316
6706,nioeahie-1,epithelial,1155.7974853515625,135.80528259277344,0.44319069385528564
6707,niojcjab-1,epithelial,1152.37841796875,130.41424560546875,0.0
6714,njekcadg-1,epithelial,1117.736572265625,49.9288330078125,0.0
6715,njfeplej-1,epithelial,1099.778076171875,39.44673538208008,0.5133049488067627
6723,njjcocpn-1,epithelial,1211.867919921875,122.42975616455078,0.26908066868782043
6730,njonhafe-1,epithelial,1204.2216796875,93.39280700683594,0.0
6731,njpadcfb-1,epithelial,1200.82666015625,101.92244720458984,0.4851425290107727
6742,nkcnogha-1,fibroblast,1137.355224609375,8.732088088989258,2.358795404434204
6743,nkebmobe-1,fibroblast,1149.21630859375,6.916560649871826,2.7850120067596436
6749,nkhmdmbf-1,immune,1128.9083251953125,102.71186065673828,1.9258478879928589
6752,nklfgjjn-1,fibroblast,1163.308837890625,11.01833438873291,0.47779127955436707
6755,nkmlglkl-1,fibroblast,1213.5072021484375,61.54167556762695,2.5161056518554688
6756,nknglndm-1,fibroblast,1199.4560546875,75.97520446777344,0.0
6758,nkoknaeb-1,fibroblast,1205.580810546875,35.69020080566406,2.7990317344665527
6759,nkpcndjh-1,fibroblast,1219.3431396484375,40.40425109863281,2.759042739868164
6760,nkphiofl-1,fibroblast,1196.2164306640625,20.70273208618164,2.212533950805664
6763,nlaomnpc-1,fibroblast,1192.889892578125,25.70838928222656,1.9405467510223389
6766,nlbgibdp-1,epithelial,864.5574951171875,339.0228881835937,0.0
6767,nldbeegl-1,epithelial,857.7796020507812,339.8040771484375,1.8487765789031982
6781,nlkjbkpd-1,epithelial,820.9411010742188,361.6842956542969,0.0
6782,nlldhdgp-1,epithelial,814.9322509765625,356.9010009765625,0.0
6783,nllhpfmm-1,epithelial,820.4678344726562,349.7950134277344,0.3988819420337677
6785,nlmnlhhj-1,epithelial,830.5838623046875,347.4306945800781,0.43434178829193115
6787,nlnflnlf-1,fibroblast,784.9701538085938,599.8330688476562,2.367048740386963
6788,nloedagd-1,fibroblast,794.3165893554688,642.3863525390625,2.8263811469078064
6789,nloehnde-1,fibroblast,789.1902465820312,626.1693115234375,3.374738335609436
6790,nlojbomi-1,fibroblast,795.3694458007812,652.9739990234375,2.5303163528442383
6791,nlondmnk-1,fibroblast,784.6822509765625,679.8135375976562,3.003476142883301
6792,nlpadken-1,fibroblast,796.38623046875,680.3772583007812,2.0456478595733643
6793,nmahclkn-1,immune,786.6598510742188,649.7197265625,1.059578776359558
6794,nmbilpjk-1,fibroblast,803.1307373046875,622.0592041015625,2.456047296524048
6795,nmbniigc-1,fibroblast,802.7145385742188,663.7867431640625,2.149040699005127
6796,nmcbpcgl-1,fibroblast,814.6538696289062,648.4092407226562,4.24901556968689
6797,nmcdadle-1,immune,803.9690551757812,638.958984375,2.207821846008301
6798,nmcgmlhd-1,fibroblast,823.1187744140625,613.1936645507812,5.0867815017700195
6799,nmclklch-1,fibroblast,827.3651123046875,666.9571533203125,3.3452866077423096
6800,nmclndmi-1,fibroblast,815.71142578125,667.9361572265625,2.6227190494537354
6801,nmdfbfml-1,immune,827.9324951171875,728.9598999023438,0.0
6802,nmdgnnba-1,fibroblast,829.7167358398438,714.4891357421875,2.6251115798950195
6804,nmehpkgb-1,fibroblast,855.4463500976562,724.1011962890625,0.9476690292358398
6806,nmfbbmif-1,fibroblast,865.3399047851562,718.6422119140625,3.750277042388916
6807,nmfijlke-1,fibroblast,841.03515625,728.6661376953125,1.1474864482879639
6809,nmfnhbbj-1,immune,848.03564453125,735.1305541992188,1.0242209434509277
6811,nmgdmmag-1,fibroblast,846.9163208007812,720.3468017578125,2.239130973815918
6812,nmggijkd-1,fibroblast,809.625,681.2742919921875,1.0542445182800293
6814,nmhlaomb-1,fibroblast,813.3950805664062,687.953369140625,0.595466136932373
6815,nmifggld-1,fibroblast,804.0610961914062,684.099365234375,3.0452476739883423
6816,nmjfjbnl-1,fibroblast,816.1277465820312,702.225341796875,2.437368154525757
6817,nmjkaenc-1,fibroblast,801.2184448242188,727.2255249023438,2.9579241275787354
6818,nmjnhmim-1,fibroblast,819.2937622070312,723.2640380859375,2.6660690307617188
6819,nmkkdbij-1,fibroblast,808.4661254882812,720.06884765625,4.956353187561035
6820,nmkmdgdl-1,fibroblast,806.0864868164062,707.6348876953125,2.860415458679199
6821,nmlggipc-1,immune,792.66162109375,691.3331909179688,2.0413858890533447
6822,nmmegiaf-1,fibroblast,785.5314331054688,725.6209106445312,4.18450665473938
6823,nmnhheng-1,fibroblast,786.8641357421875,715.637451171875,3.1650075912475586
6824,nmnknhlb-1,fibroblast,785.257080078125,707.9200439453125,2.4498844146728516
6825,nmnphobe-1,immune,863.546142578125,626.2406005859375,0.36189621686935425
6826,nmpfomph-1,fibroblast,865.7811279296875,641.1795043945312,4.352166652679443
6827,nnbhnpbf-1,immune,854.3871459960938,629.4495849609375,1.2486340999603271
6828,nncjkcej-1,endothelial,860.55615234375,615.2413940429688,0.5143899917602539
6829,nndekagg-1,fibroblast,865.8331909179688,699.89892578125,0.0
6830,nndnmgke-1,fibroblast,853.43994140625,701.2488403320312,2.2981314659118652
6831,nneeokje-1,fibroblast,857.7149658203125,691.7651977539062,2.796661853790283
6832,nnfeecob-1,fibroblast,841.3890380859375,653.7138671875,2.134594440460205
6833,nnfhpicl-1,fibroblast,845.0609741210938,683.1375122070312,2.3547301292419434
6834,nnfppghd-1,fibroblast,852.5848999023438,680.6917724609375,2.711543560028076
6835,nngkcdap-1,fibroblast,853.198974609375,674.9935302734375,2.6290290355682373
6837,nnhhanah-1,fibroblast,841.0657958984375,666.5472412109375,2.0180559158325195
6838,nnhmmhcc-1,fibroblast,836.25927734375,635.777587890625,2.6989188194274902
6839,nnihbpmg-1,fibroblast,823.716796875,638.6867065429688,4.207808256149292
6840,nnihdblo-1,fibroblast,834.4381103515625,607.1973876953125,2.204038143157959
6841,nnihnebg-1,fibroblast,851.8150024414062,612.4053344726562,2.849680185317993
6844,nnjdkkoa-1,fibroblast,842.2313842773438,612.2827758789062,2.5738468170166016
6846,nnkailfm-1,immune,859.0665283203125,597.8377075195312,1.1161057949066162
6847,nnkajigk-1,fibroblast,865.605224609375,580.0654296875,3.1019314527511597
6849,nnkeilmf-1,fibroblast,852.133544921875,519.351318359375,2.1957147121429443
6850,nnkklbbm-1,epithelial,842.3529052734375,520.8814697265625,0.0
6853,nnojoked-1,fibroblast,846.41748046875,524.10107421875,2.4203808307647705
6855,nnpadbgp-1,fibroblast,812.1154174804688,577.4949951171875,2.840235710144043
6856,nnpcefoc-1,epithelial,812.4100341796875,551.1644897460938,0.0
6860,noainohd-1,fibroblast,820.7620849609375,544.2952880859375,1.9494655132293701
6861,nobghodj-1,fibroblast,816.52685546875,592.86328125,2.501404285430908
6862,nocofiip-1,fibroblast,829.1277465820312,593.2874145507812,5.629363775253296
6863,nodcndhd-1,fibroblast,827.5112915039062,557.4330444335938,2.820995807647705
6865,noehcjfn-1,fibroblast,842.664794921875,540.3099975585938,2.5950422286987305
6866,noelcdmi-1,fibroblast,840.1288452148438,527.9072875976562,2.3995630741119385
6867,noenfanj-1,fibroblast,862.6156005859375,531.5096435546875,2.747354209423065
6868,nofbajhg-1,fibroblast,857.1140747070312,540.606201171875,2.280874013900757
6869,nofegdcj-1,immune,858.5457153320312,530.5517578125,0.922801673412323
6870,nofgifml-1,immune,862.5969848632812,548.1163940429688,2.526718854904175
6871,nofjoome-1,fibroblast,840.1870727539062,573.5662841796875,2.5896403789520264
6872,nofoakig-1,immune,843.1828002929688,561.2327270507812,0.0
6873,nogbkbcn-1,fibroblast,826.826171875,570.1802368164062,2.3198447227478027
6874,nogjgljk-1,fibroblast,829.6969604492188,577.1629638671875,4.48813009262085
6876,noibhlnc-1,fibroblast,861.9155883789062,566.7637939453125,3.1131662130355835
6877,noilnmmc-1,fibroblast,867.4010620117188,574.70654296875,2.171713352203369
6880,nonlngch-1,epithelial,811.9659423828125,536.9276733398438,0.0
6881,nonocfmj-1,epithelial,820.4322509765625,536.5722045898438,0.43954575061798096
6882,nopcddll-1,epithelial,803.6299438476562,531.0065307617188,0.43434178829193115
6883,nopfoebk-1,epithelial,815.1553955078125,513.4718627929688,0.36189621686935425
6888,npdimakn-1,epithelial,815.9127807617188,438.9778137207031,0.5090240240097046
6890,npeaiakd-1,epithelial,825.943603515625,467.30712890625,0.34128570556640625
6891,npecfdeb-1,epithelial,813.5496826171875,463.34381103515625,0.3872448801994324
6895,npekblhm-1,epithelial,807.9456787109375,451.8903503417969,0.5069183111190796
6896,npekpocd-1,epithelial,786.0384521484375,461.593994140625,0.536534309387207
6902,npgkpgjb-1,endothelial,855.3141479492188,512.7415771484375,0.8081007599830627
6904,nphbbjlj-1,fibroblast,844.155517578125,505.0628662109375,0.0
6905,nphjimmk-1,epithelial,834.5875854492188,469.1161193847656,0.0
6907,npjcgejg-1,epithelial,808.5814208984375,377.5084533691406,1.154965877532959
6908,npkbgbhj-1,epithelial,801.3930053710938,397.8128662109375,0.0
6909,npkcaihb-1,immune,808.8532104492188,385.2519836425781,2.039402961730957
6910,npkekppo-1,epithelial,797.547119140625,405.3022766113281,0.0
6911,npklcoim-1,fibroblast,787.8641967773438,406.8781433105469,0.0
6914,nplkeehi-1,epithelial,807.3095092773438,444.1007995605469,0.0
6915,npllhbfk-1,fibroblast,804.4827270507812,415.0640563964844,0.0
6916,npmiijof-1,epithelial,813.9935302734375,422.3646545410156,0.0
6917,npmogjcg-1,epithelial,808.9295043945312,420.01019287109375,0.8237501382827759
6920,npnfilgo-1,epithelial,851.3883666992188,431.3220520019531,1.3480784893035889
6921,oaaehgod-1,fibroblast,831.0626831054688,444.3746032714844,0.0
6922,oabaebjk-1,epithelial,827.658447265625,434.34564208984375,0.4638734459877014
6923,oabaifke-1,epithelial,842.9979248046875,410.8251953125,0.0
6925,oabidcgm-1,epithelial,826.60107421875,425.3806457519531,0.6090978980064392
6926,oaccfmie-1,epithelial,840.1552734375,419.9812622070313,0.3648872971534729
6940,oalbcepg-1,epithelial,710.1983032226562,635.6534423828125,0.0
6942,oalgjfla-1,epithelial,709.3004150390625,626.8673706054688,0.5439050197601318
6949,oapcflcm-1,epithelial,746.760009765625,619.516357421875,0.0
6952,obaclcjb-1,epithelial,694.9762573242188,590.6757202148438,1.3230301141738892
6953,obbobigm-1,epithelial,691.8406982421875,597.554443359375,0.0
6954,obbpgamo-1,fibroblast,720.9134521484375,547.952392578125,0.0
6955,obcahcpf-1,fibroblast,732.1607666015625,555.4463500976562,0.0
6957,obcekihe-1,epithelial,736.306640625,581.5971069335938,0.43724679946899414
6958,obcicloh-1,epithelial,717.3495483398438,557.9169311523438,0.0
6959,obcigilc-1,fibroblast,731.1575317382812,570.7911987304688,0.0
6960,obcppihe-1,endothelial,721.0275268554688,571.6409301757812,0.3906627297401428
6961,obebdbag-1,fibroblast,715.3888549804688,569.0531005859375,0.0
6962,obejcjfo-1,fibroblast,721.5950927734375,562.07080078125,2.476195812225342
6963,obeljefp-1,fibroblast,712.3812866210938,665.9771728515625,3.79809832572937
6966,obgbaoih-1,fibroblast,732.091064453125,734.423828125,2.7850120067596436
6967,obhbajfh-1,fibroblast,741.7354125976562,732.3701171875,2.984973669052124
6968,obhdpbgh-1,fibroblast,702.4306030273438,726.4506225585938,2.613577365875244
6969,obhmeedi-1,immune,719.8515014648438,743.0543212890625,0.8572632074356079
6970,obiohfda-1,fibroblast,717.43408203125,734.5284423828125,2.0752410888671875
6973,obkgenpo-1,epithelial,638.6320190429688,670.820556640625,0.0
6977,oblcloka-1,fibroblast,651.5629272460938,694.6981201171875,0.0
6981,obmemooo-1,epithelial,652.9320678710938,648.9556884765625,0.6395735740661621
6983,obncehfl-1,fibroblast,658.6683349609375,680.8955078125,0.0
6985,obpbfail-1,epithelial,666.1139526367188,675.6032104492188,0.0
6990,ocacjojf-1,epithelial,713.2100830078125,564.6253662109375,0.0
6994,ocakhhoa-1,epithelial,645.5634765625,651.8458251953125,0.0
7012,ocmakeen-1,immune,729.5307006835938,372.5120239257813,0.0
7013,ocmphjgc-1,epithelial,737.6312255859375,373.5230712890625,0.0
7021,oddbcnic-1,epithelial,776.8562622070312,401.41546630859375,2.0295004844665527
7022,oddemkol-1,epithelial,766.4996337890625,390.19482421875,0.0
7031,odimnaci-1,epithelial,767.9707641601562,552.9944458007812,0.6038745045661926
7033,odjahgne-1,epithelial,774.7931518554688,539.0050659179688,0.5362417697906494
7038,odldjkhj-1,epithelial,754.8143920898438,539.9024047851562,0.8260586261749268
7039,odljhelg-1,immune,769.7587890625,618.861083984375,1.7401206493377686
7040,odmbghlf-1,fibroblast,780.02783203125,657.7918090820312,2.8589963912963867
7041,odmgddhn-1,fibroblast,769.984130859375,641.7984619140625,2.208263874053955
7042,odonecbk-1,fibroblast,774.1118774414062,652.2310791015625,2.5282561779022217
7043,odpilaee-1,fibroblast,777.2924194335938,600.955810546875,2.4550139904022217
7045,oeaaiafa-1,immune,772.2692260742188,739.4036865234375,0.9592021703720093
7046,oeagfoao-1,fibroblast,785.3095703125,739.0892333984375,2.815352439880371
7047,oeaglnme-1,fibroblast,775.410888671875,712.8859252929688,1.8947129249572754
7048,oebjkelo-1,fibroblast,773.51171875,682.07177734375,2.1275577545166016
7049,oebniakc-1,fibroblast,773.2547607421875,695.267578125,4.464361190795898
7050,oecdbbbc-1,immune,774.4932861328125,685.2681884765625,2.496103286743164
7051,oeeggdme-1,epithelial,738.5516967773438,571.6452026367188,0.0
7052,oeengnnk-1,fibroblast,752.2421875,671.4503784179688,2.4098403453826904
7054,oegcleno-1,fibroblast,750.6262817382812,706.5555419921875,3.8926695585250854
7055,oegibeoh-1,fibroblast,747.5198974609375,692.2462768554688,2.866828203201294
7056,oegicghp-1,fibroblast,761.0709228515625,721.4718017578125,2.0180559158325195
7057,oegmiaon-1,fibroblast,756.0833129882812,683.8980712890625,2.6471335887908936
7058,oehdbmpe-1,fibroblast,749.2164916992188,649.3268432617188,0.6937749981880188
7060,oelndokn-1,immune,744.6165161132812,658.9696044921875,0.7188686728477478
7061,oelnneoe-1,immune,752.4959106445312,655.2484130859375,0.0
7062,oemefjdn-1,fibroblast,760.2476806640625,619.8935546875,2.321707010269165
7063,oenhmick-1,fibroblast,756.4650268554688,645.399169921875,3.4144551753997803
7064,oeniaajb-1,fibroblast,756.6524047851562,632.0809326171875,2.164726197719574
7065,oeoiikbp-1,fibroblast,760.3189697265625,600.1112060546875,0.0
7066,oepagecc-1,epithelial,753.435302734375,603.6923217773438,0.585829496383667
7069,ofbamnci-1,epithelial,775.9067993164062,571.6690673828125,0.8909770250320435
7072,ofcgegfg-1,epithelial,745.1257934570312,529.154541015625,1.5396921634674072
7074,ofdaoodb-1,epithelial,735.494873046875,530.4849853515625,0.7130478620529175
7078,ofefkgfl-1,epithelial,725.6282958984375,543.5450439453125,0.0
7082,ofgfkcok-1,epithelial,730.6415405273438,532.7623901367188,0.0
7095,oflmfjce-1,fibroblast,740.9730834960938,455.1071472167969,0.0
7101,ofolhheb-1,epithelial,769.5516357421875,514.6864624023438,0.0
7103,ogajbbmk-1,fibroblast,758.7186889648438,513.2001953125,0.0
7110,ogfjbpcg-1,epithelial,738.8782958984375,408.5564880371094,0.6183987259864807
7111,ogfpmdha-1,epithelial,726.5557861328125,478.2425842285156,0.4000852704048157
7112,oggbpbcm-1,epithelial,721.63525390625,470.9250793457031,0.4927824139595032
7113,oggfdamg-1,fibroblast,705.5888061523438,465.34912109375,0.0
7116,ogjgdloi-1,epithelial,710.374755859375,477.3204040527344,0.5988813638687134
7123,ogpfccdm-1,fibroblast,28.073223114013672,498.8338928222656,2.204038143157959
7124,ogpjhihj-1,fibroblast,188.94683837890625,351.63946533203125,2.802612066268921
7125,ohbjemib-1,fibroblast,177.72607421875,133.86082458496094,4.866644620895386
7126,ohchjkde-1,fibroblast,80.93133544921875,687.6005249023438,2.373349189758301
7127,ohcljmbg-1,fibroblast,203.54808044433597,696.5029296875,2.2876904010772705
7128,ohcpfmfc-1,fibroblast,197.7808837890625,717.3341064453125,2.498525857925415
7130,ohdmamfd-1,fibroblast,20.117734909057617,199.61373901367188,2.970327377319336
7133,ohihmckd-1,epithelial,532.78125,375.3444213867188,1.4712555408477783
7135,ohljbljd-1,epithelial,336.6780090332031,667.9519653320312,0.0
7138,ohnibohi-1,fibroblast,336.2906799316406,448.915283203125,3.127000331878662
7139,ohocklan-1,fibroblast,282.0335693359375,66.63838195800781,0.0
7140,ohpkkalc-1,fibroblast,386.59228515625,249.85769653320312,2.8673670291900635
7143,oiainibc-1,epithelial,626.8651123046875,523.6329345703125,0.0
7146,oienkbnm-1,epithelial,596.500732421875,72.90670013427734,0.0
7150,oihjceia-1,epithelial,957.7562866210938,111.3059539794922,0.8932527303695679
7151,oiibbach-1,epithelial,1199.364501953125,687.7733154296875,0.0
7154,oiolgill-1,fibroblast,827.7891845703125,628.8663330078125,2.5251846313476562
7155,oiopfaph-1,fibroblast,703.7122192382812,584.7866821289062,0.0
7159,ojaellgi-1,fibroblast,748.6305541992188,400.9465942382813,2.0823559761047363
